x1,x2,x3,x4,x5,x6,x7,x8,x9,x10,x11,x12,x13,x14,x15,x16,x17,x18,x19,x20,x21,x22,x23,x24,x25,x26,x27,x28,x29,x30,x31,x32,x33,x34,x35,x36,x37,x38,x39,x40,x41,x42,x43,x44,x45,x46,x47,x48,x49,x50,x51,x52,x53,x54,x55,x56,x57,x58,x59,x60,x61,x62,x63,x64,x65,x66,x67,x68,x69,x70,x71,x72,x73,x74,x75,x76,x77,x78,x79,x80,x81,x82,x83,x84,x85,x86,x87,x88,x89,x90,x91,x92,x93,x94,x95,x96,x97,x98,x99,x100,x101,x102,x103,x104,x105,x106,x107,x108,x109,x110,x111,x112,x113,x114,x115,x116,x117,x118,x119,x120,x121,x122,x123,x124,x125,x126,x127,x128,x129,x130,x131,x132,x133,x134,x135,x136,x137,x138,x139,x140,x141,x142,x143,x144,x145,x146,x147,x148,x149,x150,x151,x152,x153,x154,x155,x156,x157,x158,x159,x160,x161,x162
939312.4396635261,862667.7028403544,1.1552974603167048e7,3.9912651446009283e6,6.269105020871485e6,1.094967940903824e6,4.244668896477922e7,2.758698783044408e7,3.2946444017209414e7,4.609078874254411e7,3.0095718138738167e7,5.015780296145345e6,5.051534712426788e6,5.471578681044217e7,1.0540194682207273e8,8.94664749085249e7,1.3269119302270716e8,1.5078083318297435e7,2.796244806132976e7,6.521610684429839e7,3.2764428792047523e7,6.065040433002051e6,1.044439542395026e7,4.937722880115835e7,3.2228102605422277e7,1.2277277357305052e7,8.2449992483204575e6,9.462341727092301e6,1.0598762938016217e7,1.8369844885257315e7,1.6519752122692367e7,1.2874460984274141e7,60279.26696277278,486817.02130844496,475473.3845292712,3.4082348873428755e7,2.400114516201056e7,2.487763048519324e6,1.287801862649589e6,1.92012455918436e7,5.754713016100711e7,1.7883573533391733e7,1.978856095718617e7,5.920915071838859e7,7.515052589120998e6,4.202567043829378e7,5.156898257646387e6,2.281079922619136e7,1.1882267230452012e7,2.1631378662883624e7,8.138810248825204e7,3.3573892412829265e7,6.75154438491846e7,7.145156552973537e7,7.46747411864356e6,1.720459172075796e7,3.838486064908976e7,2.630160298542094e8,8.508683002456035e7,2.9556199043535036e8,2.781810085777029e8,4.7710030561007336e7,1.3139900962006009e8,3.691818552673785e8,3.626344073348422e7,3.957449673472942e7,5.509275094138717e7,3.415053898796521e7,1.0789330255535133e7,1.401827199123428e7,1.702939194576897e7,6.808681903930163e6,1.0185756697618392e6,1.0099096474701262e6,1.8740320598673664e7,4.6832812837573355e6,1.1407701315399854e8,2.6114619184000033e8,2.9355728136436943e7,2.958159155104268e7,6.551786814148223e6,4.005810825351777e8,2.04704319839652e8,2.1631387389017943e7,1.5783767829848593e7,2.9322496673894584e7,2.1027372683752418e8,1.0379771249196503e8,7.832293207612506e7,5.5916182088545695e7,3.2353273445136484e7,3.948247508975924e7,2.7080522573497736e8,6.0357832905692615e7,2.1106899878544163e7,4.166067631720455e7,3.810107031487513e8,1.6145183342719823e7,7.521269107314414e7,1.684630556568154e8,1.7642109881688014e8,9.704816203095862e7,1.4657330779348654e8,3.1506763389157508e7,1.8841414193713674e8,4.076818321076956e8,1.369597818270789e8,3.666842321809151e8,1.3770887370240363e8,4.4262340889113024e7,1.8936610145769683e8,1.3967119334891775e8,1.207676479922491e8,1.0401000497581428e8,8.285416656696497e7,7.986911911053279e7,7.589474144391625e7,1.4150112788852653e8,1.414634035161216e8,1.9321560394548256e7,2.3233864237325627e7,3.9819350531646574e8,7.417938550643244e7,2.441954075858305e7,2.9617347062838778e7,1.6055339007712178e7,1.6498664825935316e8,1.6560580933287448e8,7.202480170169888e7,1.5033675570736834e8,2.0799873812696505e7,7.810748527044496e7,3.266683771004511e8,9.891948709898846e7,2.341703407622566e8,5.3116358911003985e7,3.1336588763434973e7,1.0825053438742302e7,3.43500292976532e7,1.4652385732788295e7,3.78912648984868e7,1.647579391366143e8,3.2806128566991806e8,1.353654223119322e8,3.0545384957863007e7,1.2937816218364295e8,1.228758689191128e7,1.3969007766578717e6,2.312631617976807e8,1.4899284865473646e8,1.4448410530027455e8,9.821756623741162e7,5.3794874757437445e7,6.529799377677056e7,2.6693015142848864e7,3.1722901935325965e7,3.2774781922618825e7,1.2938072653664658e7,9.448210495008333e6,2.954159960392161e7,3.342260987785543e7,1.6777619945925663e6
2.2143078623571326e6,325062.39608733373,1.1390826024476282e7,3.489411450744563e6,5.421263318288085e6,806664.7035845148,3.710448133213559e7,2.4687740540368207e7,2.984808591365525e7,4.192376400857335e7,2.7074417929437544e7,6.640601867204905e6,5.533040859219163e6,5.9873340320082985e7,1.2466472253408785e8,1.0569596973362018e8,1.5663313823182246e8,1.7629284880053736e7,3.2224169055532154e7,7.673279745657308e7,3.909485578485055e7,7.787504850377167e6,1.2408471565279618e7,5.8221845645353936e7,3.7995557141928814e7,1.3806081188384159e7,9.436540690646142e6,1.036484873508528e7,1.161921487367552e7,1.9837601055052735e7,1.8231624008512676e7,1.5061858543679636e7,55949.393731224875,572381.7242905349,502502.5402342709,3.1373415561285198e7,2.3656379005399924e7,2.545071224476178e6,1.1881543692082607e6,1.70025689033042e7,5.8728626232860394e7,1.7159190963902067e7,1.93996706315318e7,5.740691158644877e7,7.298919805200073e6,4.0062249130393684e7,4.798820727387309e6,2.185630211807252e7,1.1389156518195212e7,1.9871894241112225e7,8.259855502039059e7,3.401384572163645e7,6.724820854794866e7,7.169497374159756e7,7.88790463489668e6,1.764696864824236e7,3.9775434296875656e7,2.7804296493528306e8,9.023513813530254e7,3.130445343195468e8,2.930807142009491e8,5.102534031737324e7,1.401086720376791e8,3.9304560238218933e8,3.894097480996018e7,4.195736961254347e7,5.8097422555553004e7,3.5525355132411e7,1.1630450204293657e7,1.5248215813668922e7,1.863933505833716e7,7.763787585485921e6,1.1167802067067937e6,1.1050485809282148e6,2.0466059967136156e7,5.173211427346294e6,1.1755063571796164e8,2.6900101673056334e8,2.9166507769342706e7,2.9358715185610052e7,6.518356119179262e6,4.0986817603879875e8,2.0951585220167443e8,2.213379145256038e7,1.6139176556535138e7,3.001527636408948e7,2.1543015981288505e8,1.0631271125636254e8,8.022884753096145e7,5.722972288968983e7,3.311358289850775e7,4.038956347632965e7,2.76628026234697e8,6.169394149365256e7,2.1584904787185747e7,4.2594902472506754e7,3.905283849792038e8,1.6527455023692017e7,7.76013122943353e7,1.7358220441953695e8,1.8189428935782915e8,1.0029795500193207e8,1.5047511168667555e8,3.2353029230631012e7,1.9373637050770378e8,4.184057007441691e8,1.4047959942955643e8,3.760757851487718e8,1.4041380835242003e8,4.4991476640408285e7,1.9171961950221497e8,1.419354568850715e8,1.2223288928891584e8,1.0620709090598725e8,8.345707004302008e7,8.048217896125054e7,7.616554018014553e7,1.412613476426014e8,1.4101509925267908e8,1.9299460755265374e7,2.3187656178043526e7,3.9706522094996476e8,7.396291237906577e7,2.433694053238673e7,2.950323125605173e7,1.5975834248993587e7,1.6510357247174227e8,1.6560451945279974e8,7.187725512957e7,1.5044044336074623e8,2.063106706462948e7,7.651343937764345e7,3.2492752812108845e8,9.83950365305008e7,2.3295633959247637e8,5.258963963532876e7,3.0781160402802363e7,1.0720009431025853e7,3.2751463961371202e7,1.3980265195658978e7,3.6116944510726415e7,1.5782689252503303e8,3.163297627654574e8,1.3157911904380372e8,2.9701660752638582e7,1.241696576837808e8,1.1605002281570863e7,1.3352947995823463e6,2.1757722939730173e8,1.4021244496571827e8,1.3548702712555814e8,9.258832479500382e7,5.0755788135447904e7,6.177036080481639e7,2.5396108172677282e7,2.961528029539789e7,3.0852396037768062e7,1.193259581028185e7,8.729645222057296e6,2.724501479710287e7,3.139583374702568e7,1.5644893606514374e6
2.9175127982149655e6,1.1206750593748828e6,4.066699312333362e6,2.7410264587898497e6,4.2324296643004995e6,712604.4603624129,3.331416196616736e7,2.131322932771699e7,2.4861534205373235e7,3.713712802962903e7,2.4867946768116783e7,3.589620824577242e6,4.923760266543447e6,5.287098949130322e7,8.912658776917222e7,7.69570250865319e7,1.121027940884052e8,1.236755954837776e7,2.3032212816726394e7,5.218502821422266e7,2.702151532305051e7,5.524940018656404e6,9.40130360696365e6,4.4043533419494204e7,2.989527087384681e7,1.0978963241805067e7,7.204848448515832e6,8.26831984531469e6,8.957250655863982e6,1.509724841929327e7,1.3311945067616373e7,9.373904772249898e6,43446.81361869596,298780.38652352686,325457.9656833123,2.252780475370566e7,1.6024578602446187e7,1.4125406817072576e6,542337.653729672,1.0865220800784755e7,4.285070780264389e7,1.298441401152232e7,1.4617466314261679e7,4.547021270215549e7,6.020444553276304e6,3.1662560987851296e7,4.265477938449302e6,1.876752190973355e7,9.737340184198638e6,1.814342722472093e7,6.486878953540649e7,2.6736742818253182e7,5.250624944516828e7,5.6253526293702535e7,6.202233245283301e6,1.3910554025907576e7,3.3147137053254187e7,2.403761361105083e8,7.827977662637149e7,2.707759714702996e8,2.5402787706801236e8,4.400940162814554e7,1.2292340331399187e8,3.435515130251743e8,3.3195381769160725e7,3.5259104308341995e7,4.964155852529675e7,3.054898555178433e7,9.62761480230211e6,1.2712112118086163e7,1.5136651278261885e7,6.482333624980295e6,956294.4330477088,959821.3796327364,1.7932257351243824e7,4.513086357189418e6,1.0065262339111249e8,2.3050952896637496e8,2.5481786935033266e7,2.5746489148096245e7,5.715196145768032e6,3.623737282742537e8,1.8533304290573132e8,1.9581751947933592e7,1.4282404006562361e7,2.656768111537483e7,1.903394927230705e8,9.404417166274029e7,7.0970846003028e7,5.051622616835437e7,2.923546682886289e7,3.567705970941464e7,2.446009989498052e8,5.45449879746135e7,1.9071589586833034e7,3.764959820249128e7,3.4442665254091835e8,1.4597262676038055e7,6.873490398324046e7,1.5346326784466812e8,1.6107560204643056e8,8.802408295814265e7,1.3221777882539614e8,2.844788753315394e7,1.7066798228804713e8,3.698254503358796e8,1.2414664635812865e8,3.3207833511999e8,1.2446600723150556e8,3.999696162279224e7,1.689508210809054e8,1.2519472675995217e8,1.087888081384231e8,9.342444323406729e7,7.358418106045592e7,7.09471277564031e7,6.790677021216568e7,1.2619517979930691e8,1.2606381765660667e8,1.723047717264811e7,2.0718472336039297e7,3.5406516826799643e8,6.603721666924968e7,2.173342846773394e7,2.6355099672177806e7,1.4290695340091668e7,1.4723586093734238e8,1.4764303913186055e8,6.377614808757276e7,1.3330928683484888e8,1.847683885133572e7,6.911968301890717e7,2.8832324865341973e8,8.72745244838502e7,2.068281655342411e8,4.672843052406729e7,2.7511406453312255e7,9.438253867916098e6,2.992524673282158e7,1.281579524071782e7,3.302968095069835e7,1.4398816455909494e8,2.8724059047592163e8,1.185714866725698e8,2.6529783815861262e7,1.115100552566765e8,1.0373015270999577e7,1.1591537978784495e6,2.0197381923584175e8,1.3027273144843218e8,1.266412310130641e8,8.59293247721384e7,4.700995383853682e7,5.721149236933833e7,2.326539153213672e7,2.729120951644836e7,2.8193162584779028e7,1.0911882837041274e7,7.9923295977862505e6,2.491652495095878e7,2.838238399592958e7,1.400633068827523e6
8.942259227072781e6,3.0457509948709807e6,2.431817349585091e7,557135.8798718795,319373.27564386633,633102.4341090128,1.2830099914804546e7,7.401063706320964e6,7.653469639334494e6,1.73422552217609e7,1.2936328982132228e7,9.919687652760725e6,5.562457532699371e6,5.9282869068044335e7,1.3139251188269009e8,1.1138634736815266e8,1.6419185376347417e8,1.7941612387873083e7,3.1432535414903365e7,7.96171026960758e7,4.2160074593918025e7,1.0029184806339378e7,1.3444887294171376e7,6.175696445703386e7,4.1107058449913554e7,1.3096428001742605e7,9.2083228505525e6,9.00999542263098e6,9.835881677591398e6,1.5671897395170186e7,1.5388400544747483e7,1.5735160927056648e7,13898.8462116731,670384.2364970705,360147.61432355014,7.192222153957307e6,1.1243384769084679e7,1.9050998084619872e6,1.0806378774244178e6,7.1983842044939e6,3.408246765958247e7,6.263087642634935e6,8.628959598638399e6,2.523511430876083e7,3.628370629098812e6,1.4903813661908012e7,2.367336347901307e6,1.129927449558367e7,5.808771381124189e6,1.034444995392987e7,4.9512308782285295e7,2.020428419720488e7,3.5428885907246605e7,3.999595385861033e7,5.82640941048494e6,1.1296337612172535e7,2.928300640482881e7,2.3708332031829754e8,7.831264671688196e7,2.6903465195687e8,2.479707434006425e8,4.516822402451909e7,1.2642145293368305e8,3.504567163441034e8,3.430818247148247e7,3.4471454442823954e7,4.807584485123593e7,2.8196616228563897e7,9.953002401858838e6,1.3607997256752856e7,1.6465333161308587e7,8.047670782629409e6,1.0619065089368916e6,1.0662514763659532e6,1.9896514407197833e7,5.169956657345554e6,8.894246239407633e7,2.035410625937251e8,1.959217192060264e7,1.982258234861384e7,4.450613867309239e6,3.228706414467167e8,1.654455963785818e8,1.7464675985907894e7,1.270793215650279e7,2.374739968237819e7,1.7032828691104624e8,8.419135547789009e7,6.3561485488268614e7,4.496940637202137e7,2.6033526811927892e7,3.172470285788602e7,2.165387248310998e8,4.8400386910724334e7,1.69429853084614e7,3.3435010247604232e7,3.080638419249859e8,1.3013727606199188e7,6.3408722184354424e7,1.4054021601066145e8,1.4815129263662896e8,8.086187400919582e7,1.1846788038209297e8,2.553553080658066e7,1.5436666861785108e8,3.333951235517183e8,1.1163287201442103e8,2.981969027671331e8,1.0974687967968196e8,3.496742026193744e7,1.434821471154794e8,1.0814445219889411e8,9.36236577591993e7,8.202176390162401e7,6.118147840043305e7,5.9072886526077576e7,5.655747952957956e7,1.0310540185878034e8,1.0246547030281043e8,1.4096524463116204e7,1.691154068966077e7,2.869308325617107e8,5.361517938668965e7,1.761559208925103e7,2.1329027159613788e7,1.1537738560912903e7,1.2118831559089395e8,1.210937166090582e8,5.142030913702226e7,1.0855671494632088e8,1.4741864748823743e7,5.305714166634829e7,2.290701920159719e8,6.929665274594261e7,1.6459466175277817e8,3.643758335065013e7,2.0915147887224145e7,7.242289933035172e6,2.079726713872659e7,9.016974942152822e6,2.2977230840815168e7,1.0193320344314216e8,2.073243331152656e8,8.732401917740452e7,1.9179802421270516e7,7.644798388854726e7,6.425848423354128e6,708110.3328486871,1.3786232124405614e8,8.9268104229851e7,8.694137779757744e7,5.915825259439852e7,3.2301277187154617e7,3.979343411916758e7,1.6117792394628521e7,1.7532149663349845e7,1.8387749009811547e7,6.398511570494547e6,4.753976286441138e6,1.4612857697422542e7,1.768515219647784e7,808757.4531430765
8.546923257900102e6,2.879455015509735e6,2.2849413530815277e7,557135.8798718795,162292.24124281324,557708.5453640566,1.364339701615117e7,8.23254797136796e6,8.85995490061902e6,1.855993365273729e7,1.3539881087436173e7,9.567555124896917e6,5.56298264028395e6,5.933083711085388e7,1.2972974210278675e8,1.100945942566187e8,1.6216468058231473e8,1.7721832957141157e7,3.1146972521894913e7,7.842017190067054e7,4.150221482967642e7,9.815052510930007e6,1.3299857466302535e7,6.115117595236993e7,4.074335623095754e7,1.3084003280567665e7,9.163104004592037e6,9.05231998697465e6,9.876526167274727e6,1.5791134548696674e7,1.5388771832665017e7,1.5403756317724967e7,16062.332638176116,647824.7478489036,357758.7305533055,7.613979541125358e6,1.1401359773944678e7,1.8396116391701258e6,999160.0368725889,6.361791825777122e6,3.490832601756061e7,6.759822515049781e6,9.1030013636841e6,2.692926762799709e7,3.8336134228912513e6,1.624143848453236e7,2.4963347889624056e6,1.189841955302491e7,6.125654161701478e6,1.0806875203068215e7,5.111332728915486e7,2.0876635816649817e7,3.6993000166213214e7,4.155804102384796e7,5.914354229516014e6,1.1599870895868845e7,2.984786068006861e7,2.3942349090421975e8,7.899910356176338e7,2.715486921172378e8,2.505721396770684e8,4.549530112164723e7,1.2724165687389706e8,3.52969501821378e8,3.455302739072986e7,3.486449001122953e7,4.863227302111178e7,2.8614708164021794e7,1.0030799165193351e7,1.368052507640196e7,1.654232654662223e7,8.016698379921862e6,1.0643873306686303e6,1.0682855117060884e6,1.993052283399714e7,5.169430324208389e6,9.057016805528773e7,2.0727076945658997e8,2.0147052294710696e7,2.037575022292684e7,4.570718877323108e6,3.2804640002212596e8,1.680697915757925e8,1.7742691576311234e7,1.2912202944892103e7,2.412095910660413e7,1.7301182139953026e8,8.550934685075855e7,6.455461377643898e7,4.569748590371824e7,2.6454094364971433e7,3.2239546619195655e7,2.2010974894763628e8,4.919066078013471e7,1.7218824973340236e7,3.397949295192845e7,3.129603995482811e8,1.3222572423139717e7,6.426104988064167e7,1.4251640413843766e8,1.5017570055652142e8,8.201262224733166e7,1.2036055066545014e8,2.5939115130743552e7,1.5670523065449747e8,3.3846241300380915e8,1.133511916215678e8,3.0283050429242873e8,1.115719280107277e8,3.556412115685608e7,1.463217978158245e8,1.1014007967668287e8,9.532152431412384e7,8.34499656779604e7,6.2489101868479416e7,6.03297997937921e7,5.771285366038014e7,1.0534343539126962e8,1.0472350926838347e8,1.4401814150181523e7,1.727957306459808e7,2.9337927849118364e8,5.480692046785437e7,1.8009084317602277e7,2.180737712696849e7,1.1797231775794009e7,1.2376885029248163e8,1.2370708205845985e8,5.261687247070057e7,1.1101082457140689e8,1.5085044555143312e7,5.440101477339571e7,2.3466113376806742e8,7.099366856714356e7,1.6858306626997897e8,3.7376003316390015e7,2.1483719310011994e7,7.443988287451289e6,2.144448991635054e7,9.285042931359645e6,2.3687401463880893e7,1.0499459833371904e8,2.1339608506692192e8,8.98336724229841e7,1.977900254146584e7,7.910799623395346e7,6.707720333158706e6,743550.659781752,1.4193072304748997e8,9.186586127001888e7,8.935857811275242e7,6.087537472192284e7,3.325507537999241e7,4.0937752588864975e7,1.6616082765569653e7,1.8142401116998527e7,1.90421628103286e7,6.670448287288254e6,4.950191918902811e6,1.52334093743136e7,1.8412419293927748e7,848657.877030126
6.237433954709603e6,1.79020657338575e6,1.6074376690004116e7,1.6096885821422616e6,2.3302772537701875e6,203057.74274438573,2.0941909042948812e7,1.4470833595411155e7,1.7557931755684987e7,2.7302440353892382e7,1.7951540138239633e7,8.494140206074165e6,5.782502773834195e6,6.2088220318091586e7,1.3368870241998307e8,1.1356838629042877e8,1.6747446890161076e8,1.849013605164379e7,3.3087473688029848e7,8.100413202052638e7,4.229669793172858e7,9.393039899673276e6,1.35930727476942e7,6.300352743868172e7,4.167441518338072e7,1.4071136678573167e7,9.75258107901628e6,1.0080667273715371e7,1.113816331078634e7,1.8348155748220194e7,1.7372116284282573e7,1.5710985382947572e7,33979.55890666836,617390.2380048092,428519.4415398676,1.7725412666732006e7,1.6837627113918673e7,2.0564674632260583e6,854403.3779401873,8.394514238715416e6,4.685271545458367e7,1.1579124883047916e7,1.3998647696275197e7,4.1256238426633805e7,5.448576446616836e6,2.719637944601572e7,3.4040020776684317e6,1.6298462822180612e7,8.462306228235092e6,1.4046480276343409e7,6.72090723027388e7,2.7566635764297456e7,5.184973267061015e7,5.658036931370588e7,7.065439086285748e6,1.4781149958842212e7,3.5415759187706634e7,2.6576388783970276e8,8.704066525156328e7,3.0048968351200336e8,2.7880591778361106e8,4.9812006703684784e7,1.3784524083419764e8,3.8437112069838583e8,3.798014251998141e7,3.9483665739745244e7,5.47466816161432e7,3.2697534189751916e7,1.1201166729534559e7,1.5011839883795531e7,1.8276764848821793e7,8.310322649838878e6,1.1359486296479795e6,1.131509508608563e6,2.1021849933576044e7,5.402914038852776e6,1.0559690607431014e8,2.416079618081954e8,2.4482681365697533e7,2.4670923583828002e7,5.510016490724012e6,3.7299055421436036e8,1.9088969100834665e8,2.0156633102898393e7,1.4679121918777747e7,2.737053550284615e7,1.9648627685228914e8,9.701429328151377e7,7.322856512461464e7,5.2034980013171114e7,3.0114649907076266e7,3.670740431673137e7,2.508530328860475e8,5.6016356518476434e7,1.9608246550380226e7,3.868974570332607e7,3.559348045136175e8,1.5041661788941843e7,7.203068984112045e7,1.6038601290678564e8,1.6854538272398016e8,9.264634000797765e7,1.3715060896084148e8,2.9522725832446735e7,1.7761396339549953e8,3.832119676833589e8,1.2847648850557289e8,3.4361260865640086e8,1.2712086672984591e8,4.0564907546020776e7,1.698336911681298e8,1.269220501752881e8,1.092734342133215e8,9.575855508610006e7,7.309626385359147e7,7.054230719916686e7,6.6887803157152325e7,1.2277924782066737e8,1.2222469053767899e8,1.6785477642401624e7,2.0143724295307904e7,3.435010668374108e8,6.4059127431555346e7,2.1059153373081923e7,2.5509018787923835e7,1.3796634983099654e7,1.4405676768362457e8,1.4420798019163588e8,6.197399900011123e7,1.3039121524299638e8,1.7702688791696317e7,6.427728072896435e7,2.7794477753280073e8,8.413667552961142e7,1.9946059835142058e8,4.453986647848241e7,2.572099433843163e7,8.995710840253735e6,2.5970845550385606e7,1.115630489772005e7,2.864934182301679e7,1.2652982974561974e8,2.5661456886444905e8,1.0803120625085537e8,2.415494062410588e7,9.807412615891305e7,8.693600169775547e6,1.0008390617863894e6,1.6981980178698626e8,1.0966077698597053e8,1.0581943743195733e8,7.26543502113876e7,3.9811090362363994e7,4.881185143399751e7,2.0087730182268504e7,2.2349664728043444e7,2.3583197467982564e7,8.566343557649767e6,6.315234440299138e6,1.9559696282333784e7,2.3490577093612187e7,1.1284668768185445e6
1.2067745062833814e7,4.1097386991724153e6,3.75052659690735e7,1.6280797343158599e6,2.8451198508990137e6,1.0451870513200017e6,4.0170004837031607e6,3.6435610482928455e6,7.618855454145398e6,9.22802919802208e6,6.143089419713299e6,1.456582280928553e7,6.430563657093938e6,6.878171869572206e7,1.8139971496516427e8,1.521368244502504e8,2.2659940976581556e8,2.5100805212258697e7,4.3601396505473405e7,1.131491708629589e8,5.92046495088125e7,1.3817952742058538e7,1.7921888214881685e7,8.236500418731505e7,5.346613470249696e7,1.6721197176739996e7,1.2181978897354756e7,1.1383231485807234e7,1.2873176695017893e7,2.0821219023469966e7,2.123956768040455e7,2.3329494062819954e7,26024.777415590397,1.0323226557694445e6,574767.4558470759,2.066916513017244e7,2.0690602642057598e7,3.3624318088095267e6,1.9826326409705654e6,1.7546207267280422e7,5.0403775800507866e7,1.0243988943548772e7,1.3031801407617118e7,3.2508591093529075e7,3.980803808865984e6,2.0219867410558153e7,1.6947412699557894e6,1.0508171942352656e7,5.476157595758145e6,6.534654228540749e6,6.329212690654103e7,2.578753431909581e7,4.643666310504705e7,5.14630259562167e7,7.424478557224032e6,1.4309464919257201e7,3.397255840229903e7,2.6978552263625956e8,8.91702265023419e7,3.06662341836238e8,2.8042867426898885e8,5.2143538309331775e7,1.4355126114763016e8,3.9836800126893616e8,4.016137134656703e7,4.045308943473937e7,5.516253380295212e7,3.162705505114288e7,1.2017452997398844e7,1.6416280053648306e7,2.043293651861401e7,9.956209659428474e6,1.2600186223432114e6,1.2502734568068604e6,2.315607927412192e7,6.091390880242123e6,9.896594942633252e7,2.2615856492952716e8,1.984057278500186e7,1.992487365342797e7,4.5027667818688e6,3.437527602772481e8,1.7616781816481897e8,1.858533732942825e7,1.3503324825477509e7,2.527835201132512e7,1.818674887393201e8,8.975837170212124e7,6.7776196279862e7,4.797005390659159e7,2.776584030008714e7,3.3790317831192255e7,2.2983871278086394e8,5.1436099670002006e7,1.8031645344558947e7,3.555781470140104e7,3.2969869730047953e8,1.3879473381020097e7,6.837380275468503e7,1.5144187483762717e8,1.5959458098744807e8,8.810102777062796e7,1.2755660280395928e8,2.7487670102370404e7,1.662710061781158e8,3.569347029111318e8,1.1941118355898966e8,3.191494750370768e8,1.1585323853544036e8,3.660673773799255e7,1.5017319337411028e8,1.1392369843548816e8,9.708172598591743e7,8.740461247953315e7,6.332543006250252e7,6.120691551535563e7,5.748268569436697e7,1.033083637592067e8,1.0222789340274346e8,1.4150607594973698e7,1.6929812654610474e7,2.8709722169569385e8,5.357895409929337e7,1.7579946621324778e7,2.1254875523055322e7,1.1452360222537082e7,1.2231842843546003e8,1.2203762720920925e8,5.177560803646185e7,1.1017267608543198e8,1.4495095231068695e7,4.995233488517812e7,2.2871454120740083e8,6.922071136021633e7,1.6431659461718613e8,3.588458730642592e7,2.0014110799927305e7,7.204133345288011e6,1.74531161794389e7,7.59516330426896e6,1.9253444323016766e7,8.75267550535282e7,1.8351947069473097e8,8.011346204183774e7,1.773294557634431e7,6.662391856717123e7,5.139231137504534e6,634366.4485515952,1.0822451303289756e8,7.024161474732913e7,6.740989035036725e7,4.697099408521055e7,2.573522224983658e7,3.2171139965824123e7,1.3379881556725785e7,1.2988277111947106e7,1.4338235723098574e7,4.228090773785183e6,3.2035639931857414e6,9.654566104764976e6,1.3567469683389649e7,586739.753107747
1.2166577261010861e7,4.241808092661425e6,3.722154892700043e7,1.456872687628846e6,2.66314090863671e6,1.1203484773343522e6,5.652074500268134e6,1.3891438785576285e6,3.4708016024687896e6,6.875933048522498e6,6.753125643041153e6,1.4024129375235898e7,6.101899440835398e6,6.5056826361050256e7,1.6947112865627065e8,1.4217317600416747e8,2.1157587590482917e8,2.3356811520703334e7,4.037753937299843e7,1.0551477008970656e8,5.543162678306936e7,1.3160813848276228e7,1.6819319140884124e7,7.711334620537332e7,5.026670528915065e7,1.5489488564981015e7,1.1298077980997998e7,1.0419115578765731e7,1.1711458708637668e7,1.8730934268967573e7,1.9303961766341694e7,2.1801282539959718e7,18724.310394790242,978142.4553362167,516550.1843461415,1.7427164827280305e7,1.7827479807908207e7,3.0999959103868e6,1.911947276496793e6,1.6555055017308958e7,4.3174935828478776e7,7.962636939791404e6,1.0501516292529585e7,2.5092114523071002e7,3.147327733339277e6,1.480355636474516e7,1.411276073454652e6,8.484308802142086e6,4.3820702545023225e6,6.194573352060244e6,5.377645169649162e7,2.1857932658061203e7,3.819693870172449e7,4.292825087148075e7,6.603932954536846e6,1.2348597078878269e7,3.0380215791474454e7,2.4956007021006128e8,8.275718745538266e7,2.8401232083616906e8,2.59323268929934e8,4.844212259235368e7,1.342806587544032e8,3.717369644275885e8,3.718592815902882e7,3.696088116078241e7,5.064917108596551e7,2.8902931428853728e7,1.102074851974896e7,1.5163657728598265e7,1.8779684975915067e7,9.367958588879e6,1.178897980067745e6,1.1751094003906653e6,2.182363122877923e7,5.750923711963055e6,8.958723494251822e7,2.0477769412475023e8,1.769653638278901e7,1.7833009984248627e7,4.0387415625996785e6,3.1714435033557796e8,1.6262367035595164e8,1.7155811172492694e7,1.246289035529876e7,2.3347825763482604e7,1.6782089321052185e8,8.289010217958981e7,6.2593638582561255e7,4.420838792681442e7,2.5592982878649965e7,3.114930201643347e7,2.1187768425937194e8,4.742834800219226e7,1.6622898659838364e7,3.278576620024092e7,3.038911151682288e8,1.2798217958110176e7,6.343176673934375e7,1.4022118547203094e8,1.4798602170376197e8,8.127975077818716e7,1.1734641003063728e8,2.530428690518705e7,1.533882761734087e8,3.297703317767264e8,1.1027468643352968e8,2.9453422371114284e8,1.0690790161033109e8,3.380543414991959e7,1.3730277756135017e8,1.0449274921140794e8,8.953784410584024e7,8.022341884374712e7,5.7725177111133315e7,5.579889473727583e7,5.28511401602598e7,9.488763579688661e7,9.388461783877663e7,1.2992886701008262e7,1.5550277180507716e7,2.6298643400528032e8,4.914537293713928e7,1.6124208662271038e7,1.9495794612837236e7,1.0513602213467838e7,1.1230070198298614e8,1.1196293440920155e8,4.7194294249391936e7,1.0047520855398431e8,1.3299690458553711e7,4.601541578411832e7,2.0799477887400025e8,6.292113704830046e7,1.495430158688272e8,3.2572723348648272e7,1.819842041092152e7,6.46566862487477e6,1.6218607845400073e7,7.1025528495248575e6,1.7922107566044997e7,8.117020427063312e7,1.6913818915207773e8,7.321539300310574e7,1.5979182803259058e7,5.996503888563588e7,4.494833229470244e6,522582.47829576314,1.0413897913401031e8,6.768941624891539e7,6.588634961287793e7,4.5114721811832234e7,2.461056404307749e7,3.0722098406972222e7,1.24957421360673e7,1.2383022239388177e7,1.3326525794374235e7,4.0011209750869954e6,3.0352266763058077e6,9.139504230366472e6,1.2235481279444046e7,507528.6592562265
1.1602178244763052e7,4.0949915420165067e6,3.466889187015828e7,1.202964119336648e6,2.288538580256554e6,1.0854249158977792e6,9.437096856042832e6,2.771383585756718e6,2.696760091769156e6,9.411997353449661e6,8.970196780265387e6,1.2886201285993818e7,5.776824061404418e6,6.1441448972670116e7,1.5401404132728797e8,1.2944530498374315e8,1.9221633574925417e8,2.1127740330327902e7,3.645451231213595e7,9.536038852222642e7,5.031897499800072e7,1.2112217924264813e7,1.5414746917573178e7,7.056139563744588e7,4.630789894196347e7,1.4186442909694655e7,1.0290131432450887e7,9.490026076548753e6,1.0553149998434108e7,1.6701881441264827e7,1.7218960656617116e7,1.96159030300964e7,11799.281373057745,884348.636500875,447017.7409892079,1.349013307868488e7,1.45959118015905e7,2.707520144049589e6,1.721983065221682e6,1.4436960321994266e7,3.629790830052112e7,5.892834732360358e6,8.271812321418547e6,1.9714075788295254e7,2.6911151391114774e6,1.066219599887772e7,1.530952411252649e6,7.91958782797028e6,4.044438551831175e6,7.236730033631944e6,4.633685870920364e7,1.8805278049837884e7,3.1811874979650285e7,3.637295158593314e7,5.891536487465973e6,1.0792967343594335e7,2.779288983717057e7,2.33881235267991e8,7.768550866624679e7,2.6623945572746846e8,2.4333856889772278e8,4.535812449038274e7,1.2666205030847892e8,3.50110910171703e8,3.464780039887348e7,3.415686795371478e7,4.718192344550459e7,2.6999811268504467e7,1.0143459201535737e7,1.4019088411734352e7,1.7210360881470352e7,8.711370908361914e6,1.1017206461106741e6,1.1036270773476171e6,2.055834520721678e7,5.408949586780945e6,8.341736510817795e7,1.9077075535046577e8,1.6794495955306116e7,1.6992065974810842e7,3.844485916885026e6,3.016886735813711e8,1.5473695407005864e8,1.6326059479581038e7,1.1863847982387874e7,2.222346895552277e7,1.595377020612114e8,7.886032032435773e7,5.954962441820495e7,4.2009950717797026e7,2.4323480228710692e7,2.961610344196956e7,2.016331362831528e8,4.512621461890948e7,1.580829840020861e7,3.1187768468226995e7,2.885554356332139e8,1.2165753019024938e7,6.031120261288128e7,1.332151188143123e8,1.4070577891832983e8,7.68638929109858e7,1.1114289500614312e8,2.397624824831259e7,1.454709220170562e8,3.1346920095326835e8,1.0482385268491875e8,2.798428614901535e8,1.019357694694654e8,3.2316239858417902e7,1.3062591651351862e8,9.939210106207614e7,8.576158830426897e7,7.609921323072939e7,5.500861942548205e7,5.315951421973821e7,5.083124847876136e7,9.15943897604315e7,9.073555066644935e7,1.253326734095333e7,1.5014650002832958e7,2.5365485283673218e8,4.744775132639006e7,1.5572986163417859e7,1.8837836609815586e7,1.017455252312302e7,1.0815234063463111e8,1.0783934236495712e8,4.533289157574276e7,9.631117851036787e7,1.2904222196198948e7,4.532823776174781e7,2.0008439527735496e8,6.050715620498685e7,1.4391082920848408e8,3.1439854272698816e7,1.7739826379152715e7,6.189199117165233e6,1.6672808852651315e7,7.304080290728667e6,1.84429045088175e7,8.269621386889572e7,1.701276761196433e8,7.252210368930252e7,1.5701077894608451e7,6.01901967277263e7,4.6404007726548305e6,501327.37164287776,1.1065358148850183e8,7.188177828236833e7,7.053751356059428e7,4.771690412730955e7,2.5973108326957162e7,3.223867166384187e7,1.2914990350026425e7,1.344104100349814e7,1.4100691847228017e7,4.570172892540653e6,3.4344686998204687e6,1.0440237816566708e7,1.2961844210706512e7,549026.3815754909
1.4298986277341483e7,5.067070112911451e6,4.562264633606436e7,2.4013751188610173e6,4.223410247574704e6,1.486921427321978e6,1.0069728498766497e7,4.836805385666475e6,8.291668283748214e6,2.83128003283539e6,3.9921105286480356e6,1.663468989033094e7,6.422498308142675e6,6.849978822932744e7,1.9374804619765836e8,1.6177611892978942e8,2.4180003878802598e8,2.682610422499949e7,4.613670332658618e7,1.2208982998242937e8,6.3890348592151865e7,1.513914477812471e7,1.895432639031338e7,8.68484876019674e7,5.603205810862718e7,1.701642173353573e7,1.2635546487915486e7,1.1340939622894775e7,1.2959395933267072e7,2.083461953287583e7,2.190984894231773e7,2.5686478652379654e7,27957.423999281105,1.174374167891613e6,622217.6574096305,2.506045968835178e7,2.267820054942808e7,3.8763309494158733e6,2.4464188424345152e6,2.2583409962764733e7,5.052060155432898e7,1.0219427562214874e7,1.2672438565080443e7,2.8399140983704276e7,3.1222118726223405e6,1.812256715256317e7,800257.0020491303,7.125975017375577e6,3.738640775230968e6,3.5357722385227857e6,5.844494301946282e7,2.3739751072194092e7,4.2387523617800735e7,4.69599586109415e7,7.174957063756076e6,1.3340938831058914e7,3.12855399831671e7,2.570320718714849e8,8.539331989848585e7,2.9297250272250825e8,2.6603664582959166e8,5.042121123892384e7,1.3884420052761704e8,3.8416328643477875e8,3.896573081573666e7,3.858737336029501e7,5.226548448003814e7,2.9350700456193976e7,1.1711433555647971e7,1.6148149790119447e7,2.027410763438279e7,1.0188171656734183e7,1.2505184619903248e6,1.240844236521616e6,2.2977330384714752e7,6.1022534884141525e6,9.016964980342755e7,2.0593622458130655e8,1.6538097963859819e7,1.6592261313614585e7,3.7810627131576645e6,3.1251867178505343e8,1.603118006481211e8,1.6904647242733676e7,1.226706983450618e7,2.3017450580585558e7,1.657135543466298e8,8.179694630311622e7,6.177732058051648e7,4.3596596226313405e7,2.523803720303997e7,3.069077924117328e7,2.0826405625331643e8,4.666458498241061e7,1.6369490002940362e7,3.2273069258103754e7,3.0037774136328125e8,1.2623035397748396e7,6.322303644686905e7,1.3955658451627964e8,1.4736516355686244e8,8.13414077790593e7,1.1635502162515281e8,2.5094368929718785e7,1.5233766790126532e8,3.26422770518967e8,1.0906678625825055e8,2.913178219991172e8,1.0474400388373838e8,3.2942371346533492e7,1.3308565878014918e8,1.0191237234017296e8,8.660397581576584e7,7.889793710567757e7,5.541952829473633e7,5.361363500260395e7,5.029026128016387e7,8.927069669941425e7,8.803063367058052e7,1.2238839357469982e7,1.4620065193907605e7,2.4677109956463197e8,4.610624092377775e7,1.5110775915695721e7,1.8250379782124426e7,9.816838957568591e6,1.062169308561431e8,1.0573285613138601e8,4.4378186295348704e7,9.50779887522059e7,1.2322271072461177e7,4.124583047877546e7,1.9405732047791055e8,5.8711390627453886e7,1.395647427172546e8,3.0027450765726782e7,1.6397555620887622e7,5.973218948228579e6,1.314251048988711e7,5.814111900146491e6,1.4525065917753767e7,6.719631036969347e7,1.434523614856124e8,6.3783875707148954e7,1.3884501905469684e7,4.911525356355795e7,3.242389066217333e6,421156.4974309806,8.184403006914006e7,5.34307373841231e7,5.2159667574847475e7,3.58031061050521e7,1.949715863948925e7,2.4672540295629244e7,1.0063023928372663e7,8.992618713998955e6,9.949969552904785e6,2.447109494279945e6,1.9175244299855048e6,5.592458320418151e6,8.620174761081923e6,310473.4407067851
1.5156535696707893e7,5.31202244270572e6,4.959252417560394e7,2.9078340074027935e6,5.001563959011946e6,1.587056521621317e6,1.0881775577794194e7,7.711447934806596e6,1.2828214702639638e7,6.480472673664435e6,1.3833166007150977e6,1.831536185195551e7,6.938995758797793e6,7.426660335104193e7,2.1674578196499214e8,1.807531259177902e8,2.7061745483734727e8,3.0142427001378074e7,5.20032638865853e7,1.3713840738826963e8,7.146488273981424e7,1.6683403068640606e7,2.1053905200115748e7,9.666203264638048e7,6.198320021618525e7,1.9026555676961247e7,1.4163322254722243e7,1.2806724692298224e7,1.4761598296275863e7,2.400420128568351e7,2.5079328134741787e7,2.8909281628537606e7,37835.782509012635,1.312816257069127e6,725038.2541808289,3.0896233893251345e7,2.7416219002661463e7,4.456210820773656e6,2.74162076898867e6,2.5986122705310445e7,6.111480176202704e7,1.3347316117222834e7,1.6152107132614158e7,3.792385815893473e7,4.1502709131126404e6,2.5058387288634483e7,1.111567730125456e6,9.490449109743819e6,5.034218116542547e6,2.9255053715086095e6,7.111132794586241e7,2.8955630190967664e7,5.326371848661819e7,5.821649762398949e7,8.333981371139321e6,1.5972926865126427e7,3.590500906346084e7,2.839721985534813e8,9.403559297816758e7,3.233555055003884e8,2.937764094039584e8,5.557027513330705e7,1.5163849216636598e8,4.206384194468673e8,4.316374284054181e7,4.3332663223338015e7,5.824844709960545e7,3.278685528153773e7,1.3142274484867185e7,1.799337332790712e7,2.2766717467556976e7,1.1196133088523062e7,1.3738416769600534e6,1.3552711480176868e6,2.5005667021738146e7,6.642170162561994e6,1.0170077283656903e8,2.3217132734380215e8,1.8818771363263924e7,1.877864040270328e7,4.26973426866063e6,3.430598448144825e8,1.758682751924183e8,1.8544180642166995e7,1.3456043463683743e7,2.5233979109157074e7,1.8194754361738604e8,8.971107115920182e7,6.775178442254311e7,4.793043182589302e7,2.774069231641835e7,3.3723438059661865e7,2.2872263579553857e8,5.124334379421997e7,1.798416200189251e7,3.5445354382945076e7,3.30337817960101e8,1.3868685916751683e7,6.910642275416866e7,1.5285563893309376e8,1.6114151826049548e8,8.959090033285652e7,1.2834899565289067e8,2.7659345146973643e7,1.675248792576169e8,3.580482240289344e8,1.1967773015597716e8,3.199254424298307e8,1.1480574732894845e8,3.6029455580090754e7,1.4728309220029393e8,1.124584706179513e8,9.472066858449657e7,8.713408317802112e7,6.146234082769195e7,5.946152143571186e7,5.503698995915083e7,9.759881385138337e7,9.618997014075387e7,1.339024589095272e7,1.5981131137668118e7,2.706642130577972e8,5.0473035573052526e7,1.6539718954286655e7,1.9970273316079233e7,1.0723136786996718e7,1.1632405266638954e8,1.1587055132118164e8,4.903176279934968e7,1.0509788307550605e8,1.3448388440482168e7,4.4422146505670644e7,2.1479834633420995e8,6.502988704902668e7,1.543255652150043e8,3.325583349413412e7,1.804018303446903e7,6.727233407114139e6,1.3575393508999387e7,5.948678216680146e6,1.4952438488593966e7,7.011443351545896e7,1.5236842353303397e8,6.915605577429803e7,1.5404711186678369e7,5.413326700615574e7,3.7650068820068203e6,546365.9770673714,7.744729768483219e7,5.050301861845867e7,4.7791113744864754e7,3.4189768433052234e7,1.8786305389978815e7,2.3995462542769216e7,1.0269134634899301e7,8.365855523780395e6,1.0019031561026715e7,2.1286441814695415e6,1.6900572113974695e6,4.858255644816978e6,9.257426352327138e6,376295.50002754485
3.8896060809604786e6,2.00622711336286e6,1.1022922151287114e7,3.4334318923227503e6,5.44206631162596e6,1.1563305091698114e6,3.973011571954966e7,2.465919471546404e7,2.837664454535676e7,4.158059649835577e7,2.8202485389348116e7,1.1084876344402689e6,4.19260591311873e6,4.4836723356507555e7,5.295907737488397e7,4.70861263400369e7,6.707125757805631e7,7.395764928857147e6,1.4693208134129012e7,2.9287476994330663e7,1.4844441018822327e7,2.6345048182491804e6,6.008038953031085e6,2.8524397921085652e7,2.037371655865623e7,8.232805952852083e6,5.020622165904935e6,6.526358633499452e6,6.895886215485537e6,1.1919564168677233e7,9.721561194985257e6,4.766814043410735e6,48115.14641992661,129084.72308758838,259900.8090838718,2.6186786981781937e7,1.588021632028622e7,1.345215718882703e6,914220.0563499692,1.5040941348336633e7,3.8292450149375066e7,1.3436526514066422e7,1.4401003833424043e7,4.57402772526695e7,6.032090835303172e6,3.3002834457899306e7,4.599516305610832e6,1.9285907930259526e7,9.999209262123922e6,1.9935879028240725e7,5.928076176059871e7,2.4526971697090473e7,4.989587019583019e7,5.2646912025647976e7,5.217202306191869e6,1.2443178532935226e7,2.958845037461971e7,2.111705019345004e8,6.856758161885515e7,2.3726630376214528e8,2.2457846273815984e8,3.795419745287974e7,1.0749391438860986e8,3.004601644702985e8,2.826299669632017e7,3.039379207170632e7,4.351898834854783e7,2.7435569154481724e7,8.0067214584206445e6,1.0461644578331219e7,1.211171919709025e7,4.9671984340010565e6,791739.398637836,804833.1160960237,1.5166167612779293e7,3.748170744547414e6,9.160188501372169e7,2.0996245509395525e8,2.4715246598064456e7,2.5034714201607183e7,5.535793358036029e6,3.372866869855456e8,1.724558942275651e8,1.82293235404104e7,1.3310742376202831e7,2.4723160167710498e7,1.7678227918548343e8,8.742067303201225e7,6.5962796665886596e7,4.69709508326058e7,2.718548217001632e7,3.320627464814659e7,2.2822370443298057e8,5.0844736339109816e7,1.776082575706977e7,3.507791193338252e7,3.194757426320843e8,1.3572102043655695e7,6.325478581572445e7,1.413927432563514e8,1.4837110780660033e8,8.051090272220497e7,1.2218307348046261e8,2.6286751231233697e7,1.5750031852568862e8,3.4266880242446697e8,1.1512129971168782e8,3.078809010828644e8,1.1654209357828611e8,3.765701119079026e7,1.5955340221924555e8,1.1761038091851762e8,1.0309952403739995e8,8.705846671745487e7,7.003613613400403e7,6.748217079950444e7,6.519042801543677e7,1.2214746128909588e8,1.223064241368186e8,1.6661705639120791e7,2.006354428004861e7,3.431248003828374e8,6.4025049242093235e7,2.1086690311098862e7,2.5590509924301792e7,1.3903247669156626e7,1.4194710048691255e8,1.4247936473845246e8,6.165740079942071e7,1.2831069294131072e8,1.8065100842410024e7,6.894584707022162e7,2.8012817232417244e8,8.478229427555679e7,2.0093160377769667e8,4.573085953107237e7,2.727782856636491e7,9.216106034389753e6,3.1099960216734886e7,1.3309246656813862e7,3.4344130408896685e7,1.4859875342582938e8,2.9344580427221364e8,1.1957920141950284e8,2.6706738406867467e7,1.1458098819651254e8,1.0923832978299396e7,1.1962765281559774e6,2.1423016407252622e8,1.3813308897160155e8,1.3500336389983207e8,9.08855220833258e7,4.9653424414897256e7,6.02033115567314e7,2.4260093284241043e7,2.926644478919005e7,2.985838072454845e7,1.1917208376381857e7,8.704528663368193e6,2.7213194844060786e7,3.0146709331322532e7,1.5049321504700559e6
1.8949755996896133e7,8.086297117107191e6,7.314055116639611e7,9.313444113505889e6,1.5306775974350704e7,3.80795295298575e6,8.484905589508003e7,5.190165323105873e7,6.1537299715059794e7,7.765924605082658e7,5.168704058808965e7,2.0281366242932152e7,203214.60588612445,3.1552764927267823e6,1.691992609801354e8,1.339178714117967e8,2.1079691989993042e8,2.4934435574344665e7,4.1601894640603706e7,1.2109776325443104e8,6.036783434896056e7,1.3778853912077693e7,1.369256103063865e7,6.285869779242455e7,3.421787416735303e7,9.534207950685833e6,8.879074960149985e6,7.005745296989336e6,1.0112280122279529e7,1.935723971985952e7,2.111523717153028e7,2.9699968294402096e7,113553.23431871583,1.551124689101232e6,929351.4992524519,7.557663391877088e7,4.806539008658154e7,6.659772125302551e6,4.689877561651153e6,5.536009385599312e7,8.5854734123012e7,3.0818268999513857e7,3.142667278257216e7,8.704307953760672e7,9.839827351546999e6,6.770585982793236e7,7.634089278995007e6,2.971783662269921e7,1.558178053768608e7,3.347015882353449e7,9.545664991658252e7,3.962819963292885e7,8.961849543796806e7,8.962381802909553e7,7.001632873283352e6,1.869059471670041e7,2.8709484467487626e7,1.1167556828477812e8,3.2626792261480756e7,1.2019965679527308e8,1.2303686769760706e8,1.643547841891034e7,3.835155607045636e7,1.1794741238956518e8,1.3879256447356198e7,2.1527653199196678e7,2.7401083162358575e7,1.9845192428768348e7,5.870166341993011e6,6.549829810343523e6,1.0667775014934527e7,3.728108236782994e6,273895.5792065332,175410.85070862452,2.231868730562425e6,695437.4910381143,7.731676594656031e7,1.7704348146495554e8,2.7517552750014342e7,2.775187071654782e7,6.006016714011684e6,2.584544744450802e8,1.3127302322560488e8,1.3919190629649013e7,1.0246332672321502e7,1.8734228985248413e7,1.3347213082767747e8,6.589099662220937e7,4.9646151800026745e7,3.611936044393702e7,2.0880760696316443e7,2.5623345545353323e7,1.787005689979275e8,3.9503764023583174e7,1.3747095550736839e7,2.7182223708924018e7,2.418062559994972e8,1.0381716059336817e7,4.25369387232553e7,9.796449791532168e7,1.0100078493943514e8,5.548843085954002e7,9.219301235889901e7,1.9695545518575106e7,1.1463954432741526e8,2.5199033373466042e8,8.544097281009363e7,2.2968697167130855e8,9.245736030728911e7,3.0727518843310993e7,1.4163342180052975e8,9.947168009374376e7,8.82675029979188e7,7.018939966595404e7,6.568732748185614e7,6.3070233534941934e7,6.106077673303099e7,1.2007004326508595e8,1.2175582004053266e8,1.63187904747607e7,1.976947367602929e7,3.4317765411648524e8,6.382940083278111e7,2.1106424960691e7,2.5709782522666108e7,1.4060934507054716e7,1.3690972731936914e8,1.3856501366317824e8,6.220752017262954e7,1.2651887641930044e8,1.877103766342186e7,7.821687286762461e7,2.917767013047243e8,8.840736241413954e7,2.0860490249413973e8,4.951245868755571e7,3.110896559705383e7,1.0270999815636361e7,4.2086285361888796e7,1.781235050961352e7,4.648760955355993e7,1.9543667389776722e8,3.721149399748335e8,1.4530102026999065e8,3.3113882008040875e7,1.5410443818807682e8,1.6470802416034259e7,1.8100480002085841e6,3.06430105152369e8,1.9698580394157484e8,1.947691221795997e8,1.2850426504348938e8,7.007094371473315e7,8.359774408629866e7,3.3127010407703876e7,4.4344799862391844e7,4.378809426943827e7,1.9553963072376855e7,1.411889369985895e7,4.465162329775702e7,4.576014758254462e7,2.4313132801588913e6
1.8481079906841043e7,7.878684704675156e6,7.071526663736935e7,8.937318469995398e6,1.4699105695967954e7,3.681453771050218e6,8.171568238626817e7,4.9824555678459354e7,5.893118295485881e7,7.457835774344082e7,4.9809596287027486e7,1.952906485602042e7,284100.3949027132,693765.1369704539,1.6003487767900705e8,1.2648464169579503e8,1.9928122649989313e8,2.356239825952022e7,3.9136995691746764e7,1.1480232599553832e8,5.730077391286661e7,1.321884332479747e7,1.29304650637088e7,5.92033009946585e7,3.2209906731755093e7,8.679776528745823e6,8.25630114765481e6,6.303610146501283e6,9.269115247865338e6,1.7843046701489866e7,1.96716919973638e7,2.827670308147808e7,108317.47867163243,1.485880320815095e6,879691.1501046498,7.220644473930961e7,4.564392553795226e7,6.3577530354496855e6,4.508203664781625e6,5.312247590365793e7,8.06940168998056e7,2.925670083438871e7,2.971726983662613e7,8.238910526486307e7,9.312800385736637e6,6.431343067161963e7,7.321178283713766e6,2.828923817070304e7,1.4825696900850134e7,3.2216442807442375e7,8.913209306090435e7,3.702386011623049e7,8.425649416757242e7,8.403688090788788e7,6.421532544338635e6,1.736763812136088e7,2.625393041150382e7,9.834880542041019e7,2.8456778148804713e7,1.0521852188437805e8,1.0951415235360405e8,1.3807875912232647e7,3.3051447942188516e7,1.0178299680299419e8,1.1646182239727661e7,1.9010727099311978e7,2.4291357393974997e7,1.8062581399582393e7,5.124604127958051e6,5.598787689025412e6,9.451911996878305e6,3.415792051695175e6,210990.21427723826,114656.14740506628,1.129143619543228e6,509799.74899234937,7.114215833269614e7,1.6299136129990253e8,2.6031074192178935e7,2.6287421825921584e7,5.684546520991434e6,2.427406892905505e8,1.23316123016757e8,1.3078617515270524e7,9.632854927909227e6,1.760561585229312e7,1.2520916934848385e8,6.187519819035923e7,4.66181040914679e7,3.388022501071895e7,1.958909147828184e7,2.4053200935010552e7,1.6799008626014686e8,3.7121641005199365e7,1.2909259844598971e7,2.553505466219673e7,2.2649279580085608e8,9.741043302476406e6,3.9817798505386166e7,9.162548642786524e7,9.456689007905425e7,5.146108934597745e7,8.604770193792628e7,1.838824943628632e7,1.0706671909336431e8,2.3622499891868517e8,8.011229097960024e7,2.1524331209827608e8,8.713225448585401e7,2.904664001327018e7,1.3344291614991972e8,9.36066453327586e7,8.360797545188704e7,6.578436148411519e7,6.2029527822916746e7,5.9544353660355754e7,5.801253815065515e7,1.1429539598163632e8,1.1596359386264423e8,1.5528328467364894e7,1.8821150921591647e7,3.264926834715905e8,6.075849861891168e7,2.0094279476219833e7,2.448191826083782e7,1.3399186534982095e7,1.3016683055548942e8,1.3174436211714482e8,5.905817072428584e7,1.1996849358554493e8,1.7904215156689174e7,7.491861700897114e7,2.772245359713057e8,8.398547518075705e7,1.9823343111123863e8,4.71104055518873e7,2.969207166403313e7,9.745383480440306e6,4.04710024284748e7,1.7140300617411286e7,4.4711867554903656e7,1.878546341705864e8,3.572164741249689e8,1.3915226373817304e8,3.1641647130577084e7,1.476219093258277e8,1.5787131577493869e7,1.725753743681736e6,2.9558046673888624e8,1.900431118313062e8,1.8809345610098517e8,1.2395359242150849e8,6.756460738416867e7,8.061074590994763e7,3.187380525052261e7,4.272113301197487e7,4.212171603578922e7,1.8822736227800634e7,1.3592211524419e7,4.2982325755831875e7,4.394873154324011e7,2.3331664840897503e6
7.565750790013122e6,3.486201704386511e6,2.5333297769545745e7,4.209566150689013e6,6.830282946061148e6,1.6845874118424535e6,4.5799178871451564e7,2.758258632484027e7,3.1392993492946804e7,4.482802668465374e7,3.089290991387976e7,4.902038234707913e6,3.237587991509152e6,3.400974263532524e7,2.246620276522907e6,5.13194117819198e6,2.151822885965398e6,1.0079869197301605e6,2.896279408906074e6,8.39619009357222e6,3.1504607637858978e6,2.117935610689513e6,1.6597342583188026e6,7.542211069065225e6,8.49513976729599e6,4.1147397837538337e6,1.7587339768196675e6,3.743258097724937e6,3.6173406591024883e6,6.868788141689199e6,4.50808065451436e6,4.351042454330965e6,52359.927313768676,344539.8994604943,234824.57061055512,3.0990950373835977e7,1.682511743211884e7,1.9013629700249296e6,1.5983986009849024e6,2.1154500715041917e7,3.1853418749346405e7,1.362009253700908e7,1.3666712633123897e7,4.3593297665948294e7,5.651481391620952e6,3.310093032204158e7,4.746531437094673e6,1.8683537545638558e7,9.67744842835308e6,2.108098465932835e7,4.818082509570018e7,2.0073210503090393e7,4.369879973279784e7,4.4766409338432275e7,3.528223485841916e6,9.670737590023262e6,2.280128480409132e7,1.6211544045480108e8,5.26021917840518e7,1.8156072569697893e8,1.7443688580369395e8,2.829694064623261e7,8.336335973768434e7,2.319845768745201e8,2.0383398113602206e7,2.206271876024858e7,3.2949908792682465e7,2.1690912221826836e7,5.362080363505413e6,6.929148042497171e6,7.322877877193319e6,3.0076379023909452e6,552988.0813805232,585628.0275845523,1.1310933019661073e7,2.7271702351696845e6,7.379699550017355e7,1.694505315548192e8,2.2111523738287006e7,2.250166230336231e7,4.948138458529771e6,2.861082858742922e8,1.4628144424850032e8,1.5473343942357915e7,1.1317529789920762e7,2.0980905214080036e7,1.494539022040038e8,7.405040896000566e7,5.5863473196597464e7,3.974767684417026e7,2.3010048150165047e7,2.8150868592659257e7,1.942569827931078e8,4.321821880484426e7,1.5071083518615108e7,2.9791216479436275e7,2.692948610411181e8,1.1488344031311333e7,5.290534611412414e7,1.1828389480448692e8,1.24228967547331e8,6.6329845829836644e7,1.0221487444368605e8,2.1998211069593735e7,1.3172738747453271e8,2.8883120353013647e8,9.71277534007434e7,2.5955602439582932e8,9.982459394924928e7,3.2550939416849814e7,1.3785205692758536e8,1.0091411405206965e8,8.996650130668105e7,7.374472675188905e7,6.119309691935699e7,5.890238589105482e7,5.792728164379458e7,1.0983180016832575e8,1.1034973457175232e8,1.495855846205102e7,1.8053553635013957e7,3.087869262874899e8,5.768254467559832e7,1.901794717916017e7,2.3106445395613957e7,1.2593314091952786e7,1.2686266181631109e8,1.2749036644642223e8,5.519645864230855e7,1.1411014438507274e8,1.647791663397768e7,6.474013452873123e7,2.5247907040708867e8,7.638829478386638e7,1.8111490695431837e8,4.1645186859334946e7,2.5326066939042818e7,8.342544988688962e6,3.0821494689477e7,1.3189575150576543e7,3.406528284423446e7,1.4597793407534078e8,2.843600157445814e8,1.137729607761805e8,2.5290131984456033e7,1.1154131640603131e8,1.095781330937654e7,1.1660317873994343e6,2.1826772220811382e8,1.4071487805419314e8,1.3856193866723624e8,9.229515248660651e7,5.031963113236447e7,6.0750242305846594e7,2.4155000581903525e7,3.0145595707750298e7,3.0263844482446875e7,1.2517823245804649e7,9.115978384784197e6,2.858630237920619e7,3.0605981035182223e7,1.5472810364430242e6
7.860745510488131e6,3.6179901059847944e6,2.6775200406711645e7,4.368161602783573e6,7.095208242763313e6,1.751686201806905e6,4.701705788318364e7,2.8324153580730256e7,3.22967429751048e7,4.581700679743616e7,3.153508393074616e7,5.334936549418954e6,3.1366182683124472e6,3.2902319036103226e7,5.324975924573707e6,5.13194117819198e6,6.280607438586746e6,1.6443832485493666e6,3.2101467470125044e6,1.1924112235960677e7,4.889185472194504e6,2.2953801517738253e6,1.211159160660764e6,5.3416884911764655e6,7.198457836707255e6,3.7669782724065157e6,1.4959500287279647e6,3.5671723078961736e6,3.481169670579005e6,6.795305766351366e6,4.556263909630061e6,5.150021988509659e6,54142.26649457081,382001.0785639879,253940.22271420792,3.2340613377352726e7,1.7713077655953143e7,2.0497286752718843e6,1.6960575492486106e6,2.2231404114134863e7,3.2989544298548575e7,1.4086916690745642e7,1.4109740019143049e7,4.466257382429855e7,5.748574556083908e6,3.4028544078455426e7,4.830459400100533e6,1.8963978191748068e7,9.826961884164354e6,2.1455597953032576e7,4.884404883678277e7,2.035748622656033e7,4.462403958296116e7,4.556582060713695e7,3.5014915878909547e6,9.75191878751939e6,2.2599212552258335e7,1.5872679474494737e8,5.143260892808964e7,1.776074669383337e8,1.710728310530415e8,2.7545066742444146e7,8.138124226529516e7,2.2654327725277543e8,1.9780858162267536e7,2.156776603327448e7,3.2296516888722565e7,2.1399575328896668e7,5.183893167855584e6,6.654771793600248e6,6.980417402707592e6,2.7965501652648305e6,530802.5898361735,564483.3764109703,1.0932035766287586e7,2.6214037463698997e6,7.31363793126641e7,1.6795081006931534e8,2.2176844219860613e7,2.2568425393888216e7,4.959106763346798e6,2.839014459657178e8,1.4513501351855898e8,1.535350692041132e7,1.1232541608460207e7,2.0815272183414597e7,1.4823446811317632e8,7.345153537213841e7,5.540966865793619e7,3.943864910374922e7,2.2830935450869307e7,2.793647870940752e7,1.928703418007697e8,4.2900449986139864e7,1.4957897308611833e7,2.956943474367e7,2.6706707632196116e8,1.1398091243292933e7,5.233858709199893e7,1.1707501063862376e8,1.2293001641517477e8,6.558391857747763e7,1.0132028413703172e8,2.180332241342258e7,1.3048863559911138e8,2.862928102750666e8,9.629497049299233e7,2.5734336017729977e8,9.916756635427049e7,3.236800052294438e7,1.3731401605163875e8,1.0038586011638272e8,8.958385072989586e7,7.324137231079248e7,6.105790374316849e7,5.876517375655405e7,5.7832850375717565e7,1.09817759295349e8,1.1038012851126204e8,1.4954659574211802e7,1.805265903254679e7,3.088851608678764e8,5.769816923923219e7,1.9025528811186243e7,2.3118504845277637e7,1.2603018907938e7,1.2676589507765444e8,1.2742287103940508e8,5.521741605391666e7,1.1406547282967898e8,1.6504758986262249e7,6.503387499939771e7,2.5282811917096218e8,7.649539593155555e7,1.8135054528705382e8,4.175631696637057e7,2.544021774174274e7,8.370131268235557e6,3.1139226308972046e7,1.3320588734579757e7,3.441664986039125e7,1.47344856175911e8,2.8667898384052986e8,1.1453559659786068e8,2.5474036804027017e7,1.126674390024234e8,1.1112742229098503e7,1.182728560015144e6,2.2090127580523467e8,1.4239748862741947e8,1.402645184936863e8,9.33734177595243e7,5.0905083263533495e7,6.1424566443523526e7,2.4411068276827876e7,3.0570064425482646e7,3.065822033689545e7,1.272986317762097e7,9.266564076479008e6,2.9070491737430017e7,3.1043891645131726e7,1.573001825765134e6
7.6238768512686435e6,3.506089190831344e6,2.5505348364467133e7,4.210645739652316e6,6.834170121933862e6,1.6891873741548506e6,4.579417506123107e7,2.7563590306064457e7,3.1361229561078683e7,4.478154063483049e7,3.087410259589415e7,4.969390296644738e6,3.2286261049669078e6,3.389888901342841e7,2.246620276522907e6,5.13194117819198e6,2.151822885965398e6,970807.3054229461,2.697653388421624e6,8.573687491692415e6,3.3655119514614874e6,2.1847786788385017e6,1.6519765948259456e6,7.425716754242799e6,8.448424868909145e6,4.0575773321539834e6,1.712369180258852e6,3.695951533436044e6,3.555984426360575e6,6.765208424598323e6,4.405338615519226e6,4.405496307136042e6,52278.44379525132,348158.3142877797,233937.0653547783,3.097586010438252e7,1.678752433193519e7,1.9057031285131914e6,1.604881321405607e6,2.1191656584896322e7,3.1642442697633386e7,1.3581781440158159e7,1.361231152752257e7,4.3435007856017716e7,5.631164035011755e6,3.300862825774864e7,4.739072295034875e6,1.863281154320538e7,9.650636676038086e6,2.105858866168252e7,4.7862569412194684e7,1.9943514932474297e7,4.346970909578174e7,4.4508915341919646e7,3.491820754645197e6,9.598870247541256e6,2.265489791740476e7,1.6129477821212512e8,5.23456204488402e7,1.8064540010236403e8,1.7358178639666292e8,2.8149374506377462e7,8.301220696573417e7,2.3095541084883186e8,2.0261403140128363e7,2.1913066195901174e7,3.276224168616742e7,2.1579536267833807e7,5.317794240500456e6,6.875407277670869e6,7.246057204689836e6,2.9919664267627704e6,550034.415008282,583084.9008387754,1.1267767128163312e7,2.717142202507553e6,7.342024906578982e7,1.685923417496793e8,2.203387364746414e7,2.2425307403887745e7,4.93103037552594e6,2.8504298343099177e8,1.457390235551443e8,1.5416097950918121e7,1.1275873918449651e7,2.0903574095454622e7,1.4889128772587356e8,7.377527243823844e7,5.56558576275731e7,3.959712818439654e7,2.2923079812565256e7,2.8045177531218044e7,1.9353854454903802e8,4.30578544701807e7,1.5014712154113064e7,2.9680289891565062e7,2.6826131686587164e8,1.144505753403222e7,5.2707645614102185e7,1.1783430923457181e8,1.2376432459949024e8,6.6055625946839e7,1.0180576466052175e8,2.191070547928886e7,1.3121074354813503e8,2.8774254466129917e8,9.676164575685431e7,2.5856976932683125e8,9.946667719877316e7,3.243880147859284e7,1.3734496945578593e8,1.0053970710771224e8,8.96650714823625e7,7.345842502426586e7,6.097470551499315e7,5.869137231083936e7,5.7743520426679894e7,1.0949878876168081e8,1.1001992926571108e8,1.4912815089504201e7,1.7998994598734297e7,3.07841054921944e8,5.7507927428895585e7,1.8960627830963608e7,2.3037176481764555e7,1.255625288088431e7,1.2646683392943075e8,1.2709311032558843e8,5.5019179065101296e7,1.1373365428251037e8,1.6430810248105597e7,6.458190473949459e7,2.5168450335400766e8,7.614704045772122e7,1.8054703371983057e8,4.1519350097647056e7,2.5256951516842928e7,8.315459002580881e6,3.0767149658602238e7,1.316684684852552e7,3.4005875658859275e7,1.4570493655619138e8,2.8377213079470456e8,1.1350473889446157e8,2.5226016651116595e7,1.1129998320109591e8,1.093732215110003e7,1.1630887930646224e6,2.1798254095850515e8,1.4053219979298353e8,1.3840108630438223e8,9.217141910923806e7,5.025001785035609e7,6.066369951938775e7,2.4114301457296398e7,3.010725171041378e7,3.021759930404194e7,1.2503724637170337e7,9.105493140696516e6,2.8554143682995517e7,3.055644811834605e7,1.544870998637176e6
7.535985030929082e6,3.4326863332190868e6,2.447704279986607e7,4.0023833408356747e6,6.496781604028544e6,1.6222935398901042e6,4.412647481891198e7,2.6469352003081687e7,2.9985821590525687e7,4.32175742409135e7,2.99141640003397e7,4.7666127655167375e6,3.3221034297050866e6,3.486572373058189e7,7.018517473703181e6,9.353917213059623e6,8.444873538653957e6,196196.6802110561,2.5558345022486118e6,5.335055001543199e6,2.980675740972967e6,2.367902855999335e6,2.23838512312986e6,9.953694674307e6,1.0005294046447996e7,4.283176402140257e6,1.8979184435383347e6,3.727615492911441e6,3.485251714782664e6,6.424204483775597e6,3.9443653077479997e6,3.6575290141592203e6,49476.52750155763,317943.85847694,204038.71603081565,2.9084135006448906e7,1.541001740610386e7,1.7289319819355414e6,1.5071939634634454e6,1.9931283067041658e7,2.9126646378834106e7,1.276690584921508e7,1.2754359225970136e7,4.123104720075112e7,5.402295657951943e6,3.1310008941341892e7,4.589144875235445e6,1.800782324209103e7,9.318641400373526e6,2.0442329722462762e7,4.548102584045919e7,1.8953197095620733e7,4.113660136230622e7,4.221704351702797e7,3.364555075291222e6,9.15649220061605e6,2.2243219549454313e7,1.61990287515371e8,5.271025811477704e7,1.8165600588884488e8,1.740734264904945e8,2.8469112553202003e7,8.401754866632111e7,2.334136980205213e8,2.0504530119129714e7,2.188562618118954e7,3.2762230591616083e7,2.1445736942072593e7,5.355946824202249e6,6.9994055054474035e6,7.366089935739131e6,3.2049164573351974e6,566159.4272265899,599616.3047264024,1.1574360050201077e7,2.8124531855908874e6,7.252705956431493e7,1.665491661437266e8,2.1571357911325704e7,2.1966647523166757e7,4.833707855406807e6,2.8290510076626915e8,1.4468090925877196e8,1.5302839498499768e7,1.1190425117468353e7,2.0755604687918674e7,1.4783637621618396e8,7.32621633314175e7,5.5271252337761045e7,3.929161972543492e7,2.274736657958562e7,2.782706338793962e7,1.9195826408644602e8,4.271638480525753e7,1.4896768851997357e7,2.9446834244634565e7,2.663103371983947e8,1.1359070037003513e7,5.252396346959492e7,1.1730965465052533e8,1.2328790098005316e8,6.5751678778237e7,1.0105404025036828e8,2.1754610313646957e7,1.3040707146498394e8,2.859436647636342e8,9.612844884227234e7,2.56823793236094e8,9.863171885625121e7,3.214542755731539e7,1.3563268962636015e8,9.945326432355763e7,8.872746444051541e7,7.276456985851847e7,6.0105541273045525e7,5.786061556936747e7,5.698253206527084e7,1.0790507592028104e8,1.0838098420518073e8,1.469661923989366e7,1.773596143390262e7,3.031290581751408e8,5.664113600870854e7,1.867274515122848e7,2.2685307534382634e7,1.23634962089842e7,1.2468244380306368e8,1.2526215416708326e8,5.413386643040564e7,1.1197565417380352e8,1.6166009482955629e7,6.34142050571791e7,2.4736923365180928e8,7.48354132689276e7,1.7748129593745327e8,4.075970023175394e7,2.4766982596969683e7,8.14728986262135e6,3.007148922399944e7,1.2878378288274225e7,3.3239903058867145e7,1.4252115628588882e8,2.777650832565702e8,1.1116672318709503e8,2.4665542551076274e7,1.0860019493827288e8,1.0627765131911144e7,1.126223995737079e6,2.130209315379598e8,1.3735973447341886e8,1.3530810490189764e8,9.01057904038243e7,4.911664464727e7,5.932709356252458e7,2.3568699624881327e7,2.9345143489915576e7,2.945773606053267e7,1.2147909141200848e7,8.850472915114122e6,2.7741816896314263e7,2.972194009730197e7,1.498308681282008e6
8.1214792633494185e6,3.6462564757625754e6,2.648967700568309e7,4.074766123116048e6,6.635467552869345e6,1.6870152248894852e6,4.454285406651519e7,2.6591060833069492e7,3.006631864130439e7,4.319320187900228e7,2.9991301697824404e7,5.503126100138961e6,3.221015231821297e6,3.365369370503546e7,1.1719174113688385e7,1.0611613532559989e7,1.3636795370745964e7,1.1917126645892404e6,2.5558345022486118e6,1.0426035980022306e7,5.76994391319796e6,2.941127331862897e6,2.2286698190551014e6,9.378821856067862e6,9.565607156426298e6,3.744677257224101e6,1.5051040476342945e6,3.2823326207535183e6,2.9184897869289075e6,5.499329626606122e6,3.037396362775067e6,4.625802460252521e6,49499.20265183996,366480.4480641906,206342.83587453846,2.9517709757100698e7,1.5484805998701185e7,1.836773296346865e6,1.6035766216813142e6,2.069718623683166e7,2.7792411861166112e7,1.2630771891391272e7,1.2470707447881939e7,4.030117777166903e7,5.26629238422662e6,3.0890710609400265e7,4.556908284082137e6,1.7681641230519045e7,9.146797264391417e6,2.0389649029889382e7,4.301146634548581e7,1.7952513616665695e7,3.9540697592672184e7,4.032501387021055e7,3.0437094977000407e6,8.572052347731689e6,2.0940401647706658e7,1.541223891228758e8,5.02243641873768e7,1.7284023020305258e8,1.6591322741298604e8,2.7023413431120664e7,8.052240308824247e7,2.2326097859908208e8,1.931616606117886e7,2.0480379042616714e7,3.0992268586751048e7,2.0419681368684314e7,4.934271959275872e6,6.477597493242668e6,6.633485853266587e6,3.0350461825135024e6,535949.4538244621,572992.0429253837,1.1115940541799668e7,2.702645122210176e6,6.914500938083118e7,1.5884733241326103e8,2.094009951641398e7,2.1346997225440703e7,4.693515202623511e6,2.7327289682310504e8,1.3977005435551205e8,1.4784899014122212e7,1.081419169765335e7,2.005487929738337e7,1.42733441710577e8,7.076616346212594e7,5.33872446466459e7,3.793104409711846e7,2.1961235757233586e7,2.6872687506986007e7,1.8549210426226407e8,4.1270623395815544e7,1.438809316257592e7,2.844617873815645e7,2.5693831996283594e8,1.0967482483346948e7,5.069198038093536e7,1.1316546442190143e8,1.1899144114178483e8,6.322063489993297e7,9.733954211288793e7,2.095913591422552e7,1.2568604073721844e8,2.76018386247213e8,9.279658731821372e7,2.4785640743020904e8,9.542101423292519e7,3.1146584771579925e7,1.3120016394334237e8,9.61407195482596e7,8.60759575712689e7,7.020108421193318e7,5.822690466634808e7,5.604331764401308e7,5.540979128014624e7,1.0510607938303667e8,1.0562355893178613e8,1.431147785965093e7,1.727785246492477e7,2.9522247387241274e8,5.518086622683072e7,1.8194212734458566e7,2.210797990423291e7,1.2055714852405615e7,1.2132895853408624e8,1.2190603964876758e8,5.2652073535729855e7,1.0879923086857325e8,1.5779642455416288e7,6.21859965594901e7,2.408120731082738e8,7.2844755856837e7,1.7279058871892923e8,3.9740055767615095e7,2.4225284110331234e7,7.928882400465784e6,2.972607969646342e7,1.2733194974967606e7,3.2863731626299113e7,1.4070412183777153e8,2.736307861000572e8,1.0917629490339343e8,2.419022031106212e7,1.0696600794454773e8,1.0510791370888082e7,1.1074382857495707e6,2.1155152942666608e8,1.364166061979146e8,1.345555803280142e8,8.944502745664771e7,4.8737470164030574e7,5.883640651089518e7,2.3316454214123785e7,2.9173782136222202e7,2.920879128414308e7,1.2105838638318947e7,8.816511433805393e6,2.7646042586945307e7,2.9461821351232976e7,1.487333868014191e6
7.008319591710198e6,3.2125182027020263e6,2.22068009660569e7,3.818815899259843e6,6.181338963045114e6,1.528134727064014e6,4.276890158594067e7,2.5710359579016056e7,2.9100205396388244e7,4.2290946832162775e7,2.9263272701543316e7,4.058577783595297e6,3.4690844294194872e6,3.652540330225236e7,1.2570075669090569e7,1.4584168504510492e7,1.603588394780149e7,1.147107294600626e6,3.8576098211136707e6,3.8772221681746305e6,2.081221504017478e6,2.1125272855434064e6,2.7805526056251563e6,1.2750013308027482e7,1.1624464431519516e7,4.903961604285903e6,2.3900796070264187e6,4.132651343396377e6,3.941033137979309e6,7.045079101390184e6,4.54749611729255e6,2.495095204181979e6,47827.98320528708,261209.0941701501,187946.31402340392,2.7632417282184724e7,1.4598788916203124e7,1.5426080229617965e6,1.3702186606655957e6,1.855889934980482e7,2.8930265830263123e7,1.2417388522056032e7,1.2512104005355667e7,4.073998174587308e7,5.381537542110394e6,3.067687983401401e7,4.524948554592506e6,1.79050592634066e7,9.263292883698562e6,2.0109090700396426e7,4.6224046410508834e7,1.9238882415986903e7,4.1160271441089585e7,4.25147418860082e7,3.5670520421400527e6,9.401632326537434e6,2.3097264125832904e7,1.6906676886655742e8,5.503813101705243e7,1.8973310652428666e8,1.812621153425127e8,2.9894517891511522e7,8.760590401495367e7,2.435399040179836e8,2.166599474433136e7,2.3060562195340503e7,3.4257984169807866e7,2.222758001383534e7,5.739589545468016e6,7.523547568326335e6,8.072065783181241e6,3.498339644325186e6,602339.8666858923,632979.8458782112,1.2162668973439138e7,2.9686470160428225e6,7.48275774571536e7,1.7178111278133383e8,2.1817349370190497e7,2.220457366410252e7,4.891461602196463e6,2.896468277543863e8,1.4813750099249467e8,1.5666353633093435e7,1.145248440964215e7,2.1250623670308687e7,1.5145700827076825e8,7.503440121236843e7,5.661063580579026e7,4.024210031954184e7,2.3297019632613547e7,2.8491282265145067e7,1.9639358866215134e8,4.3715483131269336e7,1.5249716816842513e7,3.014018136156159e7,2.7295445360732764e8,1.163379567950584e7,5.3945242947987124e7,1.2045734890662475e8,1.2659257951428147e8,6.768745737822928e7,1.0370321520377374e8,2.2324886587600265e7,1.3386664916336589e8,2.931430309724006e8,9.852702143923528e7,2.6325449338812846e8,1.0080132885198444e8,3.2798971513359472e7,1.382869661418432e8,1.0155537207631913e8,9.036330370615906e7,7.448359524476153e7,6.114213905378261e7,5.886960434376872e7,5.782581122875494e7,1.0925732868049248e8,1.0967035473380457e8,1.4884650829746783e7,1.7955915738242734e7,3.0682359843015677e8,5.7325136019967824e7,1.8894515793535158e7,2.2950025930152882e7,1.2501339937725084e7,1.2638084173005095e8,1.2693434977388355e8,5.482680315098579e7,1.1354771583540247e8,1.6324927585181525e7,6.371654215599658e7,2.5019231926839438e8,7.569172440349735e7,1.7951305812210426e8,4.114418604179801e7,2.4917545418657515e7,8.226933060749633e6,2.9930159467851907e7,1.2821109976205982e7,3.3080681540768426e7,1.4207019378216016e8,2.775046637022499e8,1.113860562855108e8,2.471824748229884e7,1.083073510482984e8,1.0536452222528046e7,1.1196666667128678e6,2.1117540051194584e8,1.361818899104294e8,1.340182746739217e8,8.937771974410285e7,4.87314033913222e7,5.890844325328775e7,2.3442108205209296e7,2.9018569556822445e7,2.91978163456695e7,1.1964953224226018e7,8.722404988297282e6,2.7323890135642763e7,2.942783940249586e7,1.4790906763163838e6
6.947305251188745e6,3.2295270957832523e6,2.26884344195737e7,3.9900512590174032e6,6.454770348385954e6,1.5744021994766893e6,4.415575214244665e7,2.665061709721008e7,3.0298043175002497e7,4.366745977875106e7,3.008924080442834e7,4.058920204182248e6,3.412236278027446e6,3.5971584802772045e7,9.306458741558399e6,1.1799045682887478e7,1.2420273058235783e7,1.264545979255464e6,4.2123594428798305e6,4.1065116216450636e6,2.0243539343825453e6,1.743288690936289e6,2.3849135543591864e6,1.1189019021875188e7,1.0560859420638628e7,4.824744698431991e6,2.318862939700076e6,4.1839061446696054e6,4.0838915452429582e6,7.462265794352136e6,5.016141228941764e6,3.077335990774143e6,50304.83999940811,279208.4788978603,214897.6401615265,2.924173332196529e7,1.5822716810254386e7,1.6858722957787556e6,1.4394328820094883e6,1.9544386831148367e7,3.135074641338831e7,1.3162252551621098e7,1.3317428303141005e7,4.28387656121192e7,5.605993774066334e6,3.224793622582102e7,4.662187418948891e6,1.851118294829669e7,9.584993131032623e6,2.0658021904118475e7,4.870418801317751e7,2.0266738308724396e7,4.347078363548061e7,4.483224367754029e7,3.7271181524583455e6,9.880891889826216e6,2.3685947644748613e7,1.7002070742811292e8,5.5221440381740496e7,1.906120021390329e8,1.8244485451663357e8,2.991196874293383e7,8.746313737277246e7,2.4350125738520965e8,2.1694734302049536e7,2.334798454541438e7,3.45981226870985e7,2.2537975177471757e7,5.786401934488865e6,7.520838152362292e6,8.107285561198688e6,3.3629438403111068e6,595100.5479761313,624699.5032797265,1.200180844672989e7,2.912539320877164e6,7.623021376969141e7,1.7498449872670972e8,2.2336996965424802e7,2.2719104102157168e7,5.0022669294737335e6,2.933624963376608e8,1.5000529365484345e8,1.5864772084424026e7,1.1599338437567929e7,2.1514662828728992e7,1.5335881512675583e8,7.596276429757537e7,5.73090876949946e7,4.076952024154176e7,2.3601106004745726e7,2.8864617832565743e7,1.99011527115311e8,4.429069633340593e7,1.5450166000125537e7,3.053579976824625e7,2.764555442527471e8,1.1783987431096079e7,5.4463738372477464e7,1.2172102176069903e8,1.2784693726931709e8,6.844182933297893e7,1.0506983511506583e8,2.261351710614075e7,1.3547729886144635e8,2.966281877349359e8,9.972172847663142e7,2.665039799765593e8,1.0214560522791928e8,3.3246399581106517e7,1.4061616611850637e8,1.0313117507917537e8,9.16874075206551e7,7.557622251551925e7,6.225278582022627e7,5.993528668314375e7,5.8787592635164246e7,1.1117634002210677e8,1.1162068860806394e8,1.5145990790382553e7,1.8271905159369115e7,3.1242329612065333e8,5.835667117849783e7,1.923587981463213e7,2.336582901196082e7,1.2727550377355652e7,1.2857111005948879e8,1.291651272318019e8,5.587689541808576e7,1.1567722384005554e8,1.6628717893846879e7,6.496652974224493e7,2.5518322612056053e8,7.720811432584459e7,1.8306540926789984e8,4.199732046110151e7,2.5446303949955814e7,8.414085933461124e6,3.060219851143317e7,1.3100155900877336e7,3.381987482264823e7,1.45189996386613e8,2.835226617534146e8,1.1379899316915815e8,2.529589087244237e7,1.1096907366352877e8,1.0828789382949114e7,1.1553463852480955e6,2.157819819458281e8,1.3912791597553632e8,1.368586005507059e8,9.130469194456773e7,4.97918680129546e7,6.016719586387259e7,2.3965706201738805e7,2.971633563039334e7,2.9908105612042855e7,1.228396592616581e7,8.951719825946083e6,2.8052142842190843e7,3.0205725544085063e7,1.5218708783917278e6
5.839108810678289e6,2.920900310224165e6,2.1063060933718022e7,4.3096482605187725e6,6.931085178358978e6,1.587502722333912e6,4.6792286012932345e7,2.872972567340512e7,3.3113535907951865e7,4.6981091336055845e7,3.1893506828549635e7,3.270730415637811e6,3.536272167694976e6,3.7678328392026916e7,2.8406793952222563e7,2.515151091895975e7,3.6608888483981706e7,4.561239334550611e6,9.749149845429366e6,1.8925883663949564e7,7.915318598349325e6,784993.4283351986,3.154728105983823e6,1.5781775013485849e7,1.2017604975780997e7,6.029409722611543e6,3.349923911360554e6,5.245629811612448e6,5.558673559486066e6,1.0207152377820449e7,7.9318021661639735e6,4.886361643949452e6,56562.399981604125,293442.6202419053,294540.47629618016,3.2803776384161964e7,1.9100046909915302e7,1.9734948394682494e6,1.4951414252213668e6,2.1037013928404123e7,3.996372335291192e7,1.5299508419591963e7,1.585673874940905e7,4.961258068458893e7,6.379851421328169e6,3.687284742392156e7,5.039391520816172e6,2.050485058824056e7,1.0642508187280023e7,2.202476464213807e7,5.90726902616877e7,2.452225902416718e7,5.1929524643572964e7,5.379820645300838e7,4.700345786577107e6,1.2074449427136345e7,2.7470215754599653e7,1.8800415018941987e8,6.070467259285548e7,2.1045083206879315e8,2.0139526144947866e8,3.297641830373374e7,9.449467252057402e7,2.645640908522453e8,2.425725575307941e7,2.6785860362230025e7,3.886905093830189e7,2.5210105209740784e7,6.765163209671784e6,8.648491599205699e6,9.776204690248646e6,3.6194107410155567e6,649814.7834988846,669136.4586610263,1.2727184157957038e7,3.0666203347279676e6,8.576985874538332e7,1.967249859902178e8,2.4660667169668484e7,2.5008587639134303e7,5.5078584793014275e6,3.19882920282491e8,1.6347336377004018e8,1.7288006628402602e7,1.2638505964232586e7,2.3431418436541177e7,1.6727904497378993e8,8.276697018894352e7,6.244050056047539e7,4.45213323185077e7,2.576753919685362e7,3.150276938420995e7,2.170586926742031e8,4.830583917923312e7,1.6859128318966087e7,3.3309929767333988e7,3.0204276997200423e8,1.28605711589849e7,5.914441193035399e7,1.3248391194481105e8,1.388969609899899e8,7.498986608445014e7,1.1517454448199275e8,2.476944340200013e7,1.480715295207037e8,3.2328554359897804e8,1.0871870608972126e8,2.9078710785418946e8,1.1119267595546947e8,3.611874738736117e7,1.540753731851205e8,1.1285031599789432e8,9.958882786271222e7,8.284376359543708e7,6.821494038153148e7,6.56845438800842e7,6.3840960945720986e7,1.2060941438156317e8,1.2104150244396675e8,1.6438245008476226e7,1.981986677121952e7,3.394600788660175e8,6.334360630956943e7,2.087724208217451e7,2.535453924236573e7,1.3797398538920913e7,1.3964206501981193e8,1.4032790534033504e8,6.094824472724121e7,1.2628824956289373e8,1.80145788490152e7,6.999290752708516e7,2.7837191490726334e8,8.42509084351134e7,1.996132920685825e8,4.57715663401285e7,2.7617194150664587e7,9.233442300812896e6,3.273895901465879e7,1.3989343372136995e7,3.616294773308361e7,1.5548307566007984e8,3.045061192913025e8,1.228195728224181e8,2.745778957547248e7,1.1994118042892063e8,1.1709603236698654e7,1.2715828253058684e6,2.2881486550224218e8,1.4746475410878018e8,1.4461058640380967e8,9.683413484100857e7,5.2863902838861704e7,6.3882039986127555e7,2.5600001120975334e7,3.1612990224183667e7,3.1970048639755685e7,1.3095820513038523e7,9.54088547088156e6,2.9904960906854983e7,3.2453823693096735e7,1.6405685777873136e6
8.354519718542512e6,3.866891702305372e6,2.9778807988206256e7,4.800192704262441e6,7.803346828266732e6,1.9087597456714972e6,5.0424272227310315e7,3.0505802818034038e7,3.5014150585663624e7,4.8871472914074086e7,3.3440719254162766e7,6.197318362880591e6,2.9197292949734833e6,3.0622287651242185e7,1.8495809409506604e7,1.1026457058856392e7,2.2998965345430493e7,3.5824414812380844e6,6.137958744895122e6,2.069713678289946e7,8.996985986448845e6,2.62112208503712e6,968576.549878043,1.684019999533659e6,3.940194954736594e6,3.337142510982915e6,1.3583994799433942e6,3.493358341232077e6,3.671404906974272e6,7.495509095265856e6,5.642115624663212e6,7.059466913535519e6,59631.51680829529,465881.96178138215,312844.45055134915,3.617641503765607e7,2.042589740780959e7,2.4324386411334784e6,1.9267676333903251e6,2.4974846180442397e7,3.769468719250906e7,1.5645810768971113e7,1.5722725427614953e7,4.874625625858482e7,6.162018399630396e6,3.724100346880804e7,5.1140525818978455e6,2.0096127122115858e7,1.0429087176154364e7,2.264541559912031e7,5.3071249418838054e7,2.2116320568585686e7,4.885996710565791e7,4.9681123574541435e7,3.7227723527900777e6,1.052606708560652e7,2.315070997322808e7,1.5543154565578142e8,5.0090166116420925e7,1.734493894570449e8,1.680764324002191e8,2.656302356557642e7,7.844895782679543e7,2.190074166003629e8,1.9038264905614547e7,2.1348889786581144e7,3.1898012069157045e7,2.1418584732015893e7,5.043591997330045e6,6.3206190258296365e6,6.678169604524432e6,2.328786378743437e6,491502.75591911864,524506.110024572,1.0193811543437196e7,2.4003980744755366e6,7.409436816909921e7,1.7014170408164197e8,2.2912234182176333e7,2.3297278602989e7,5.111538874732386e6,2.8544647607810646e8,1.4585741932407463e8,1.5432866342420947e7,1.1296283893609136e7,2.0911935846428264e7,1.4890491233772466e8,7.377028593414731e7,5.564497254545568e7,3.966636872757539e7,2.296072968746883e7,2.8102875007189464e7,1.9419056130288067e8,4.3172623290948436e7,1.5049731461124966e7,2.9752461528820496e7,2.6834483165487018e8,1.1459562706596332e7,5.2190990666822456e7,1.1696513512607701e8,1.2267483071862327e8,6.550781750963703e7,1.0180136366325651e8,2.189609310508966e7,1.3078828603631002e8,2.8709657774481624e8,9.662295717014258e7,2.5831671979314482e8,9.991239183575137e7,3.266228788009791e7,1.3946267748473883e8,1.0161199335116082e8,9.06723049920808e7,7.391177324191615e7,6.224655152703339e7,5.989588349243919e7,5.887557951355344e7,1.1213509767597164e8,1.1279563676824714e8,1.5267699674395075e7,1.8436130829307687e7,3.158537359209851e8,5.897676809488025e7,1.9451913243143983e7,2.3641631946491e7,1.2891612025420606e7,1.2930394946051578e8,1.3005179288332619e8,5.65343977986607e7,1.1662053365778014e8,1.6911141997187845e7,6.6953022090862215e7,2.5942900854929683e8,7.850311004527967e7,1.8602897398093084e8,4.295393360631519e7,2.624209304306391e7,8.638914539209725e6,3.239374567389346e7,1.3839968066570798e7,3.5799064448533125e7,1.5301607104653934e8,2.971775649747808e8,1.1851834349442635e8,2.643204834853818e7,1.1746226553978813e8,1.1683235358426394e7,1.2495259277689713e6,2.3014410516755486e8,1.483059077937969e8,1.4607656055908263e8,9.720589984561837e7,5.300294167147609e7,6.388487122892865e7,2.5400342374107964e7,3.2007500661965158e7,3.2067715280977823e7,1.3413113845201442e7,9.755045666326165e6,3.0630438171732303e7,3.2596975849674806e7,1.66076510679327e6
8.540658607241772e6,3.9233418901091404e6,3.016670330762484e7,4.767754831049316e6,7.758275611244917e6,1.9130440006882849e6,5.011007662437977e7,3.0243361728634603e7,3.465778680925819e7,4.84212281585673e7,3.3199025620534394e7,6.362298203887066e6,2.898342793305381e6,3.0317673821895175e7,1.817439374097775e7,1.0515738975948576e7,2.2354721092841078e7,3.4447291204079273e6,5.585383367819025e6,2.0521838206078738e7,9.127311693174388e6,2.8353562238529525e6,968576.549878043,1.3205415848911733e6,4.034718675543911e6,3.0795221765605314e6,1.1128410229994017e6,3.2823338163588806e6,3.3939717909543086e6,7.026045626225451e6,5.203845756817123e6,7.075245128091216e6,58856.87679587037,471194.099093778,305414.7973883409,3.580049804756785e7,2.0070711227045257e7,2.4169902037304626e6,1.9312976949596186e6,2.4884335158658568e7,3.653472366748057e7,1.5370121409574786e7,1.5382371239017945e7,4.7784242566808276e7,6.045495136992183e6,3.6611899244672224e7,5.059250473126e6,1.9792905086594433e7,1.0268757429760326e7,2.245074519616619e7,5.145805763924568e7,2.1455908490048412e7,4.761157748369267e7,4.83245269724455e7,3.5544162817756915e6,1.0173651240593752e7,2.2478990530378032e7,1.5205868217061242e8,4.905808087563702e7,1.6971961132691887e8,1.6453823905259347e8,2.5980893062916484e7,7.712415346853903e7,2.150365346886676e8,1.8547852214089293e7,2.070362172843899e7,3.1100804094159927e7,2.0930906707332052e7,4.854450657035594e6,6.099962531115415e6,6.345410022581189e6,2.2932352057588613e6,481132.59008679754,516257.6066156403,1.0060638520166658e7,2.3735600587507864e6,7.238913538659675e7,1.6625671893879038e8,2.2522671558941726e7,2.2913396070312005e7,5.026330234799355e6,2.8070182697710186e8,1.43446149704155e8,1.5178167028315878e7,1.1110526459924739e7,2.0568623560981072e7,1.464093064516928e8,7.255055980586407e7,5.4724946376240395e7,3.899516798841071e7,2.2573118103445616e7,2.763121583554541e7,1.9097118105947554e8,4.245560374058973e7,1.4797952046015292e7,2.9256854648150705e7,2.637567380871125e8,1.1266859315960852e7,5.13412495726673e7,1.1501631108969435e8,1.2067118026900291e8,6.431858031600824e7,9.998666190545666e7,2.1508652350462727e7,1.2851821121040243e8,2.8230233151047486e8,9.500662083270687e7,2.5395598164827317e8,9.830236246475615e7,3.2153460886898097e7,1.371049620450419e8,9.989646908151145e7,8.928298619480988e7,7.261879022838987e7,6.121232990288128e7,5.889790376190321e7,5.800071447263466e7,1.1051739899862637e8,1.1118428361092788e8,1.5045907922453731e7,1.817080053953378e7,3.112318151917769e8,5.812387527415392e7,1.9171434673976533e7,2.330207169171403e7,1.2709229341778614e7,1.2739782153363703e8,1.2813283086514632e8,5.5668242404358916e7,1.1479935172775236e8,1.6676278322959557e7,6.611960491564575e7,2.5549512895537627e8,7.730852418354554e7,1.8321999402772573e8,4.231932322063632e7,2.5881996628189594e7,8.501830181166746e6,3.20585278082712e7,1.3700045453156367e7,3.543160094655783e7,1.5138458851899707e8,2.938085668447772e8,1.1704936756594095e8,2.608142592301597e7,1.1604542169201265e8,1.1549799216952024e7,1.2317782500286126e6,2.2815329360810834e8,1.470312674151881e8,1.449002533546863e8,9.635711965409723e7,5.2530649783644e7,6.331006412041051e7,2.5144972052954722e7,3.1724158086355597e7,3.1754145656115603e7,1.3296105785443997e7,9.669663923635483e6,3.0363413253426533e7,3.2258738624973685e7,1.6433428495733219e6
9.285966558265513e6,4.265114863084067e6,3.410954445294532e7,5.286547054889156e6,8.610828102886261e6,2.107935585214411e6,5.418622024625481e7,3.2840417003765628e7,3.7889290099515624e7,5.2040066547938764e7,3.5462646021876514e7,7.569993770958613e6,2.628240613106227e6,2.7476863031958114e7,3.4100402635957755e7,2.3606327744209066e7,4.236764751589511e7,5.768041096413974e6,9.489535820203416e6,3.1167811018494587e7,1.4350857725761808e7,3.596643844916837e6,1.419292492904057e6,6.72110973637187e6,3.674015100541568e6,2.8050348353807325e6,1.5009144055434696e6,3.311340094008648e6,3.8203456205887124e6,8.101581103207553e6,6.788508351243313e6,9.430597625580868e6,65388.09520908409,578033.6563996624,376109.5399701725,4.038842537358441e7,2.3312618261368085e7,2.8799665461719264e6,2.2168764586232034e6,2.8213616943071626e7,4.226199852685019e7,1.722645613291554e7,1.731072678801652e7,5.264394270146891e7,6.535151510379007e6,4.0427163244294174e7,5.393070781546852e6,2.112261951674759e7,1.0976575904779438e7,2.3855110638097826e7,5.665109124963596e7,2.3611442601977978e7,5.271549967433097e7,5.331294398173454e7,3.8671174000306604e6,1.114324376181504e7,2.318555599779339e7,1.4796315095326006e8,4.738414530965222e7,1.6456025211470294e8,1.6075869021658528e8,2.4779095150999166e7,7.343203348285864e7,2.0557048772236624e8,1.7669309690274134e7,2.0500315596049204e7,3.0631495011839397e7,2.0942614274681088e7,4.726140002133428e6,5.739163674957274e6,6.121038453254781e6,1.7223046347618082e6,433341.9225968542,466815.31878065044,9.142376867384506e6,2.0995838063614503e6,7.350776505039835e7,1.6880518606099984e8,2.336913345123132e7,2.3749977489555936e7,5.200921897587781e6,2.820211006634129e8,1.4403745746433938e8,1.524421264649759e7,1.1165623903101385e7,2.06447410231669e7,1.4693633993275547e8,7.279326291143295e7,5.49018114146628e7,3.919583268683531e7,2.2686703719060827e7,2.777897458263438e7,1.921930984217476e8,4.2701616859760955e7,1.488026833983697e7,2.942109240787392e7,2.6480328152151707e8,1.1319446777559146e7,5.105999453408472e7,1.1465908706492141e8,1.201218703864095e8,6.411665653845125e7,1.0039081597902003e8,2.1582176200794037e7,1.2864286011977963e8,2.8272497067304933e8,9.521874377250811e7,2.546452026049027e8,9.900481595863006e7,3.244277404170182e7,1.3944025671002382e8,1.0118723459879719e8,9.041284695719925e7,7.32962889007314e7,6.2530252387235425e7,6.0150588639406934e7,5.913943558292277e7,1.1308529108143026e8,1.1386911775139299e8,1.5392608388816431e7,1.85959642227862e7,3.190030572864926e8,5.954706434957319e7,1.9646465143780522e7,2.388530878127279e7,1.3031202919360312e7,1.3019838958321731e8,1.3104205586569735e8,5.714599237831053e7,1.1765444601061442e8,1.71322465821249e7,6.830148926725034e7,2.6294912011442038e8,7.957682885967441e7,1.8849780090157124e8,4.367948624558232e7,2.6797313550540544e7,8.809799325748682e6,3.3514892891366377e7,1.430238372177696e7,3.703651247864436e7,1.579494355546747e8,3.059155860065372e8,1.2162343573477542e8,2.718584273339203e7,1.216104406842031e8,1.2217558777214032e7,1.3100834043970583e6,2.389509566018797e8,1.5393242254482168e8,1.5170112846279168e8,1.0082948707846805e8,5.4977822473284766e7,6.61756778999558e7,2.6294504007053204e7,3.341013438543331e7,3.340193858017448e7,1.410146067946164e7,1.02450610301633e7,3.2202153616017822e7,3.407798775522303e7,1.7465191776243912e6
1.1331566947298096e7,4.96436678937355e6,4.0126407719341986e7,5.39515697847907e6,8.857767709155848e6,2.2798828257443174e6,5.428414001077275e7,3.2416106097959887e7,3.718180169727356e7,5.0624999643802695e7,3.4870071851923764e7,9.798704607645007e6,2.3458068024709383e6,2.371820124363693e7,5.290867409431649e7,3.957105295350201e7,6.518098720013253e7,7.909699322091883e6,1.1899873523214126e7,4.2118794668997474e7,2.1001410264262114e7,5.780292703709515e6,3.8505651210428495e6,1.643261150028168e7,8.985324855856977e6,833192.7729571275,1.505022907302969e6,1.4102503211836189e6,2.118334458461657e6,5.535575653272336e6,5.76636828621277e6,1.1849122769348284e7,63842.77646565066,709502.6070696822,387085.05787854246,4.084234623700972e7,2.3203824536861792e7,3.1531135143475854e6,2.47321977956226e6,3.0013455418920245e7,3.802868150072897e7,1.6398993277165942e7,1.6055913834677612e7,4.8241167029104695e7,5.889995870843676e6,3.802362617923551e7,5.140748297895417e6,1.9403165031698566e7,1.0075631874750912e7,2.3082574328588385e7,4.722298370686822e7,1.976636626459162e7,4.629398298364507e7,4.585727046790701e7,2.7042703342671203e6,8.941949166873042e6,1.7634830127436142e7,1.1425512184265468e8,3.6849618204279736e7,1.26931027798832e8,1.2573838390278542e8,1.8696007803984724e7,5.925282669478415e7,1.6369938057218397e8,1.2582110428557796e7,1.4386089437920133e7,2.295178588065917e7,1.646873670969175e7,2.8655073994575525e6,3.436360132250615e6,2.798729087782451e6,1.5468433145815486e6,317832.63879373745,372113.4040467157,7.57639523475719e6,1.7774261216554698e6,5.8711694183847025e7,1.3509150595572168e8,2.044002554696422e7,2.085914943508621e7,4.550599724516386e6,2.3941805216909754e8,1.223315430364774e8,1.2953928455492616e7,9.500075280668883e6,1.754876686448565e7,1.244119759352968e8,6.177459368806668e7,4.658628824203893e7,3.3178741646771654e7,1.9210290572585076e7,2.355542864573822e7,1.6351376726951975e8,3.629587357639245e7,1.2628073913534204e7,2.498936570920191e7,2.234450797550153e8,9.588422117768964e6,4.308523786725217e7,9.655180093586309e7,1.013904721101332e8,5.306753339973645e7,8.402448659480433e7,1.807903262419007e7,1.0790689604842596e8,2.390500976350164e8,8.054155693321711e7,2.1512627675772452e8,8.472515367736101e7,2.7976354986413576e7,1.1948866034826982e8,8.636597221209958e7,7.845651790754464e7,6.191360578830985e7,5.399792602672841e7,5.1903312036908954e7,5.191685744611869e7,1.0006225981202531e8,1.0098785617747404e8,1.3603525179298699e7,1.6462768912243012e7,2.821429297494568e8,5.273379167937119e7,1.741091973603245e7,2.1184590395738408e7,1.1586294209448446e7,1.146961207306686e8,1.1550323920511629e8,5.026794483355204e7,1.0300937114989768e8,1.5301389157883124e7,6.2195907740687646e7,2.3227364111307618e8,7.026713868921697e7,1.6655442444348085e8,3.884799553520008e7,2.415612224803968e7,7.7823494345882945e6,3.146991731490194e7,1.3441651430508029e7,3.479897853984172e7,1.476223544417189e8,2.8360209399677515e8,1.1142611246164075e8,2.4777995898515828e7,1.126770648560517e8,1.148916096618658e7,1.2085572348194784e6,2.2817179526802555e8,1.4701325144801953e8,1.4557575660587037e8,9.613883000491355e7,5.2344537216945685e7,6.288783485312147e7,2.4762035709439356e7,3.2001852478447475e7,3.1701494941168148e7,1.3607240673574112e7,9.874617867726991e6,3.1074734670953806e7,3.2300678285954274e7,1.663233482010881e6
9.602222240798494e6,4.281534883378787e6,3.3226686344900653e7,4.786576392618674e6,7.827435358495338e6,1.9938668197561465e6,4.9901852464890845e7,2.9834692492529582e7,3.403071459301024e7,4.743337793361068e7,3.275299612303855e7,7.540003660581385e6,2.7565671406429457e6,2.8467672591886215e7,2.853500069434421e7,1.982872588289236e7,3.470921263485373e7,4.422468934033241e6,6.035144978520116e6,2.5902069876023263e7,1.2736275133757355e7,4.0523151003339333e6,1.977745736887055e6,7.492894363347593e6,6.066590507883046e6,1.8990497462202273e6,573699.9941276994,2.304538500666705e6,2.214211733813316e6,5.197221761044974e6,3.910915863700568e6,8.246352238897113e6,57427.78532856397,537366.6093550082,300818.518234226,3.5627622007847406e7,1.9620960315916967e7,2.523205222411765e6,2.0510655891534346e6,2.5601826962328497e7,3.3251923420571852e7,1.4722034304038027e7,1.446597660586745e7,4.490643818757151e7,5.65748956084973e6,3.494378767269033e7,4.904969791772565e6,1.8787915020130437e7,9.73962293678519e6,2.196295427857739e7,4.564561836939172e7,1.9085951051276956e7,4.350056272142769e7,4.36547655472178e7,2.8643025979185887e6,8.843893412128352e6,1.955986514496694e7,1.356942848996968e8,4.397419678271163e7,1.5150868134689724e8,1.4746809615389672e8,2.3074280052748553e7,7.032721807027715e7,1.9494324791343483e8,1.6125952060986934e7,1.768218630779214e7,2.7328274197921894e7,1.8689697047860205e7,3.95511889328371e6,5.022206166775723e6,4.765805699036646e6,2.119574357326742e6,426587.70470011333,470837.88597476104,9.303590277696986e6,2.212066742896274e6,6.481524593903915e7,1.4900265564052635e8,2.0959345738135e7,2.137330105879379e7,4.681245965425478e6,2.5924062671464276e8,1.3252065139034802e8,1.4025002555774724e7,1.027120330076554e7,1.9011199905381665e7,1.3508005413012233e8,6.7010357350740954e7,5.054454128935088e7,3.596217448345226e7,2.082106745079354e7,2.5501674732131694e7,1.7648917184646207e8,3.9223730155002125e7,1.3662033640010081e7,2.702150273621005e7,2.4294388813779038e8,1.0394899469619682e7,4.737698745126333e7,1.059888261847941e8,1.1134926992407414e8,5.88102454096776e7,9.174969884117767e7,1.9747083670441963e7,1.1812554921555717e8,2.6039757377142584e8,8.763810528255224e7,2.3410296948726046e8,9.108379921767741e7,2.9889395764061358e7,1.2686373750309116e8,9.233880022091244e7,8.318782335908668e7,6.6846390586190104e7,5.679863194675695e7,5.463367714249546e7,5.427504036888809e7,1.037538846280105e8,1.044821857142921e8,1.4117133580263346e7,1.7062561711517673e7,2.9202708321097684e8,5.457700272124084e7,1.80069590382624e7,2.1894553441231456e7,1.195563686501249e7,1.1936676295027116e8,1.2007211521656941e8,5.207516096998553e7,1.0717450511193736e8,1.5717330933896014e7,6.287522234823839e7,2.3938456533978987e8,7.241768024486053e7,1.7170354284380302e8,3.97651677261441e7,2.4473608294530608e7,7.954448506537413e6,3.092188184607103e7,1.3223455955404535e7,3.41878254085065e7,1.4569784055060056e8,2.816461766325711e8,1.1154477201893789e8,2.477310766088302e7,1.1108568985384114e8,1.1127648290437141e7,1.1729044239578692e6,2.220131674607341e8,1.430946522878134e8,1.4138715754110488e8,9.369987865537786e7,5.104087784512915e7,6.1462921170329526e7,2.429044043511842e7,3.089888426828851e7,3.077770838902987e7,1.299052379074591e7,9.442690477680214e6,2.9666264449748557e7,3.1223190583823547e7,1.5931888914230033e6
1.243385087006515e7,5.306101228479937e6,4.302346088538862e7,5.284390707888327e6,8.72494431668952e6,2.325368312637154e6,5.261266315802163e7,3.1043719204109747e7,3.541142841144845e7,4.8035791938066006e7,3.3415646165774506e7,1.1058872365382386e7,2.4540369032355705e6,2.452345611678597e7,6.852568717908472e7,5.334917445822635e7,8.4527791038162e7,9.800410020367017e6,1.4850109823842969e7,5.0533195754682004e7,2.592836783235489e7,7.159650075054311e6,5.738679629125978e6,2.4935904331199963e7,1.51014425869057e7,2.0077763366619463e6,2.600218602231752e6,404154.6100615611,1.4854297189173328e6,4.0690298683794476e6,5.831842670307982e6,1.3411336074323589e7,60487.69224261329,782220.404551494,388652.0110707528,3.973016523699321e7,2.2394397451975483e7,3.2520323800797425e6,2.5700519282166893e6,3.024429950134601e7,3.40035239087515e7,1.5231389203619022e7,1.460507857311725e7,4.339274066939436e7,5.231691122850606e6,3.496635323754418e7,4.809555886068687e6,1.7588650145055804e7,9.122938374815885e6,2.1878406900588077e7,3.882829295399931e7,1.6323275643584898e7,4.00749856150966e7,3.89125592455769e7,1.7908069953626047e6,7.055380595780846e6,1.336284422690058e7,9.631824737297213e7,3.1715762074468885e7,1.0765095720588647e8,1.06435100323893e8,1.6134788508895073e7,5.394027395450065e7,1.4647863394131592e8,1.0395215064208826e7,1.0532171964054275e7,1.834340214160185e7,1.3482632047480885e7,1.824515987742383e6,2.598652188536983e6,1.2729843643342785e6,2.3670107962516127e6,315504.2640102796,375444.89360454236,7.671957345460901e6,1.914935632286657e6,4.7942948395274974e7,1.1056192630861406e8,1.7953675129431486e7,1.8404615435602125e7,4.005455057929029e6,2.1014220347350815e8,1.074803829525321e8,1.1384107836633846e7,8.353046406588631e6,1.543721661598819e7,1.0906534078561684e8,5.428087699234252e7,4.0935951672686085e7,2.9031346276296493e7,1.6816046117030773e7,2.063937945344211e7,1.4354995300600588e8,3.1857215726340912e7,1.1070473689624982e7,2.1922941412627716e7,1.9519384381533462e8,8.399433859871062e6,3.8044201066290684e7,8.486078027670577e7,8.945238821556582e7,4.5918015116056226e7,7.28440944216167e7,1.5696685244706493e7,9.406321123525453e7,2.0977545915239686e8,7.064667025749987e7,1.8838519570193323e8,7.472000048738337e7,2.479799312970009e7,1.0453659802314287e8,7.556221008277084e7,6.970044256702314e7,5.3835297863890946e7,4.740105394702548e7,4.553966338653689e7,4.6331792792219475e7,8.968306556374587e7,9.063740967112143e7,1.2181109969425617e7,1.4760002588615369e7,2.524623194883784e8,4.725631608452213e7,1.5609026963823726e7,1.9002416135891754e7,1.0413277704784004e7,1.024905316126459e8,1.0320694378722355e8,4.4709819923155e7,9.134122008391248e7,1.3787934682537125e7,5.6791724842629485e7,2.069988914686419e8,6.259285732371211e7,1.485054899980829e8,3.4766260584677115e7,2.1834688642132837e7,6.904487577437798e6,2.929784209167398e7,1.253117205489499e7,3.241606612614536e7,1.370345073262128e8,2.617589926529546e8,1.0193051322436169e8,2.2528001463803556e7,1.0362575457313316e8,1.0657203879950197e7,1.1008123716200693e6,2.1515391990960222e8,1.3866636138282725e8,1.3783059747651678e8,9.058108949302457e7,4.925816254993983e7,5.912383031402978e7,2.3104995149373587e7,3.0182722261162546e7,2.969340823417419e7,1.2877050389835453e7,9.339327014412656e6,2.9408211310311537e7,3.0172440488571484e7,1.556346616789459e6
1.1123423538865585e7,4.750787612924509e6,3.722537416946117e7,4.607442405479744e6,7.602969616433481e6,2.052070705053243e6,4.752112547993758e7,2.786956254988853e7,3.1450997229360383e7,4.384064598837368e7,3.07624869443239e7,9.332677677849172e6,2.829124804757331e6,2.8800954521538258e7,5.28894810847394e7,4.158197147451587e7,6.495451914373652e7,7.318524931800797e6,1.0545848401482549e7,3.848879844463583e7,2.0213602226567138e7,6.05956708467662e6,4.817008325182095e6,2.0593343983567853e7,1.3915331999097133e7,2.408739998916669e6,1.9953602227217248e6,1.186392460562209e6,557392.1013629875,1.846624370670656e6,3.156255837812919e6,1.0472530381252194e7,52298.17634329822,639334.8218068989,292580.6294441501,3.373051710805256e7,1.807575212279668e7,2.6309359059571526e6,2.1760492543590195e6,2.5749360798296794e7,2.6215065069376368e7,1.2901935246704068e7,1.2182758663737828e7,3.776599078549676e7,4.736041906840992e6,3.0404196828937963e7,4.455056675648591e6,1.632173416773197e7,8.44011921182823e6,2.033742816092288e7,3.321492742980154e7,1.3997654255681582e7,3.418928829984741e7,3.3348183967452522e7,1.5175289874211994e6,6.079903909071928e6,1.4274054094065022e7,1.1455589413568553e8,3.786769034627949e7,1.2874278301903827e8,1.2464251110093953e8,2.0001926170376297e7,6.367881010882906e7,1.738286431547435e8,1.3563522046117648e7,1.3305318887730563e7,2.1968494469075967e7,1.5123796762374232e7,2.8521374757003505e6,4.057445085310045e6,3.273259399836329e6,2.7747311547052357e6,409981.57951133105,462514.72278216656,9.21135432131659e6,2.297640814044222e6,5.16806892579216e7,1.190738455428454e8,1.7770765487035327e7,1.822928358638135e7,3.98522643522854e6,2.233832591210843e8,1.1433682077151163e8,1.2102309300318638e7,8.865233733144917e6,1.6426045300697375e7,1.1631176734841807e8,5.7842161688285656e7,4.363239452056737e7,3.088434666449816e7,1.788971760817236e7,2.192928170190337e7,1.5199059555283558e8,3.378078968795886e7,1.1753128315323263e7,2.3262510768408794e7,2.0841497498321414e8,8.939466437523035e6,4.124941327238618e7,9.17720889058901e7,9.68315364771156e7,5.0160430160628565e7,7.811340649952596e7,1.6842204748239096e7,1.0126941201127204e8,2.2466235575852612e8,7.555218031588718e7,2.0144023585758838e8,7.878087579071753e7,2.596794115851038e7,1.0828999396416433e8,7.898966335567065e7,7.233335596373557e7,5.692438113924674e7,4.8547233206414275e7,4.66777048484035e7,4.728478071864748e7,9.069107352682653e7,9.143643966537301e7,1.2327693481352607e7,1.4918940943840075e7,2.5459394296183628e8,4.767174079601504e7,1.5734304245442012e7,1.9141069298789006e7,1.0474428017946877e7,1.0403921590483987e8,1.0461580235187343e8,4.5056545244247265e7,9.248329560713029e7,1.3800139215402564e7,5.5962193982052095e7,2.0733536210510096e8,6.268469788530601e7,1.4882765824934125e8,3.456313975795535e7,2.149667990788481e7,6.8297158108338695e6,2.808491161061643e7,1.2037129637982506e7,3.107611608482878e7,1.3191798363575932e8,2.5332567466615492e8,9.928277921597354e7,2.185365364113476e7,9.921900098424762e7,1.0016476176431924e7,1.0275035207892254e6,2.0495200633025923e8,1.3216274073400901e8,1.31244164604213e8,8.642742610244653e7,4.700105275236659e7,5.654726814607867e7,2.2124961305620078e7,2.8489376711896103e7,2.812443284124332e7,1.200898923167695e7,8.724731462135296e6,2.7426150931963183e7,2.8387535984855425e7,1.4489454608217308e6
1.1039797776522864e7,4.644621390807981e6,3.592811888377105e7,4.203785353106725e6,6.9608889254089855e6,1.9357242499946728e6,4.401284817878953e7,2.5524129172280442e7,2.8502964991196908e7,4.035990115636566e7,2.864492259719525e7,9.237381700901872e6,3.1011214637430846e6,3.174753021368439e7,5.7508541198542446e7,4.647947586241901e7,7.07624785739046e7,7.724690660900224e6,1.1379034955530934e7,3.939875279474612e7,2.115010669288466e7,6.371583213354983e6,5.631428597808352e6,2.4411920379922405e7,1.6897911661691997e7,3.604379556574458e6,2.681919538612841e6,1.8609704663605483e6,1.0574282200668307e6,612796.4223361312,2.8619594277847605e6,1.0210685711157832e7,46390.92884712957,616554.577535513,251997.31343847333,3.013386970435962e7,1.5552894286298802e7,2.397751770275204e6,2.0362947747385975e6,2.36374574540152e7,2.0282889405155953e7,1.1120579788367925e7,1.0215128300733011e7,3.2473690670447744e7,4.16643683055193e6,2.6524013605974887e7,4.108594857234219e6,1.4804660234659877e7,7.633662617363322e6,1.8938565726917975e7,2.6456948545138244e7,1.1208933728701776e7,2.8146200909481354e7,2.7183553641624156e7,1.1079835561892104e6,4.756117952488905e6,1.3344633340846386e7,1.1938566531897233e8,3.98101114874163e7,1.348738227814411e8,1.2881725319898356e8,2.1517131670596275e7,6.766779428973824e7,1.8428431140701792e8,1.4846872029815191e7,1.3846486118210476e7,2.2629027156304147e7,1.5033110980156574e7,3.2520689641816188e6,4.787456135751608e6,4.37957822724242e6,3.385755328922658e6,469924.0062534005,518475.1161642563,1.0203561364023458e7,2.590111722521637e6,4.991715331173822e7,1.1502973263038985e8,1.6625280808460765e7,1.7098409445633262e7,3.7459548730816324e6,2.1958129916142318e8,1.1249018184273463e8,1.1902712950511932e7,8.711027429420732e6,1.6171142106663058e7,1.145246085936455e8,5.6975241064785436e7,4.2985860703608885e7,3.033755779872257e7,1.757610106997172e7,2.153449841558764e7,1.4901827516272056e8,3.3150506071981736e7,1.1537782563495224e7,2.2834657483764492e7,2.050994450855513e8,8.787693775775502e6,4.117520223177381e7,9.129284848049545e7,9.652470871101324e7,4.99404140868041e7,7.686859686470811e7,1.6589876768873146e7,1.0013053020097466e8,2.219232140145138e8,7.454724531164302e7,1.986170806195064e8,7.716081693977588e7,2.5369263112745587e7,1.0445150711898889e8,7.667021050567923e7,7.0302326078754e7,5.554966501359995e7,4.652309025453419e7,4.474670651293239e7,4.552473102821936e7,8.693214493945968e7,8.755626183739302e7,1.1818213914649393e7,1.429811413963849e7,2.433994555373178e8,4.561663325696392e7,1.5050997883513272e7,1.830514046512521e7,1.0016115155569479e7,9.9856003774205e7,1.0030817458812849e8,4.2939215902643286e7,8.830689058529912e7,1.3166844914400004e7,5.315552310323527e7,1.969275836409922e8,5.9519298075837106e7,1.4144274611153525e8,3.2719766161996942e7,2.030761308441321e7,6.416487839827115e6,2.643672261519948e7,1.1354359102959905e7,2.9262493140433513e7,1.2434413278874166e8,2.3894563332840988e8,9.364201781739531e7,2.0491920331812896e7,9.27355196083484e7,9.285446879293293e6,938465.7578580424,1.933989846475574e8,1.2477610282877609e8,1.2407896601071218e8,8.160886901521267e7,4.435334286528368e7,5.341793040964865e7,2.0835972006443888e7,2.672538019408496e7,2.6345907926024985e7,1.1196996185674373e7,8.141400543480698e6,2.5572445302415237e7,2.643458205180046e7,1.3409840719504266e6
9.444260275863603e6,4.060647714587326e6,3.0136095710414596e7,3.926641270662571e6,6.453036507836528e6,1.7434624267276868e6,4.270982437542399e7,2.5023423990723338e7,2.7953768770134877e7,4.037501484438717e7,2.8469843692934107e7,7.166932591714567e6,3.2179560194491893e6,3.3295952306806494e7,3.590481546826617e7,2.9646257876293052e7,4.38338829092257e7,4.511777383624444e6,5.9786886869490985e6,2.4192331736061834e7,1.3524474394440208e7,4.710027323969347e6,4.032442842801039e6,1.719983126654945e7,1.3469342608126784e7,3.5717322529898207e6,1.9198255221130517e6,2.5372496085654586e6,1.7193065755925253e6,2.72252743322286e6,1.6686955532650556e6,6.874101194131213e6,45051.95080136994,463861.39841040486,187488.08791789415,2.778259028544826e7,1.3840829834184017e7,1.920848372965721e6,1.7180856750547816e6,2.0831276404103857e7,2.065086490818882e7,1.0996073137801386e7,1.0390641831444278e7,3.423263029917992e7,4.521212429096941e6,2.7008077238595836e7,4.2065992001252e6,1.5741399807782318e7,8.121061886184864e6,1.9143140773615755e7,3.2652784752025638e7,1.3711357339979207e7,3.155072172053521e7,3.16105586624822e7,2.046116682597624e6,6.330095688689201e6,1.710229473916768e7,1.3835440180732986e8,4.558830596838729e7,1.557480369862271e8,1.489375312283426e8,2.463035007335389e7,7.513187073566748e7,2.0656014215595672e8,1.7347951591224886e7,1.7362590307037838e7,2.7092231017792083e7,1.782027440968579e7,4.151341995540413e6,5.71915655670302e6,5.53287199272576e6,3.2705499049974345e6,512264.2465527713,555870.0713968178,1.0853734037914097e7,2.698155969293441e6,5.954009593393469e7,1.369510828757225e8,1.8535427636967994e7,1.897732551332626e7,4.1699364413361796e6,2.4668348500030726e8,1.2628261394213901e8,1.3358720462470539e7,9.771201453442767e6,1.8136785093237896e7,1.2881943481767532e8,6.396530504911604e7,4.8259816357077554e7,3.416843194489432e7,1.9788924590364076e7,2.4224737043537408e7,1.673248090018945e8,3.723457510361056e7,1.2972994092252119e7,2.5659118570671532e7,2.3136216360512328e8,9.888728327270359e6,4.612993035438254e7,1.0260481204543473e8,1.0818980465047388e8,5.68227280694305e7,8.725739926349324e7,1.8810591450380396e7,1.1320382403295442e8,2.4951324940477115e8,8.383422477586049e7,2.2364633414955452e8,8.628817639172463e7,2.823219679330423e7,1.1740440108992898e8,8.623908235460225e7,7.800188928914426e7,6.2856759433392495e7,5.208169695153715e7,5.011942049053593e7,5.019600474801975e7,9.534270546096623e7,9.58672500330175e7,1.2974265771567864e7,1.5675494175151655e7,2.6722295623624313e8,5.001650338463552e7,1.6494190757622559e7,2.004790592728146e7,1.0947167018330034e7,1.0988331054444854e8,1.1036029861427689e8,4.7400365635540925e7,9.78216623776397e7,1.4342916236902056e7,5.698637080830406e7,2.167837885752778e8,6.55470509364208e7,1.5564356374411055e8,3.58299966755567e7,2.198114336784385e7,7.080974954240883e6,2.757710146660179e7,1.1836423766869685e7,3.0507510159699198e7,1.3027786884007445e8,2.522149386527297e8,9.990852173097672e7,2.1975135746593576e7,9.791904891129306e7,9.654157156280918e6,993825.7949057133,1.9868905975063887e8,1.2818020609610394e8,1.2693642885937895e8,8.396458687314074e7,4.569007065127189e7,5.513125461551022e7,2.1677113055696692e7,2.7344680896388132e7,2.7189083835756842e7,1.1354567652358538e7,8.267646088467323e6,2.5931537512338493e7,2.7286707056210678e7,1.3756612846314046e6
6.158339397802311e6,2.806846520596477e6,1.7755632625959814e7,3.3594569289124846e6,5.404517717829522e6,1.3192692286950024e6,3.92516192223666e7,2.364571620081302e7,2.6644764392182615e7,3.9604818420686014e7,2.745848860035341e7,2.9403271852586507e6,3.78713049161116e6,4.0045031540737055e7,2.8995091667658735e7,2.803756138697159e7,3.6677154305664115e7,3.5004868957007206e6,7.618363629759624e6,1.1106127560619727e7,6.942177286183085e6,2.4277686724269562e6,4.2215145366351735e6,1.956642153228722e7,1.5656021251198677e7,6.140911831181405e6,3.3870009082667916e6,4.882020337647211e6,4.773125990335734e6,8.1270670754789235e6,5.751565431402198e6,1.1673991750783382e6,43200.553254045655,146840.57456670774,152094.28512127127,2.3908246172317203e7,1.2469780303739408e7,1.1098492889726127e6,1.0665482600226144e6,1.532543759365274e7,2.7667998557879575e7,1.1342185665666979e7,1.1641175165895868e7,3.8620106548800826e7,5.206681441569006e6,2.855695733012658e7,4.310175717463906e6,1.7316247735361733e7,8.95063141243472e6,1.909719602259616e7,4.642797785441566e7,1.9276424122997466e7,4.002410676166361e7,4.1909865553817086e7,3.8845474450793243e6,9.63919992429897e6,2.4361007961051147e7,1.8167763984785053e8,5.927025072192283e7,2.0426546999637094e8,1.9391884070374665e8,3.2554491461119372e7,9.441096240064646e7,2.6249674125043675e8,2.3829659968192678e7,2.5096998518980626e7,3.684516417504778e7,2.3490429171463512e7,6.437616048877531e6,8.515809520280521e6,9.396101163699144e6,4.1566944922945034e6,675429.1660249155,701522.831872343,1.3382208724308195e7,3.303485714924403e6,7.824352535394011e7,1.7953560270585224e8,2.193030829333549e7,2.2303031998791028e7,4.924845938781492e6,2.9964705737703085e8,1.5328823266235518e8,1.6206620792074576e7,1.1839283085291618e7,2.1990273196914185e7,1.568940058246596e8,7.769516101090173e7,5.862367745498104e7,4.1651267890563264e7,2.411241380137365e7,2.9472276217253923e7,2.0285403741299093e8,4.5180759304130115e7,1.5769477423654035e7,3.115966686930483e7,2.8293701791567284e8,1.2042449085051881e7,5.623208536650236e7,1.2544794983721425e8,1.3187691167385069e8,7.078492993405285e7,1.0771407949470928e8,2.319158793410939e7,1.3921261098598003e8,3.0415290863474e8,1.0217268224796392e8,2.730026212924248e8,1.0391182366581556e8,3.370451348752368e7,1.4164895123412615e8,1.043966511190089e8,9.248709576396006e7,7.694549763409747e7,6.231853887369452e7,6.0025419149916805e7,5.872609088650758e7,1.1043558420030853e8,1.1070840488199651e8,1.5052534683332607e7,1.8144818290602364e7,3.098113463236568e8,5.7879897435250156e7,1.9069504951417778e7,2.315295710108944e7,1.2599854196021432e7,1.2801874417599049e8,1.2849667146902826e8,5.539512294147423e7,1.1501424805438727e8,1.6408184172401814e7,6.33942719108173e7,2.5201987579451334e8,7.624525549297322e7,1.8085251204036236e8,4.127281161548906e7,2.4830283626191523e7,8.248822982454113e6,2.9186661048549566e7,1.2514162036857089e7,3.225530782416477e7,1.3900269373261318e8,2.7274365168869144e8,1.1009668646743026e8,2.441578883961891e7,1.0590190341530785e8,1.0163100201208116e7,1.0836618232138199e6,2.0439610464912292e8,1.318487152698971e8,1.2954276774774604e8,8.662326428406394e7,4.724580207200563e7,5.721631582970071e7,2.2831096846442297e7,2.7908631475458562e7,2.8207045103220593e7,1.139657522519713e7,8.320095059377623e6,2.6025839056708537e7,2.833177848114172e7,1.4134215141787217e6
1.0437704923452947e7,3.7743135342847127e6,2.979037927131794e7,1.0741851056086114e6,2.0400528056940478e6,1.0328808687111061e6,1.5850456278480658e7,7.351547193212989e6,5.801784911672213e6,1.5604257073044293e7,1.300901867753932e7,1.0743647459945051e7,5.241508336018848e6,5.552913379984866e7,1.2630853222120821e8,1.0670138938016574e8,1.5755272905913305e8,1.714124552229039e7,2.9510414298883285e7,7.706551626108259e7,4.108024682599647e7,1.017306954581729e7,1.290846871394258e7,5.8920933053898215e7,3.929554906173418e7,1.1977354857526043e7,8.538429325252138e6,7.970710620893289e6,8.62859931921574e6,1.3366401175911354e7,1.3645398804769559e7,1.5638381258233557e7,2441.2526271021984,710993.3999465659,323914.37135717046,7.2889978752295105e6,8.929076382394431e6,2.000796661930415e6,1.3822695406485575e6,1.1022737638799515e7,2.5053183860223938e7,2.643927373608002e6,4.857257456019863e6,1.3777079303792097e7,2.396216192429447e6,6.335693764757109e6,1.9973845325680487e6,8.42518678697953e6,4.260950631116936e6,9.590980040692745e6,3.5923064208118714e7,1.4565679038716748e7,2.3197840679131962e7,2.7494558389283404e7,4.790253490955436e6,8.564638304143805e6,2.428794493664406e7,2.110270475550827e8,7.019298622671798e7,2.401264538120467e8,2.2038292391194108e8,4.0663893000457756e7,1.1513289120625849e8,3.176173200127704e8,3.0737928004174516e7,2.999930502014649e7,4.2173742561930686e7,2.4439322922171876e7,8.771201827657135e6,1.2194045820869971e7,1.4662543072347099e7,7.581962945533396e6,976436.742821256,987638.89842334,1.8506874961614907e7,4.842162659684045e6,7.560005302714264e7,1.730864623736128e8,1.62724237451018e7,1.6564858742001183e7,3.7299047741468004e6,2.838956356020302e8,1.4562575943395165e8,1.5370731957722358e7,1.1180172125664622e7,2.0923143001629516e7,1.4984924928206867e8,7.416548523646352e7,5.5999016203943074e7,3.946722060525945e7,2.285522119800987e7,2.785439514250018e7,1.9008227658010113e8,4.2509480779897824e7,1.4876139829681808e7,2.9364593319800366e7,2.705091152409732e8,1.1432938808658976e7,5.639094598008192e7,1.2452056420218638e8,1.3161953675432491e8,7.123117759057233e7,1.0370105642655417e8,2.237993417451924e7,1.3583224891804242e8,2.940325416050508e8,9.836584815615207e7,2.624469032216844e8,9.647934035611692e7,3.0764698520767435e7,1.2404479164117682e8,9.403992735789834e7,8.214509412713571e7,7.144895734368397e7,5.26139306963307e7,5.080832170852489e7,4.933043534188364e7,8.976505824629101e7,8.919026779824938e7,1.2266325655778853e7,1.4723991791081538e7,2.4874189513097683e8,4.6578239279287264e7,1.5302058059772473e7,1.8529291904280156e7,1.0036835217714444e7,1.0544320124419263e8,1.052384071584684e8,4.4225768099612065e7,9.343378198541349e7,1.2814247072044665e7,4.642389210008987e7,1.963418850977909e8,5.935266315490805e7,1.4124455774096647e8,3.1159179038412426e7,1.79584789357005e7,6.083499630199251e6,1.8489259385904063e7,8.068812021888359e6,2.046606411479113e7,9.029365584764531e7,1.820117138474699e8,7.569476762263347e7,1.6316282658629011e7,6.5414872632141866e7,5.434402652636024e6,547870.9871079592,1.2724529776214488e8,8.250785087589595e7,8.144742607462595e7,5.449870313927428e7,2.9628887435303982e7,3.644161956391406e7,1.4413735667485813e7,1.608395393875664e7,1.6446005227913221e7,5.896814326007475e6,4.3753926722502215e6,1.3470112265866121e7,1.5456903579655463e7,694663.4872263687
4.899198593116546e6,2.244143298165838e6,1.1906727740661794e7,3.011247186695239e6,4.78203295882169e6,1.09072305127244e6,3.6542010686732076e7,2.232015797080278e7,2.5272710002083346e7,3.809558702614747e7,2.6234210554198205e7,1.6752013781310406e6,4.1612683142478275e6,4.427192687090627e7,4.83053699960185e7,4.3754272607879005e7,6.098208750875658e7,6.402002533532399e6,1.2698433530453032e7,2.4461808052223448e7,1.3251776781874891e7,3.0673943528991565e6,5.861341191284435e6,2.7415393427952114e7,2.0189243135095432e7,7.736158933214552e6,4.643536178439129e6,5.990752866313032e6,6.130619374601753e6,1.0324646404916268e7,8.165505988475177e6,3.0893762263889136e6,41322.61587068929,62495.914510200266,181233.06582841987,2.178171094302272e7,1.2265997056192629e7,863473.5673537889,748371.0723998285,1.253506190588342e7,3.1082563436824456e7,1.1298472625611035e7,1.2035853769738704e7,3.9576638784062214e7,5.3597812424644055e6,2.8518089620580897e7,4.233407090387414e6,1.7516399855854996e7,9.059513742713286e6,1.8551338969293617e7,5.1328005538783446e7,2.124193550617867e7,4.28345116099782e7,4.542552106172973e7,4.600466859855521e6,1.0844516504748888e7,2.7088066371214144e7,2.0081171297589043e8,6.5488473624065876e7,2.2598290566007143e8,2.1347146068960285e8,3.631548354554014e7,1.0379008084988149e8,2.8912129937390804e8,2.690379632904076e7,2.8384750035366986e7,4.098905908585948e7,2.5743455512251407e7,7.479961068659904e6,9.895937455406556e6,1.1281430433869934e7,4.914116903051264e6,768100.1877805348,786738.067380802,1.4883190732769912e7,3.7014432307170746e6,8.525759771388699e7,1.9548741718450183e8,2.292975342103731e7,2.3270649033938367e7,5.149961026642168e6,3.1943352524789876e8,1.6340613129416794e8,1.727181640622024e7,1.2609415970815366e7,2.3436489242089596e7,1.6746637695492566e8,8.286441194622111e7,6.252839756837837e7,4.4446283798498265e7,2.57279143502742e7,3.1427525863174543e7,2.159795160388601e8,4.8128492149376996e7,1.680955194108198e7,3.320343993061162e7,3.023684189096921e8,1.2848557758420547e7,6.023778554510386e7,1.3439607813633445e8,1.4122047797819826e8,7.629446694666086e7,1.1546237235221125e8,2.4855160509299975e7,1.492037309972761e8,3.2498518644015986e8,1.0913486071584742e8,2.917073593503753e8,1.1036020478169492e8,3.5668795655181915e7,1.500250233115776e8,1.1084639268394458e8,9.75254644541422e7,8.210355357871474e7,6.5722122997039445e7,6.332885540952842e7,6.14931220361702e7,1.1509629980411692e8,1.152228071837433e8,1.5697772182765564e7,1.890510672822103e7,3.228074836827252e8,6.027773020958627e7,1.9851038458780646e7,2.4090603735269383e7,1.3093031919283869e7,1.3374940335333505e8,1.3418810133408378e8,5.785231658581598e7,1.2043468238873734e8,1.7002259993728336e7,6.490355776252914e7,2.6249558295335808e8,7.942682638581204e7,1.8835839706171605e8,4.2808766418952614e7,2.5547047465423517e7,8.580303282431927e6,2.9200350803721208e7,1.2520423429652683e7,3.225864248368653e7,1.3960248301303813e8,2.7554306488955986e8,1.1210580337370148e8,2.4915462514953658e7,1.0678836367534392e8,1.0113094484883694e7,1.0928007534206037e6,2.0203494376583257e8,1.3033665554032075e8,1.2764220212419951e8,8.574801775521825e7,4.680995346793445e7,5.6796658986676075e7,2.279547110783733e7,2.7446889615945205e7,2.793995355971779e7,1.1105824292129043e7,8.119286773621877e6,2.5361248954168864e7,2.80402853119284e7,1.3907119934950077e6
7.715558399197698e6,3.176763978497063e6,2.091303698661591e7,2.6084650223056213e6,4.258210562418034e6,1.2206948862602909e6,3.2805828717739917e7,1.9005948015692506e7,2.0598468162692606e7,3.2545606822182603e7,2.336182878006146e7,5.438531737820468e6,4.02013719582558e6,4.226264541516993e7,5.308615720605141e7,4.6899610614581e7,6.607032074313326e7,6.624602815990964e6,1.1528441414282847e7,2.8380231607215315e7,1.6445951958991632e7,4.96447431572234e6,6.346458203808065e6,2.8652767526155915e7,2.118181267602483e7,6.8054940183048025e6,4.19145285809579e6,4.799489486182253e6,4.523800306746942e6,6.804268346255696e6,5.321700268496059e6,5.159640970176506e6,30355.2850630164,292226.29972306633,29163.734350699848,1.6310620640205257e7,6.009340051811136e6,768462.8165616766,997209.1047815043,1.2071454272204898e7,1.4519853878854053e7,7.267457780200134e6,7.132154933124179e6,2.6826186498155877e7,3.930764516673382e6,1.990845077246421e7,3.572901672907554e6,1.389440906484423e7,7.13482381233587e6,1.624247819530354e7,3.275070290711929e7,1.3587491701657353e7,2.7009392034553945e7,2.891750864233944e7,3.1388556031098343e6,7.056187439024674e6,2.0970524003236763e7,1.738446155771045e8,5.737030437336454e7,1.9648086238882703e8,1.8460554506943724e8,3.19834899498413e7,9.358342254892108e7,2.5838060982648155e8,2.3390459741211656e7,2.3355183332131207e7,3.454500227852475e7,2.1483056866264477e7,6.192107879286592e6,8.50479171627246e6,9.369872398616213e6,4.817913736404941e6,704389.3687493814,733796.2925725146,1.4001979008888323e7,3.5423577228596765e6,6.957946789125492e7,1.5971887000396618e8,1.882083246550252e7,1.9220723289179493e7,4.258239284717254e6,2.749193032515458e8,1.4081415058506197e8,1.4882903921806796e7,1.0862407554166807e7,2.022174482424549e7,1.441732581857029e8,7.146891189997835e7,5.393642729432577e7,3.8154721667523876e7,2.209489209624524e7,2.6997987970368195e7,1.855769721193698e8,4.1373790629125535e7,1.4442074156681778e7,2.8539569018872775e7,2.5960979975660372e8,1.1043777153500248e7,5.25342548503055e7,1.1663123811463203e8,1.2300212027298231e8,6.559311618247189e7,9.865146689599751e7,2.1270071914707594e7,1.2832406272344969e8,2.8055623670629144e8,9.411952251308444e7,2.5117851341999164e8,9.505565749207145e7,3.0778170061500844e7,1.269440622475202e8,9.42987208129629e7,8.396638663707456e7,6.98574932874814e7,5.540539491084471e7,5.3386977523973666e7,5.270576310801121e7,9.858321809744406e7,9.870394329314415e7,1.3436977297297837e7,1.6194422225992406e7,2.7540310993871874e8,5.153456757249039e7,1.6971901970122684e7,2.0600443983377058e7,1.1213530037445e7,1.1442394205261937e8,1.1468381739713334e8,4.896297463875655e7,1.0189894685284401e8,1.4560118908595039e7,5.5983483830543146e7,2.2168747665861315e8,6.703218224305047e7,1.5924476107585788e8,3.6135744349019326e7,2.1689340124613624e7,7.128813773404078e6,2.5424720442809124e7,1.0951257424168369e7,2.8120904761003625e7,1.2136723226106308e8,2.3824680201584932e8,9.60392657876625e7,2.1053637649605718e7,9.077729427249242e7,8.549592511890717e6,882653.8526233792,1.7945145531268236e8,1.158952109700966e8,1.1432788128958596e8,7.614542507921307e7,4.146336205794082e7,5.03159844434356e7,1.9914811083973814e7,2.4174795855630793e7,2.4330237955997694e7,9.725128047880426e6,7.114784471002316e6,2.2210547178571578e7,2.409029736881843e7,1.1829444455287128e6
8.600032140357869e6,3.0841670676908176e6,2.2509740013276897e7,810022.2978957752,1.4092174196430906e6,785167.573049009,1.834472406494938e7,9.97087244349689e6,9.666200616628554e6,2.038301764978763e7,1.5480353187477855e7,8.520903691166237e6,5.083675502640569e6,5.394259344355102e7,1.0894368269947548e8,9.287854403858033e7,1.3603797456610906e8,1.4683609298160618e7,2.5644442694187555e7,6.4882922971336246e7,3.4798449074060924e7,8.597685040640352e6,1.1411898534306407e7,5.22269873949987e7,3.5370003324155904e7,1.1165889805208573e7,7.719270497406477e6,7.629286112103653e6,8.109802174500195e6,1.2652310275941195e7,1.226249575740678e7,1.26119927090299e7,10621.878455788978,546139.083825495,253629.57398347286,2.8154529894555705e6,6.105012238131278e6,1.3460079051256073e6,912281.887661789,5.834574349899794e6,2.4081175209769286e7,4.017730809506959e6,5.8666222380041145e6,2.0142280870707203e7,3.2128269061156497e6,1.1892809157733671e7,2.5418683130326443e6,1.0928936333648287e7,5.583708855542964e6,1.1563222273126397e7,3.957955992114869e7,1.6157159294770084e7,2.755801433215631e7,3.1647488024667434e7,4.7878366115347585e6,9.150715035018317e6,2.5581631955944166e7,2.1372387557970533e8,7.07434210867313e7,2.425407323521289e8,2.24147108619792e8,4.05719095469491e7,1.1502433425117399e8,3.1811859267071116e8,3.0533177919883355e7,3.0332932012628358e7,4.294136776602391e7,2.539519080264671e7,8.652521622147059e6,1.1908272503108768e7,1.4134734094702533e7,7.08756990966802e6,947482.9615099474,960339.4740821939,1.8022382262149088e7,4.666185756069972e6,8.000424165340665e7,1.8324437807492402e8,1.836450992741161e7,1.8666191893149924e7,4.1808501725961524e6,2.9969067556595963e8,1.5360559093090588e8,1.6218906195359418e7,1.1808453378010375e7,2.205765022711649e7,1.579094049153739e8,7.813922053862536e7,5.898955737342131e7,4.168017395253742e7,2.4133469923359e7,2.942888837140666e7,2.0118641633753908e8,4.494978909978592e7,1.572291153249479e7,3.104041287190164e7,2.851275401556359e8,1.2066462726752471e7,5.87031160282781e7,1.3000199339627823e8,1.3717741154397878e8,7.426767984560455e7,1.092296094698532e8,2.3555503270491377e7,1.4252245189647958e8,3.0891914065163326e8,1.0345286998821957e8,2.761772115978305e8,1.0227080201718396e8,3.2719074240784198e7,1.3363166119981053e8,1.0056926402058847e8,8.791973933134972e7,7.589782972585073e7,5.720066784660003e7,5.520458320339755e7,5.350787465420762e7,9.811449052044384e7,9.768278444910434e7,1.3401528274732726e7,1.6099298469911138e7,2.729195621908769e8,5.105157239647521e7,1.6782755707504127e7,2.03338953755577e7,1.1021862470195586e7,1.1493467405729872e8,1.148882401454352e8,4.868145932819196e7,1.024295553222755e8,1.413721538704605e7,5.187865673993607e7,2.175089837973373e8,6.577514413839387e7,1.5633874045337468e8,3.478942973750897e7,2.0232022636972707e7,6.858989315217848e6,2.1285119117147908e7,9.229338319572033e6,2.353718313156032e7,1.0342852442739747e8,2.0770472747490007e8,8.608518244057728e7,1.8782625003361177e7,7.667549035093798e7,6.639470673514562e6,696704.3924504328,1.4528481171955356e8,9.403929157136257e7,9.228482170409167e7,6.2104305770215996e7,3.384080297679344e7,4.148743622000045e7,1.6575775003510479e7,1.8764308879226957e7,1.929438721746189e7,7.066787087065258e6,5.223046644476188e6,1.6140180279650252e7,1.8590855646019585e7,864479.7717858383
8.450434491712408e6,3.244896747737038e6,2.234162419460944e7,1.7668817015320826e6,2.9444180187442903e6,1.0406948536669919e6,2.56234679578737e7,1.4232228047727665e7,1.459309198680912e7,2.573739324157102e7,1.916723204349389e7,7.210018423730384e6,4.511274633709348e6,4.757900635561899e7,8.25280874407841e7,7.098027735700354e7,1.028726570753655e8,1.0855662100164289e7,1.877123709274268e7,4.783049509121416e7,2.627328341757289e7,6.98503588867395e6,8.990628228004541e6,4.085499750469917e7,2.8486936692181006e7,8.851538175482716e6,5.931795937145416e6,6.000389351003629e6,6.064013472144814e6,9.111768282291172e6,8.524026362247013e6,9.17849156777106e6,18155.848960694108,429131.744704366,130386.52317300347,8.518498632623458e6,1.606201748806174e6,919796.1616533576,940975.5513582011,8.726830941095205e6,1.3436280812244672e7,3.99315836370132e6,4.350772652775737e6,1.9162791127241675e7,3.1603654735416975e6,1.3157169634354359e7,2.93806583500265e6,1.1533335662807573e7,5.8853538251991095e6,1.3574902765605517e7,3.049071956816828e7,1.2514965191379353e7,2.1814755054476634e7,2.4881665729945377e7,3.629774008524887e6,7.033355674152329e6,2.1770796647899527e7,1.8759557962915733e8,6.21981221441884e7,2.127567957553102e8,1.9771618236508325e8,3.530003789225964e7,1.0194460574100247e8,2.811804598159786e8,2.61847473511463e7,2.5705512217058126e7,3.726048692630851e7,2.243220773652662e7,7.150595121651701e6,9.91897691346939e6,1.1389669711599728e7,5.929567430951762e6,811905.9646660746,834710.8863756339,1.5798424844472418e7,4.063313417684827e6,7.09972856915635e7,1.62826238256705e8,1.7593988179410223e7,1.796830929747262e7,4.004672616332234e6,2.768487184744674e8,1.4190712971698046e8,1.4990202611914668e7,1.0925398485371025e7,2.0385738858447246e7,1.4556933200006607e8,7.213033011968888e7,5.4447164660336316e7,3.843694532351673e7,2.2259502502935443e7,2.717170292666755e7,1.8623538986208886e8,4.157431225161563e7,1.4525798350806033e7,2.8693709222863004e7,2.6230593445539123e8,1.1130770454996753e7,5.3819337347702816e7,1.1915865781659217e8,1.2583246871760488e8,6.741610873998818e7,9.997226494761738e7,2.1567342604850594e7,1.3051391367514966e8,2.843148985423019e8,9.526189922417198e7,2.5415625904609168e8,9.507468136621836e7,3.0605524467409108e7,1.2481060402689534e8,9.352045950901715e7,8.277780288928252e7,6.997874107038979e7,5.3852081305312425e7,5.193329687627117e7,5.106319425464232e7,9.453117350602436e7,9.438309205878991e7,1.289576075736719e7,1.5520515553236596e7,2.6316443367405364e8,4.927052381014287e7,1.6211758147507105e7,1.9661102385479026e7,1.068522846749296e7,1.1019060102859691e8,1.1025438693445058e8,4.673698653388045e7,9.780169249329984e7,1.37896142098546e7,5.1965700501919776e7,2.1003768622054884e8,6.3497054035788745e7,1.5097928638811022e8,3.3908277991474584e7,2.008256877781026e7,6.648047425112122e6,2.2617299060369097e7,9.786081963533204e6,2.5024272635655336e7,1.087415363201632e8,2.1519760613286704e8,8.755572345468323e7,1.9053043406530246e7,8.03278227742025e7,7.282804299496753e6,740891.8001160643,1.5852718029439732e8,1.025152630889375e8,1.0116452600468637e8,6.746669565477464e7,3.671575777901602e7,4.474712726898248e7,1.7693440453338113e7,2.0931400034089215e7,2.115795274905919e7,8.1903946371137565e6,6.0166970042189155e6,1.8706592878976967e7,2.0608500439998727e7,986273.6122919614
6.2148736846862305e6,2.477015766034052e6,1.3973503455566727e7,2.124243757576032e6,3.370894673266176e6,901863.0204700986,2.9545712726220854e7,1.755982887136731e7,1.9207197569331598e7,3.1214259234453756e7,2.2105166292778697e7,4.333592902844427e6,4.435089436862427e6,4.702320768631121e7,6.6173624938812755e7,5.82795593986707e7,8.285996902318408e7,8.641861724114176e6,1.5798610818440985e7,3.586078981166838e7,1.9862512651224297e7,5.120901479600897e6,7.596735483912994e6,3.4908688552798375e7,2.4969989440658662e7,8.534439370619172e6,5.41246044167931e6,6.182599701762365e6,6.262536440615345e6,9.967170434833799e6,8.3936712711858e6,5.79632511417395e6,28866.171982016338,214344.848977873,118305.5176976457,1.3326016516549818e7,6.52631167557169e6,276915.71628005314,506796.2192060868,7.475516038847589e6,2.296019188058311e7,7.782383474868287e6,8.52754024371624e6,3.0140732398794957e7,4.3530213865726795e6,2.1082380614088386e7,3.5594168580314224e6,1.4674688073297719e7,7.554169430783494e6,1.5829274410282344e7,4.2531756062647544e7,1.754743783741538e7,3.360899229880131e7,3.655106640821946e7,4.257483959657162e6,9.283553531995324e6,2.5221405523479514e7,1.995234463664607e8,6.556056438267142e7,2.2536349362728694e8,2.111421220186939e8,3.67977259699193e7,1.0546335607731886e8,2.925052750178443e8,2.731556285514812e7,2.7886642533319954e7,4.026180635861571e7,2.4760159003027283e7,7.547757625771569e6,1.0211680984929012e7,1.1692783409681113e7,5.570861573330739e6,811906.0349146212,831889.9783830246,1.5724759122030063e7,3.9801356840206566e6,8.032772361049312e7,1.8417639201714617e8,2.0666887681971192e7,2.101390002166518e7,4.667363859237167e6,3.047810365755493e8,1.5604754863780168e8,1.6488534119051864e7,1.2026871162238175e7,2.239569608401265e7,1.600402440326932e8,7.922351839555122e7,5.979099364714269e7,4.23771461758354e7,2.4534488982409082e7,2.9956093813394167e7,2.0555054399118364e8,4.584591147743386e7,1.6017527229338255e7,3.163698362913273e7,2.8878826332339376e8,1.2259324646480089e7,5.8320045010466695e7,1.2967593517771229e8,1.3654855487534505e8,7.360133105608715e7,1.102612422180024e8,2.3757068542445153e7,1.4311893406193715e8,3.115312784081181e8,1.0450470027677946e8,2.7912709881787777e8,1.0492417432131682e8,3.382136567694686e7,1.4039471286548907e8,1.0442719610197797e8,9.194842369514568e7,7.778570922508192e7,6.103495975315481e7,5.883923354538641e7,5.7314628109265976e7,1.0661666897932234e8,1.0656558659618385e8,1.4545543539223528e7,1.750745507488945e7,2.9805469680015564e8,5.570932989323433e7,1.8337121461064525e7,2.22437424830485e7,1.2083930839576432e7,1.2415453469463475e8,1.2440083406446195e8,5.325003923688897e7,1.1118870726427372e8,1.5635621624496607e7,5.910250835301896e7,2.4043340008137015e8,7.272747956455882e7,1.7265032577825063e8,3.898998734492919e7,2.3127550300872132e7,7.751232050971446e6,2.5957823674012866e7,1.1173303783538127e7,2.8689983784792002e7,1.246260451912812e8,2.4692198993212536e8,1.0080130950512893e8,2.2227163664770767e7,9.412739523577274e7,8.697904942715844e6,924260.2384596174,1.794911455699256e8,1.1591956452828631e8,1.137038238603918e8,7.63296087366865e7,4.163162914601837e7,5.066072741756744e7,2.026203681207711e7,2.401886780909576e7,2.447492611119693e7,9.527460002584016e6,6.985911180094717e6,2.1758051113017432e7,2.424600541707763e7,1.1809120284586728e6
5.039483648955005e6,1.811404314042107e6,8.404033951632272e6,1.887471929090143e6,2.867924986008727e6,586942.2762068096,2.728958526152268e7,1.6964800956567258e7,1.9135282641186412e7,3.0858633848407958e7,2.130341055464712e7,4.613394789643777e6,4.892357848407003e6,5.223069721580453e7,8.714022620702168e7,7.55395103552564e7,1.0930653824338917e8,1.1800821717110079e7,2.1605621236527424e7,4.989624236608422e7,2.6565294236023564e7,6.0772401462471215e6,9.426015535341902e6,4.3693975792189516e7,3.0108291038170163e7,1.0486047021008471e7,6.891843501637465e6,7.653707555424094e6,8.113764856964438e6,1.3259343121480718e7,1.176027256681693e7,8.725351640620798e6,31238.680185105713,291001.1423326553,240481.723259209,1.414801421158148e7,1.045847241718352e7,793865.7482447778,185801.2695207535,5.033352148008906e6,3.3021082699309483e7,9.431848341836821e6,1.0919987922429472e7,3.5520136219770215e7,4.935503352918742e6,2.4122795686658192e7,3.627697593127585e6,1.582505085181168e7,8.176205785960067e6,1.5696995001875497e7,5.346835690013031e7,2.200353891734318e7,4.188492039958319e7,4.558607334845779e7,5.412357240590941e6,1.167971077783199e7,2.9628016903752893e7,2.2610541130855286e8,7.406277614898911e7,2.5530220534520134e8,2.3856825903922555e8,4.1827825088992566e7,1.1789328478864497e8,3.2811404677816397e8,3.1423337291892312e7,3.2570252725118972e7,4.6164600089404784e7,2.8137837623048723e7,8.964604664962498e6,1.201880859591406e7,1.4164835270992529e7,6.462288010846104e6,928175.8942192378,938210.4792663095,1.7593234760142256e7,4.465387960572198e6,9.145478660943158e7,2.094981388530077e8,2.2683055324414827e7,2.2972527825100087e7,5.111010447711073e6,3.3562289326656175e8,1.7177653957104695e8,1.8146596565692227e7,1.3229753394951152e7,2.4639941441339746e7,1.7641893605536893e8,8.722745756572863e7,6.583349120118302e7,4.673894132979767e7,2.7054479561419327e7,3.3012251391232647e7,2.261996046746368e8,5.0467591198109865e7,1.7645411719020274e7,3.483762043571647e7,3.1891148140507025e8,1.3514708623356188e7,6.427784762768206e7,1.4311336945292255e8,1.5049923093690977e8,8.18516460988323e7,1.2224586048644388e8,2.632375340199943e7,1.5837486892448306e8,3.434778969265011e8,1.1521859263292095e8,3.079656174434815e8,1.1513256417039867e8,3.697429338120278e7,1.544333270538895e8,1.1495040600284532e8,1.0024887838420424e8,8.59950613965429e7,6.695226437271011e7,6.456711820519596e7,6.215926495226391e7,1.1513417689017951e8,1.1492342901024617e8,1.5720047881668407e7,1.890029055432563e7,3.2216097440773636e8,6.0149060516446285e7,1.9790298790713787e7,2.3994416020506565e7,1.301267317321532e7,1.3443372415679452e8,1.34681701087731e8,5.782025754037898e7,1.2104223403358257e8,1.6791477681634232e7,6.257439207763496e7,2.605781690579879e8,7.884930361004989e7,1.8704450677978152e8,4.209463586854747e7,2.4728187494489532e7,8.433476885234054e6,2.6727650897886746e7,1.1488886752166893e7,2.9517587132652644e7,1.2894035980502918e8,2.5757655498291972e8,1.0634330045149179e8,2.3605675394520015e7,9.853149059090625e7,8.991285754394451e6,986262.5013731039,1.8108945917039576e8,1.1692585274563928e8,1.139893017330248e8,7.715236880228966e7,4.2157189362163216e7,5.141619730879291e7,2.0792658123881795e7,2.414429959209704e7,2.4909119432165086e7,9.485735631354505e6,6.966187966373707e6,2.1661331093311433e7,2.4765424085163455e7,1.2023730118227438e6
6.656235843479738e6,2.2962511104145474e6,1.4914850487997986e7,1.1137754626880693e6,1.6176124973954945e6,510846.37132434675,2.1394406647554938e7,1.3012651305154571e7,1.4211636008067653e7,2.5234674564086784e7,1.7887331182196e7,6.723682561149711e6,5.115826840886069e6,5.452088679630771e7,1.0216418606163321e8,8.771276098959197e7,1.278587436884727e8,1.3824220992680933e7,2.4703054539358363e7,5.986768801308648e7,3.1952700479717374e7,7.574788752484203e6,1.08234057213403e7,4.987244856808109e7,3.3944208545234725e7,1.1272685622574262e7,7.620599255025169e6,7.978767375619236e6,8.505159375799522e6,1.3634663687177502e7,1.2631378808687543e7,1.1106510164520985e7,22067.42792573775,431783.9475547648,257880.04737675248,8.015634775436602e6,8.592287218168702e6,1.0373305857137257e6,445881.6745030051,1.4785877606916786e6,3.0479982396914788e7,7.275399324878156e6,9.037649597688474e6,2.950575074273434e7,4.251148305205624e6,1.907654754100358e7,3.0903113492865693e6,1.3716430507744547e7,7.065349566490257e6,1.34786641007755e7,4.923496298858115e7,2.0193247534149818e7,3.690755723788614e7,4.094711779314632e7,5.363051274489002e6,1.0995244016945621e7,2.8744768552449677e7,2.269922491380693e8,7.467480375576985e7,2.5689242224654767e8,2.3869505327984616e8,4.2529769572894596e7,1.1982984261231719e8,3.327231655502527e8,3.204411399208276e7,3.264828368117215e7,4.610234055490471e7,2.766871446365743e7,9.15859638057437e6,1.2414252632344984e7,1.4736979694292624e7,7.001186356430866e6,968189.5897160847,977715.4309060966,1.8314972924408115e7,4.6970568360571405e6,8.87149154098241e7,2.0317259156334716e8,2.109106360860888e7,2.137027697789237e7,4.770512449138725e6,3.2619070750605035e8,1.6704419980562583e8,1.7641728015704278e7,1.2852235560603278e7,2.3970146884971637e7,1.7169153263503212e8,8.489789828831208e7,6.408332334417064e7,4.5414991764418244e7,2.6290503881390426e7,3.206577520815097e7,2.1941104974332353e8,4.898806752641813e7,1.7134510663595077e7,3.382476744842719e7,3.103338632248602e8,1.3137635920055512e7,6.313625031353955e7,1.402653439788412e8,1.4769214505728716e8,8.031847983152348e7,1.1903384266390106e8,2.5645832661996674e7,1.5464942337045026e8,3.350252700160676e8,1.1229627873184645e8,3.000358197615425e8,1.11534806495648e8,3.5723947462881476e7,1.4793101286045688e8,1.1067723477495047e8,9.639761604627772e7,8.321285550222777e7,6.3724750957228236e7,6.148094720602664e7,5.918647334661671e7,1.0900302426663508e8,1.0863650495611715e8,1.4888839089078344e7,1.7888749780912507e7,3.0427526591074896e8,5.684029977179273e7,1.8692353891438667e7,2.265299785120034e7,1.2276433877178295e7,1.2755557046518283e8,1.276570592609446e8,5.452902407267876e7,1.1448989458201568e8,1.5786416362481544e7,5.8172892496476464e7,2.4468144203277665e8,7.402575394145185e7,1.7571922294321516e8,3.9310730174205676e7,2.2924427165577553e7,7.838056686544923e6,2.4167039186511155e7,1.0423386444370404e7,2.6696963041475765e7,1.1717802077776642e8,2.3533242455467552e8,9.770427872802891e7,2.1572320702457324e7,8.873563926513575e7,7.879085053361932e6,859214.5246651862,1.6294387533190233e8,1.0531939759864148e8,1.027188577591618e8,6.958234041699316e7,3.8001345171830505e7,4.650097640182059e7,1.8784726415862255e7,2.1377557729547493e7,2.2141187441057462e7,8.202953465983021e6,6.046074136360672e6,1.873278189229023e7,2.174542601359537e7,1.0349160942675973e6
1.020919442820163e7,4.0590386168624028e6,3.0102797214035627e7,2.6987469189948123e6,4.542475235750191e6,1.4591435323161334e6,3.1452021758110877e7,1.736742251562514e7,1.828598744463072e7,2.888984476158244e7,2.152875799085077e7,8.760196430396516e6,4.0602406163537223e6,4.238326827282475e7,7.872641149634236e7,6.661019580832345e7,9.770213023103529e7,1.0338663472278982e7,1.697595017858849e7,4.775965707616719e7,2.623021854443622e7,7.364120398822431e6,8.360067141845467e6,3.747218186743497e7,2.6021088343336284e7,7.309558911081162e6,5.065279831003638e6,4.590761229853294e6,4.431343834127001e6,5.98745135248195e6,6.4082822095553875e6,1.026150318030147e7,25668.097315224353,547930.333055253,158740.9221523334,1.6930700419901397e7,6.770173527144556e6,1.6304970752143608e6,1.4970011073792907e6,1.5598513643193739e7,3.3070991265835217e6,5.028735957903631e6,3.7321837381250495e6,1.6822433665532563e7,2.721074676663304e6,1.40275219350855e7,3.061782673510098e6,1.08503869177281e7,5.521227848205646e6,1.4524661410579024e7,1.6781078468207583e7,6.971913564146248e6,1.3271099702138351e7,1.4432998525731742e7,2.2828356226208634e6,3.974871668084887e6,1.6297421596181849e7,1.5652758960976416e8,5.237823208920879e7,1.7799127828689983e8,1.6535055857907677e8,2.96587764773033e7,8.793318317144531e7,2.407405099248698e8,2.164306821990457e7,2.024955718756597e7,3.028248334565598e7,1.8304966265021298e7,5.614719264433929e6,8.043089077664578e6,8.954430084528709e6,5.248738960085214e6,695750.7275806762,727675.1212057358,1.3905490137425547e7,3.6007111937910058e6,5.718273825363324e7,1.3138390459966093e8,1.522056082988796e7,1.566949968390792e7,3.4780890338914036e6,2.3866616786380336e8,1.2244082021708079e8,1.2937882071067426e7,9.43598011345486e6,1.760890588562615e7,1.2530697351539364e8,6.222953818163982e7,4.6973230234964274e7,3.3035869117800225e7,1.913925967411985e7,2.338685952255146e7,1.6065010764303523e8,3.5849335190502435e7,1.2509537293012222e7,2.4729359198650975e7,2.250350513213842e8,9.57667359781027e6,4.651198641187572e7,1.0263630552191037e8,1.0870296319420384e8,5.7289494882273875e7,8.51485220941935e7,1.8393920153312974e7,1.116872637561398e8,2.448551461197101e8,8.202065529501043e7,2.18504194977273e8,8.24241892404852e7,2.6698795490625158e7,1.0742899468182491e8,8.046859074938546e7,7.250733645222525e7,5.97943696447392e7,4.656791421926517e7,4.4878222148564786e7,4.512794470027479e7,8.42162096927351e7,8.430256366717848e7,1.147154304617694e7,1.3835035902969189e7,2.340878342569835e8,4.3914178085250765e7,1.446096070855927e7,1.7554805880362865e7,9.571291862797527e6,9.767175324181215e7,9.775618795034058e7,4.1221333784957215e7,8.582229158271123e7,1.2419217612599269e7,4.8120801602720276e7,1.8600122701455146e8,5.61932939125212e7,1.3379005975911474e8,3.027622884452462e7,1.8291367955225814e7,5.854204008821009e6,2.2182864907745555e7,9.600467828141041e6,2.4569221451588444e7,1.0557899295054796e8,2.0568239350180018e8,8.192231666792166e7,1.766441218409805e7,7.694046755965963e7,7.255578777790572e6,705824.9436903854,1.605822916470133e8,1.0381479346393918e8,1.0328386952463092e8,6.807643667874193e7,3.6963541080566466e7,4.482350981950005e7,1.7450369050169457e7,2.152241630166713e7,2.1332665278023925e7,8.672937464441128e6,6.341138267134276e6,1.9809659537998177e7,2.085567588554065e7,1.0192292545359622e6
1.0559507493334914e7,3.9472233593346993e6,3.0359370439568426e7,1.6505974543317852e6,2.9276583345611836e6,1.2002191161116483e6,2.127532245208305e7,1.066061199999494e7,9.880584417249884e6,1.945023345432998e7,1.564905325491728e7,1.0230792017913273e7,4.85084412029551e6,5.114462665668108e7,1.1203817266434245e8,9.466771480389298e7,1.395765057545204e8,1.5082770583654165e7,2.5677888018920925e7,6.822767923718627e7,3.66526852256792e7,9.383264682373015e6,1.1549129434958216e7,5.246890563377064e7,3.530148076884642e7,1.0491042441325061e7,7.464075957264761e6,6.844186695788579e6,7.25873464574874e6,1.0925999072916687e7,1.1356972047050515e7,1.400075788978517e7,9015.7492933519,662902.7277318848,264442.1772078472,9.401553822792787e6,6.696668736305942e6,1.8394106273862584e6,1.423145078885782e6,1.2392156639986772e7,1.673710676761914e7,598335.0537335535,2.0055982500887385e6,8.997409154699674e6,2.0453385072223989e6,4.757994947979743e6,2.2341341372827557e6,8.304369538288058e6,4.17453130896391e6,1.0924807736865353e7,2.631581366799931e7,1.0633340819023741e7,1.5253328606332812e7,1.9203978334654223e7,3.878523068535956e6,6.538614794252643e6,2.0830902915659368e7,1.9018052953650755e8,6.349027669647757e7,2.1658236457994625e8,1.9898211951684737e8,3.666193398894726e7,1.0519656022854285e8,2.892895499209585e8,2.7473470153396882e7,2.631559441137325e7,3.75567505353821e7,2.185151795348755e7,7.656713272518217e6,1.0765032971938768e7,1.27418755514586e7,6.852851655963399e6,881978.7245839941,900108.0725247834,1.695611700908554e7,4.434959055016325e6,6.718912856767838e7,1.5397759191554332e8,1.5086770948060378e7,1.5447665138095798e7,3.4686245012490614e6,2.619580358187506e8,1.3442779877878433e8,1.419198382002365e7,1.0328100957614897e7,1.9325588280365974e7,1.381213700618581e8,6.844878561158828e7,5.1681278270204864e7,3.635482020467695e7,2.1057425481117077e7,2.568042902431869e7,1.7551168939648402e8,3.923799665151855e7,1.372024396374219e7,2.7095282498567965e7,2.488572202377823e8,1.0536999901113395e7,5.200867081655569e7,1.1467533907659066e8,1.2138468769336674e8,6.509291389513523e7,9.499726306441732e7,2.0515554166792985e7,1.2471233567997244e8,2.7099327597929394e8,9.065736906466125e7,2.4168911634170932e8,8.936521545932315e7,2.8615031202067193e7,1.1456577843343028e8,8.678800568075751e7,7.665546184417547e7,6.562764583675192e7,4.876157190797249e7,4.7066295456006706e7,4.6362964799289584e7,8.488317633466329e7,8.45061112822856e7,1.1586981558489168e7,1.3929262571523314e7,2.350436206864491e8,4.4069824060628004e7,1.4486882380065344e7,1.755488114116931e7,9.530990011208775e6,9.934179371654035e7,9.918149444194996e7,4.155598065266251e7,8.747017836065306e7,1.2220463897389011e7,4.526110610617916e7,1.8507262082412708e8,5.592098938355416e7,1.3319382018615916e8,2.9555926857076485e7,1.7299338263660695e7,5.713502063774754e6,1.9009782107207537e7,8.287615194915824e6,2.1058451380532432e7,9.190540647698395e7,1.8261424455014405e8,7.456177801962744e7,1.5966220453560319e7,6.597645991065606e7,5.728903294706124e6,549913.7741279118,1.345987743500637e8,8.721168492747957e7,8.662147272991441e7,5.740621387072041e7,3.1160608376461837e7,3.8114478707714155e7,1.4892754803972602e7,1.7367238469483584e7,1.7430857360755704e7,6.624101577428834e6,4.883068123490305e6,1.5131588465337005e7,1.6529732863349058e7,765715.5616670824
1.082842036502753e7,4.135716754116948e6,3.1674082560631376e7,2.1075246042895797e6,3.653686180000283e6,1.3447217254555046e6,2.508262810878655e7,1.3029830595272668e7,1.285347567307199e7,2.2352184791243363e7,1.755031212305376e7,1.0161938084650856e7,4.584257635345126e6,4.814432538397142e7,1.0418652604400894e8,8.787523414043711e7,1.2964297840645197e8,1.3964186817045357e7,2.3495356321755115e7,6.371214268541711e7,3.4368254911324255e7,9.012637364816735e6,1.0755746096191859e7,4.8664193734281875e7,3.287560988585156e7,9.519146724469543e6,6.797003903812636e6,6.082018905367088e6,6.352040223503742e6,9.301202304733668e6,9.945550979376843e6,1.331720709598395e7,15349.879297809857,654437.9972803948,240508.54530694924,1.2722382876505405e7,6.761922800035903e6,1.8678903490378356e6,1.5269895340807147e6,1.4266160116861919e7,1.1511876077619653e7,1.8586836471516246e6,820734.016205831,8.191349282149679e6,1.9418572848756162e6,6.759431422399715e6,2.4333325554687255e6,8.484002174317172e6,4.263905871364215e6,1.1929011045526486e7,1.9618110514981255e7,7.90191161526115e6,1.005986778628058e7,1.3598485780503927e7,3.2432021297431323e6,5.11350677397448e6,1.839646921190662e7,1.7548458452163082e8,5.8772448440196365e7,1.999990874441806e8,1.8387579535454112e8,3.3859127296487965e7,9.822944183884014e7,2.694013828345016e8,2.5193664581290253e7,2.372372418121162e7,3.4299482066682704e7,2.002331836824715e7,6.882376122628885e6,9.779468547719397e6,1.1432768642782422e7,6.377670814808644e6,817267.453527714,840064.183521959,1.589128567544141e7,4.1586812843859578e6,6.127632086872219e7,1.4054659197668314e8,1.4328959699901002e7,1.4735279287104536e7,3.299332696891538e6,2.4651241370041433e8,1.2654034309294157e8,1.3361859462137436e7,9.728325500565486e6,1.819999621777526e7,1.2985732777245694e8,6.4419918234272584e7,4.863809988744014e7,3.416405509990702e7,1.9791891799507573e7,2.4150516307465155e7,1.6526751409179717e8,3.6936678250019364e7,1.2906944926346367e7,2.549867573126568e7,2.3360309191190127e8,9.90615269038034e6,4.890786819940162e7,1.0771461201466706e8,1.141446158189474e8,6.0753980208750404e7,8.886431673658808e7,1.9201407837643616e7,1.1686415116860703e8,2.5473747810064277e8,8.522083237764896e7,2.2705348689146847e8,8.436779104429846e7,2.710835623541451e7,1.0799394602368866e8,8.172611964610887e7,7.282885788974325e7,6.15439849357611e7,4.612025918634837e7,4.449837697644291e7,4.432948045781636e7,8.15882809873e7,8.136075517031713e7,1.1127851861741882e7,1.3393374580831977e7,2.2586244434887e8,4.238642936279338e7,1.394077318031666e7,1.69031978054098e7,9.193772650803683e6,9.519628233331017e7,9.507761556535132e7,3.977154298839467e7,8.344613218952504e7,1.183062491246962e7,4.458329351269405e7,1.776598886336516e8,5.366466408197548e7,1.278898474558379e8,2.8530067262733582e7,1.6906966720768e7,5.480042758613884e6,1.9468771776282214e7,8.476727692068897e6,2.1575299960383322e7,9.346467826669624e7,1.8387805753029948e8,7.411325401698747e7,1.5820703112212654e7,6.688097772817841e7,6.004010909294966e6,564631.3829338294,1.4022216303277373e8,9.080111626316759e7,9.048738511851005e7,5.9639946242685184e7,3.234769485083322e7,3.941954301377899e7,1.5298722990837635e7,1.8352381591040332e7,1.8227908149243254e7,7.17549963235406e6,5.268842989848504e6,1.6390987220391938e7,1.7428452068143588e7,824873.3575480747
1.2390128222351275e7,4.680116769982636e6,3.7678621346585184e7,2.3569782200554134e6,4.133398259933129e6,1.5155561844128186e6,2.3927802144810062e7,1.1905841458686007e7,1.1714733270881057e7,1.915583394417361e7,1.5758114319928415e7,1.23429408112137e7,4.855578013838373e6,5.104368965857764e7,1.2708763349819191e8,1.063719953125455e8,1.5819512639374888e8,1.7263046727191504e7,2.903653288125071e7,7.933206708547257e7,4.2277581649841085e7,1.07836533699607e7,1.2752345006179117e7,5.781053992264019e7,3.8233406932753295e7,1.0937469949215744e7,8.068902094392016e6,6.910301942143769e6,7.53016610926749e6,1.1307406089225557e7,1.2530338924842533e7,1.6895298617336877e7,16649.72538044899,822936.9953954765,345943.1673476956,1.6704176110161219e7,1.138934265465528e7,2.52474474485285e6,1.8994357169046625e6,1.781124753500448e7,1.9843030014133073e7,3.1887104240146107e6,3.132503175907818e6,4.55334984652726e6,1.0841451940476797e6,4.166149033914324e6,1.9858575174875937e6,6.111089931611201e6,3.00458025928154e6,1.033347621864949e7,2.0915219971378047e7,8.3061064107682e6,9.967991983775662e6,1.3614156345395666e7,3.6973562679196335e6,5.542180306883013e6,1.828442752519418e7,1.7937527325790784e8,6.032801442958559e7,2.0504114774154702e8,1.867593085559606e8,3.5251052049904585e7,1.0136420697969723e8,2.776231420667284e8,2.6510408776294008e7,2.4698627002154686e7,3.504636806643221e7,1.985686596565572e7,7.427776708519314e6,1.0595624810178291e7,1.2741032709405215e7,7.122043201710106e6,877858.8928136432,895232.4776339825,1.6854294579847634e7,4.46137788412147e6,5.933621507307953e7,1.3595866609116066e8,1.2472854963861387e7,1.286184551968265e7,2.9027097395667247e6,2.364783747577031e8,1.2150478767787923e8,1.2823146485334428e7,9.322899696971785e6,1.7485574962973356e7,1.2489986029041019e8,6.1954662585056916e7,4.678746836121542e7,3.2770842742142595e7,1.8987077809566986e7,2.3146700409626167e7,1.579560436101997e8,3.535083658763948e7,1.236301716428383e7,2.44165622854468e7,2.2473700736395845e8,9.50870942769598e6,4.778902104959829e7,1.0490751095420629e8,1.1136670537893339e8,5.943158735535841e7,8.567960714668489e7,1.8528024542214684e7,1.1318216780507869e8,2.459969307697588e8,8.218458923156935e7,2.1884836327721113e8,8.040879299804312e7,2.569936279013224e7,1.0073856049624468e8,7.70275949285956e7,6.842007825870925e7,5.861171874927243e7,4.2447206632553264e7,4.0991814935995504e7,4.086789335395712e7,7.441562090969615e7,7.400261543089724e7,1.0155864828219691e7,1.2209838171498735e7,2.04944933706899e8,3.851526437467181e7,1.26560451186184e7,1.5333411824523076e7,8.33211125684611e6,8.716618594690633e7,8.687402110529533e7,3.593185432841421e7,7.583232556733838e7,1.0655868714713415e7,3.955933802299678e7,1.5907079630096906e8,4.8024651499937505e7,1.1464613457766995e8,2.5272295859048884e7,1.48167181330169e7,4.782228277514754e6,1.688360399633899e7,7.401990202155172e6,1.8736334735906098e7,8.125612487066296e7,1.5990562806811714e8,6.442426707921823e7,1.351223886163468e7,5.638032981779927e7,4.924360180906048e6,425606.9577709509,1.2382487849977455e8,8.030592606555378e7,8.064970583053066e7,5.269833994637214e7,2.8502044432306994e7,3.478920391706368e7,1.3304790387661904e7,1.5984829151852608e7,1.566615786583833e7,6.2054806496611e6,4.558092831377592e6,1.4177177409386732e7,1.4654604776440917e7,681516.3203109362
1.447776256364728e7,5.478145394971548e6,4.5928158818755694e7,3.11992671303447e6,5.417182709377905e6,1.8426714975863232e6,2.6974778802554008e7,1.3748244891199958e7,1.4722132397689795e7,1.9388342699234117e7,1.5876348980247367e7,1.4985463603908518e7,5.053317940558824e6,5.311718168547328e7,1.5168000296784264e8,1.2604516286003561e8,1.888138425342219e8,2.082350762048004e7,3.4931275495858274e7,9.647544077224235e7,5.093405542402627e7,1.2766361048341649e7,1.4840694805353684e7,6.733434689141315e7,4.369509710805199e7,1.2294093574312951e7,9.358625186743462e6,7.670161271002783e6,8.69364029424905e6,1.335606729001184e7,1.5235612480157902e7,2.096987629479183e7,26659.89113780276,1.0260232466636739e6,466665.0770114653,2.4529358885502867e7,1.729257462727557e7,3.3568886320601585e6,2.4297628387319227e6,2.3625248365877375e7,2.9548951976350736e7,6.67337089207677e6,6.836531836361342e6,9.980904627035348e6,370825.150100044,1.022532763388719e7,1.7324279283197792e6,3.681456066977629e6,1.7282465930012737e6,9.641725433823874e6,2.4986508757135738e7,9.940802909105558e6,1.5972317100824095e7,1.7994079059614323e7,4.152816310631149e6,6.267645148274641e6,1.75565011160886e7,1.7791787931110963e8,6.017891986173365e7,2.041402485018593e8,1.8383640354930714e8,3.5750814980323285e7,1.019582876322702e8,2.78613413078029e8,2.719213952817527e7,2.4992340487844575e7,3.4701564254529715e7,1.8941049382024035e7,7.824108469958239e6,1.1215875424444532e7,1.3878164572484126e7,7.816794969738216e6,923329.9981335672,934833.7773142048,1.7523980431704823e7,4.699476633885443e6,5.482486553503535e7,1.2544796445785022e8,9.821683474075008e6,1.0200509684205513e7,2.3311227384706885e6,2.1671525605897817e8,1.1151035874897787e8,1.1760036568489559e7,8.534080504603824e6,1.6062367635497302e7,1.1485457841445689e8,5.698236260650939e7,4.304591221203372e7,3.0016021543463364e7,1.739484437447173e7,2.1181027022180557e7,1.4402636326956028e8,3.2293046281570002e7,1.1304556557133647e7,2.231894741034123e7,2.066338965694214e8,8.718936969761876e6,4.4917002790647574e7,9.813185247675662e7,1.044604855511888e8,5.58321836863057e7,7.894619336349462e7,1.709331530574125e7,1.0498786126330508e8,2.2747424214924058e8,7.585232538411158e7,2.0179923158703387e8,7.308624286107531e7,2.3209673535343338e7,8.866467999626423e7,6.8827312290637e7,6.104497964712012e7,5.3104963437114984e7,3.663975716920554e7,3.542829750675094e7,3.553963646440615e7,6.381953985038195e7,6.3249004519648656e7,8.714093644653566e6,1.0465204959322348e7,1.7429715167248532e8,3.2847048857062194e7,1.0781177182253296e7,1.3050229841459656e7,7.088726291200615e6,7.508727968464482e7,7.460221768450098e7,3.0275724163385835e7,6.439545949656775e7,8.997475875259304e6,3.3059680994571324e7,1.3229056307734367e8,3.989779327644098e7,9.554898964856048e7,2.0716244165515833e7,1.2042582560398266e7,3.8034052574419277e6,1.4247933917133301e7,6.299785634331376e6,1.585289426260111e7,6.816780063341695e7,1.3249291447656836e8,5.253086197876028e7,1.065189751538901e7,4.48206502005104e7,3.9807372525604875e6,285018.7834793171,1.098282938672831e8,7.131571986893025e7,7.269067353080237e7,4.660116136277292e7,2.507998849278602e7,3.052313232424449e7,1.1323489084223807e7,1.4222715056273898e7,1.3470029990188848e7,5.701781715976409e6,4.1619078042358225e6,1.3028202287045086e7,1.2405906775364012e7,588625.5410280214
1.1797317557316506e7,4.38136549266829e6,3.519619437230532e7,1.867365605339065e6,3.3441738890667646e6,1.3402171001246583e6,1.996478394847047e7,9.422595457957705e6,8.49932223287806e6,1.6398239602874445e7,1.3967751523245329e7,1.1946831678598087e7,5.066576407636607e6,5.345097111495235e7,1.2945100309838414e8,1.0871978302194798e8,1.6127324418110868e8,1.758562964465676e7,2.9856340076921754e7,8.013472958692454e7,4.269300902659484e7,1.0751335831010327e7,1.306928448002706e7,5.9419121681755334e7,3.938669226264955e7,1.1564696749362199e7,8.422818922488993e6,7.469850912417855e6,8.132402388620957e6,1.2389455846394196e7,1.3261659268236062e7,1.675891843873656e7,10271.307804353146,795480.9050971605,344401.4201878747,1.323069056846047e7,1.0490206021205397e7,2.368999535878671e6,1.730450841030659e6,1.544788755320312e7,2.219636059120879e7,2.2620554047535937e6,3.467591196335963e6,5.58877276543536e6,1.4899662317924055e6,2.623325014866586e6,1.847263964128743e6,6.491832217368197e6,3.2160572038824707e6,9.518114824304212e6,2.7467381411367748e7,1.1029434419945057e7,1.5525211937596815e7,1.9552154301277865e7,4.216351862854471e6,6.885441319606132e6,2.090461193142746e7,1.9385694962283903e8,6.489346458176817e7,2.211997864932965e8,2.0196797168816847e8,3.782995643167158e7,1.0789073635616736e8,2.964368086082146e8,2.8550195093753457e7,2.715456407665536e7,3.8283316436668605e7,2.184731888787359e7,8.0860201104160845e6,1.1403524419097615e7,1.3741977360756574e7,7.4249787785497075e6,929676.967295957,943849.6386041031,1.772319417322406e7,4.672987204551068e6,6.620395493982354e7,1.5161165855374902e8,1.3809246572548274e7,1.4147564453279827e7,3.1950565455173943e6,2.557023741635732e8,1.312950096719857e8,1.3855941876375204e7,1.0073589909743328e7,1.8881220754616022e7,1.350717078898076e8,6.69252970839362e7,5.05387608621606e7,3.54906032826863e7,2.0558074482872818e7,2.505428882041974e7,1.7089075857606685e8,3.82407308492e7,1.3379900234313447e7,2.6416590421563096e7,2.434429550021995e8,1.0290663318675367e7,5.1394380935920596e7,1.1308710725861412e8,1.1983171251908442e8,6.441589987148981e7,9.310054161835602e7,2.0115231642476227e7,1.2255920943391167e8,2.6571723580556402e8,8.88120871005003e7,2.367035220123244e8,8.682243397094318e7,2.7690339557190932e7,1.0977478919598086e8,8.373273846002218e7,7.37020850317961e7,6.378368140475951e7,4.6290167590399876e7,4.471053551503728e7,4.3974454675275825e7,7.985574942534271e7,7.932656327116226e7,1.0907082913748018e7,1.3098943778768748e7,2.203735593025857e8,4.1350331443400264e7,1.3583172836867698e7,1.644906437662721e7,8.92153930327768e6,9.375783789001766e7,9.346845654680097e7,3.888415158569839e7,8.221666780190878e7,1.1382581035009213e7,4.1551210600864165e7,1.72036075458992e8,5.196790222988323e7,1.2390276605640453e8,2.7243499675279215e7,1.5779800655641504e7,5.224075535424525e6,1.6966471902784515e7,7.438873061509541e6,1.881236210406852e7,8.237020311570418e7,1.6421894078437355e8,6.729899444934796e7,1.4249067798106117e7,5.7864682473197475e7,4.851381449644508e6,442122.6534364507,1.2118178985458057e8,7.86293399313744e7,7.850874654703559e7,5.175317438274595e7,2.803567699816747e7,3.4375224994062826e7,1.3307377068292113e7,1.5389109803758742e7,1.5335899020164259e7,5.78068299977601e6,4.269064984228321e6,1.3206656603080865e7,1.4241183013665842e7,643653.5752033818
1.650079088795623e7,5.982135697936668e6,5.4046172907966785e7,3.380955757414659e6,5.858882216919461e6,1.9120597422118175e6,1.907380309288938e7,1.0239153199829621e7,1.3910633303803818e7,8.253811971219692e6,7.062474486077854e6,1.8978472059376355e7,6.511681520295403e6,6.935575187438118e7,2.1158708712862486e8,1.7591433190124503e8,2.6392209971952802e8,2.9380154639371004e7,5.0202637676272534e7,1.3473201801659158e8,7.035454280311987e7,1.6748712605890548e7,2.0457059293066707e7,9.359178460531878e7,5.989077597151385e7,1.7821925998735532e7,1.347632268672714e7,1.1711543802639674e7,1.3582700837489562e7,2.1875293396681808e7,2.354414433427731e7,2.8832122117909413e7,36909.726505934064,1.3460058291784562e6,704524.5166795547,3.2232848581658524e7,2.6701191694918618e7,4.55902272611265e6,2.966267290757095e6,2.852457190681783e7,5.522335071854452e7,1.2106987222925736e7,1.4228750695860365e7,3.036528164129841e7,2.8774113208144396e6,2.105603221375448e7,196257.40552246993,5.019095337569909e6,2.7368919603908844e6,2.7154073556195507e6,5.919773720609364e7,2.4023612403031096e7,4.388636874518226e7,4.786794883674575e7,7.326033263903074e6,1.3449069589738546e7,3.011275249435109e7,2.511413213524207e8,8.375210413528351e7,2.869365662740701e8,2.5874003848327315e8,4.99558221519461e7,1.3705963748528236e8,3.7850422504686296e8,3.882718729402892e7,3.8061184527778514e7,5.0990885574909195e7,2.804238207867128e7,1.179868283731285e7,1.6356003024511503e7,2.07908269475205e7,1.0633719399881084e7,1.2688855463398353e6,1.2559282231957933e6,2.3218704669269096e7,6.222093805863711e6,8.48469649501321e7,1.9360359831615067e8,1.3984905482443994e7,1.3967542678020265e7,3.2158785851243036e6,2.89478229952468e8,1.4861275389000395e8,1.5662397427043399e7,1.1349467902811335e7,2.134675218292845e7,1.5389972878083208e8,7.594249402112056e7,5.7368155708830334e7,4.039284727203136e7,2.338498870980655e7,2.8409114104445104e7,1.9222109470867506e8,4.3127858401051454e7,1.514295317608005e7,2.9843593636980407e7,2.791160568286651e8,1.17015706568231e7,5.957232192007692e7,1.3111567615396476e8,1.386647220719303e8,7.676261906945257e7,1.084112574500343e8,2.3394609935071398e7,1.424475473686811e8,3.04276071707239e8,1.015398013165516e8,2.711147155410257e8,9.634999155163743e7,3.011409189220699e7,1.2007506083102877e8,9.286113782950789e7,7.836460283425525e7,7.26767006423783e7,4.92893204305063e7,4.7736896074831985e7,4.446014974934709e7,7.768116191454472e7,7.624876373891045e7,1.066497295853511e7,1.271092286936504e7,2.1354419149646303e8,3.992776452603522e7,1.3066045054324972e7,1.5757791948111428e7,8.452137426098568e6,9.30599854122522e7,9.23954091420151e7,3.837784143322345e7,8.296400383090071e7,1.0491976860390015e7,3.362788147572944e7,1.6572924582508343e8,5.0132420990447834e7,1.19306173390399e8,2.5174451630512778e7,1.3310040244160272e7,4.984325479331054e6,9.308038908662904e6,4.232832109135139e6,1.032443769662134e7,4.90132939443315e7,1.0763724384585096e8,4.939977008664385e7,1.0552119380771074e7,3.355496022957545e7,1.5464034627025537e6,266877.90152299777,6.04458367256868e7,3.9789739968266256e7,4.041816954982785e7,2.658435567603747e7,1.4291067796359938e7,1.830895619942848e7,7.132586295880529e6,6.003393698098012e6,6.2217873218448395e6,1.6292655035595482e6,1.2395656973324122e6,3.7309461560837943e6,4.326314201214139e6,73136.40262687164
1.6451192715762721e7,6.1410001780463895e6,5.359754137920208e7,3.6372300547787407e6,6.29421983591975e6,2.0634738892575048e6,2.6656415568369888e7,1.3874240548268387e7,1.6219164597711276e7,1.6565710756683895e7,1.3590906251181781e7,1.793617619750699e7,5.713389050100813e6,6.040368636314254e7,1.8772088702863678e8,1.5566211418935505e8,2.338845347107909e8,2.5985089602739107e7,4.39055591942534e7,1.2016379120317982e8,6.296182102842597e7,1.5360332934737425e7,1.811886856436755e7,8.25280873310323e7,5.2870362288409695e7,1.516147882203541e7,1.1634677296746466e7,9.653446020188937e6,1.1216048863606412e7,1.7766410959364567e7,1.9858014180967532e7,2.6108150875742547e7,35091.29318653741,1.25528531658197e6,617526.8101891596,3.123663387410766e7,2.3624615225294553e7,4.236453785556208e6,2.9165203469599406e6,2.8536367966148265e7,4.410972078957922e7,1.0143181498480244e7,1.1181672424382241e7,2.106146582487179e7,1.37818362087543e6,1.6678444935741508e7,1.131269649224963e6,1.285559124782762e6,238310.10230863185,7.314845189476737e6,4.153451431701819e7,1.6755235648406515e7,3.0423712189929493e7,3.289762490199993e7,5.663743328876772e6,9.645151648546921e6,2.217120031408595e7,2.0471139490591627e8,6.896489607827197e7,2.3486100356325585e8,2.1031525137080047e8,4.141477804388823e7,1.1541269866919683e8,3.165804746279853e8,3.201971451205846e7,3.0223583762974095e7,4.0728977124450505e7,2.1860919421220325e7,9.585584584536944e6,1.3540814124205614e7,1.7180447763881616e7,9.278055636249969e6,1.0803738753940277e6,1.07871291520774e6,2.0050626445933957e7,5.410025848698862e6,6.367158802529787e7,1.4532278251222795e8,9.35498390936453e6,9.526747408776436e6,2.2240276814693427e6,2.302693423491204e8,1.1846986540587735e8,1.2482869787141189e7,9.038862164526017e6,1.7051538706057005e7,1.2255654398815762e8,6.0637852747540645e7,4.5817768754988715e7,3.20074437793387e7,1.8542048776889917e7,2.2530160728093337e7,1.5237732703316787e8,3.422623643841692e7,1.2009493096171433e7,2.3682116505741693e7,2.2141744663095483e8,9.291613389728667e6,4.842954379638964e7,1.0585379212312442e8,1.1251937834293519e8,6.131428697320207e7,8.548271962797934e7,1.8491724773290157e7,1.1349050261079544e8,2.4350177807281402e8,8.111668550925249e7,2.1607042017192292e8,7.662730611597176e7,2.400450527772494e7,9.188449081910297e7,7.208463561135055e7,6.213502210425115e7,5.668216317029393e7,3.716577104951592e7,3.601405562020284e7,3.4831558584062554e7,6.072969145517544e7,5.964369618230597e7,8.321820593480463e6,9.940461662804538e6,1.649442066856287e8,3.1042925408544928e7,1.0159055695490416e7,1.2259531846251346e7,6.609813434147432e6,7.251136490860836e7,7.178018730869114e7,2.8922617443210877e7,6.264006718437746e7,8.213567667813478e6,2.7697811438839175e7,1.2360919892600091e8,3.730095683692065e7,8.932776253680792e7,1.865724854641926e7,1.011952834551739e7,3.455566525662197e6,1.0213961974196697e7,4.627479555213188e6,1.1413070958463004e7,4.9763626849336736e7,9.880637090051581e7,4.063671138269429e7,7.93669758487235e6,2.9407085840686522e7,2.27048211154314e6,68729.96828235114,8.270689551280306e7,5.3948067842623465e7,5.621757441990908e7,3.516448996981321e7,1.876790247667469e7,2.2977952787158478e7,8.170529292243414e6,1.0346889811319908e7,9.303303133361336e6,4.232733657144408e6,3.0668852403581725e6,9.674698133018518e6,7.978426780745467e6,378888.522835764
1.6149211075017065e7,6.03044129094735e6,5.240507986317567e7,3.5237054941563206e6,6.106610362887383e6,2.0189993379041823e6,2.617855227820721e7,1.3504148233591221e7,1.5609149883098284e7,1.6378518841226898e7,1.358591170930995e7,1.7524697793525204e7,5.645323037183239e6,5.965576462896021e7,1.8323543430443984e8,1.5200849413515097e8,2.2828332400904617e8,2.5340239006497897e7,4.2801707958288945e7,1.1715433481222396e8,6.143700289014768e7,1.5023915097320512e7,1.7719852834662702e7,8.068731068192518e7,5.1775762430597186e7,1.4836668232635675e7,1.1366140138041085e7,9.435821375379048e6,1.0929927493267782e7,1.72635190423759e7,1.930635976078011e7,2.5431448922679864e7,33444.248767815996,1.2234820274545085e6,597577.3078579651,3.007490084908203e7,2.271838720943447e7,4.1097501833803845e6,2.8396630975774494e6,2.7700419778242543e7,4.229800275179788e7,9.60882668875211e6,1.0590310912992515e7,1.951411391935196e7,1.2192374083840165e6,1.5570664287831364e7,1.1625013126838566e6,1.285559124782762e6,200036.9304404581,7.44427674201281e6,3.969632701044951e7,1.599751372571222e7,2.8720551170958105e7,3.1200761602492932e7,5.499684471842451e6,9.277361356407672e6,2.1734566016012695e7,2.0229324588282773e8,6.816398331650503e7,2.3206364132840776e8,2.0798592497382426e8,4.087342665429324e7,1.1416954527848057e8,3.130870688862643e8,3.154475603525368e7,2.9716070260105047e7,4.017591263917967e7,2.1617565259088185e7,9.404090918755464e6,1.3298891510069758e7,1.682446380392323e7,9.113231460484575e6,1.0640561041382258e6,1.0639238327133188e6,1.9792878526324052e7,5.335142319268021e6,6.296246693360632e7,1.4374404040074217e8,9.473807948909326e6,9.67244379536885e6,2.251940183378066e6,2.2983070423509568e8,1.1824145427889739e8,1.2460187230159922e7,9.02492809312209e6,1.7019641842491277e7,1.2225842574981976e8,6.050725715691607e7,4.571764310429913e7,3.1934948874955267e7,1.850066796352612e7,2.2485509816233445e7,1.5217487830242234e8,3.417280827964743e7,1.198749728227709e7,2.36419283875396e7,2.207831728206757e8,9.270922486891842e6,4.823212475995426e7,1.0543149805366713e8,1.1207819135867123e8,6.09524642802675e7,8.514115503390236e7,1.8419025758953527e7,1.1303806973745275e8,2.427948423325232e8,8.089339802620207e7,2.1545326016123983e8,7.660489178386602e7,2.4036415382139202e7,9.20390555596771e7,7.210030106813149e7,6.234489606846878e7,5.656230261140351e7,3.733114727896799e7,3.616468256489819e7,3.5120022080072775e7,6.14642717270081e7,6.0435264271946274e7,8.418820603171898e6,1.0063008293832337e7,1.670808229524087e8,3.1448187357503656e7,1.0295587656071192e7,1.242913384611593e7,6.707349076659162e6,7.325356383775206e7,7.255113285912192e7,2.926901832652926e7,6.324452085834293e7,8.3579133562162295e6,2.8499930037595782e7,1.2545615083207744e8,3.785617732869989e7,9.065335868990411e7,1.9028486105139855e7,1.0417237749125967e7,3.521065254935863e6,1.0702825407197343e7,4.831042502099023e6,1.1949604305980496e7,5.207881404515494e7,1.0325485999960968e8,4.230186615907577e7,8.316907647222588e6,3.138375504365337e7,2.4476074046191433e6,94485.89969188688,8.559745878278778e7,5.580500317154003e7,5.791502555461976e7,3.640925886713213e7,1.9460835979220632e7,2.382779941438656e7,8.545385725232631e6,1.0714571655143507e7,9.742840098597968e6,4.330973647681964e6,3.1456712505893796e6,9.89898604048566e6,8.413445127654362e6,393841.1332265402
1.7013169269593652e7,6.0889979401685875e6,5.650688916044893e7,3.631380440047954e6,6.234432112595771e6,1.9393847691371334e6,1.807762310476848e7,1.104710006893021e7,1.6162644048820164e7,8.963842054702936e6,4.568847761184643e6,2.0219448112064064e7,7.017436893089906e6,7.501772905458054e7,2.3098751999547255e8,1.9206057965802488e8,2.8826805048905015e8,3.2168997261604216e7,5.521420509034054e7,1.4717512976717678e8,7.662596842703311e7,1.7992828128778525e7,2.2266047747418582e7,1.0208622254586455e8,6.511635476576092e7,1.966968314682498e7,1.4832373314040996e7,1.3095126329470895e7,1.5241010404736143e7,2.478520296132666e7,2.63359988951059e7,3.14004639194566e7,43563.92058053696,1.4498297078616845e6,787249.0846020863,3.604203801586465e7,3.0324292344111744e7,4.983549057067562e6,3.154863340481332e6,3.0580781140539143e7,6.4393085581569955e7,1.4552093211077806e7,1.7145674313869663e7,3.883832560633292e7,3.9362833870291826e6,2.666756384775117e7,667451.6573669389,7.977177845710101e6,4.307958761466634e6,795864.7567538471,7.136847733510274e7,2.903845030732296e7,5.400076667560383e7,5.855910996424283e7,8.437220396520633e6,1.6002411248640988e7,3.494563739596164e7,2.792218288250153e8,9.27178113845811e7,3.1849704885284173e8,2.878817740107514e8,5.520323763810808e7,1.5023291819466016e8,4.161455238005735e8,4.305567245332855e7,4.289819635991112e7,5.721552151019025e7,3.1727898298059575e7,1.3208462631972764e7,1.815982604483386e7,2.317305160632328e7,1.156304293555108e7,1.389277291038487e6,1.3682598265103092e6,2.5217398464185458e7,6.744327212738219e6,9.740617299395306e7,2.2222110728381482e8,1.6780968071133137e7,1.6675036720947724e7,3.8159439691351973e6,3.2422482150899065e8,1.6630127700901943e8,1.7528215711638223e7,1.2705426145017006e7,2.3867165370258164e7,1.7229459572689024e8,8.492358838458952e7,6.414618776918806e7,4.531432178486194e7,2.622731245817995e7,3.185938548492237e7,2.1560678427430522e8,4.835213411505784e7,1.6981934026018023e7,3.3459653826384455e7,3.1298534002840406e8,1.3115939506861174e7,6.612147084786645e7,1.4595931269766325e8,1.5402756379976356e8,8.586480482563533e7,1.2188023198137985e8,2.627461156619828e7,1.5945917523852253e8,3.399490634819627e8,1.1352686471521698e8,3.0342448962472874e8,1.0793050207253528e8,3.370730559356774e7,1.3668683005344662e8,1.050757027278038e8,8.794822960358483e7,8.206677037396426e7,5.6474204634065814e7,5.4680007516257085e7,5.023697084281433e7,8.80351783838267e7,8.645866421454228e7,1.209254630688226e7,1.4405329162200097e7,2.433182391398221e8,4.537898257973062e7,1.4853450777206076e7,1.791382918017278e7,9.595019087450726e6,1.0549062152490737e8,1.048930139895837e8,4.4126580095379695e7,9.520402079843073e7,1.1932697816779822e7,3.7994335537409745e7,1.916636012304589e8,5.802791439249832e7,1.3776636429504684e8,2.929093679271445e7,1.5495848533495683e7,5.931406820197825e6,1.0069404891773198e7,4.48752137990824e6,1.1092098668960562e7,5.384895285736849e7,1.21299859125095e8,5.705631849999601e7,1.2673289731190272e7,4.118249207337101e7,2.4328307175381435e6,436711.8915632683,5.450287576542961e7,3.588893347178039e7,3.451033799395337e7,2.4521400177996896e7,1.3404289773071801e7,1.756913061441011e7,7.533131986354996e6,4.81978378572076e6,6.314901185535617e6,450707.8022457231,493334.25835263944,1.0301956017308129e6,5.340774697355725e6,196138.92696372987
1.285501469817768e7,5.082643404399303e6,4.057219433511393e7,3.490504131435074e6,5.921633816391066e6,1.8635240362568763e6,3.516244262219952e7,1.9259262927598517e7,2.078295305502001e7,2.9755515911397215e7,2.2302585203601602e7,1.2074198587409986e7,4.0191809777002432e6,4.1680321788069695e7,1.0601870325763205e8,8.780513210448007e7,1.315751548330735e8,1.4373019596619248e7,2.3390308705651045e7,6.793922462940262e7,3.6279741261860125e7,9.691378069794584e6,1.0479312311958281e7,4.698945342418799e7,3.1054715615185235e7,8.08122458193511e6,6.190555423811582e6,4.667162539787454e6,4.998752872444162e6,6.953377018540327e6,9.021265382133817e6,1.5330519020296672e7,32767.85219927146,805576.4353356378,318780.0455910827,2.4774908467822537e7,1.367830401255664e7,2.6890673228381583e6,2.158099683336434e6,2.243292844306783e7,1.4940451365489434e7,7.039456003900667e6,5.662626760974426e6,1.5786546082656248e7,2.048555841788049e6,1.5454689820404258e7,2.9221369320572605e6,9.096281728202801e6,4.613281791262626e6,1.4332338678870533e7,5.160402818925522e6,398629.6669036798,8.149702497480547e6,4.985865050902795e6,1.8469832920411373e6,1.1979753111541832e6,1.1252301857210487e7,1.3575188857598948e8,4.624317493296492e7,1.5563638459053555e8,1.4227019162912065e8,2.6773716963283293e7,8.035344285338478e7,2.1783069935943708e8,1.9590029823722735e7,1.6918239162149116e7,2.5395177681120813e7,1.4659445668098424e7,5.084197308261223e6,7.599349153271483e6,8.820548128421364e6,5.659224921311867e6,678418.1745874544,709314.8394915931,1.3549733142566461e7,3.5984042483799844e6,4.3234145160168834e7,9.949135581302997e7,1.167810328881968e7,1.2194192617884235e7,2.701917519837904e6,1.9736772961976397e8,1.0147720267226142e8,1.0720576457931148e7,7.813581185022407e6,1.4624713609617174e7,1.0372751788276204e8,5.166032206754022e7,3.900483501036704e7,2.7206646297332976e7,1.5772712464418875e7,1.9279415371316493e7,1.3242125334277926e8,2.9579402522346936e7,1.0313412918478316e7,2.040146639644471e7,1.8549301389952934e8,7.904031074565985e6,3.9428608613519475e7,8.629420399469984e7,9.193290343026096e7,4.759369575250442e7,6.967961211688295e7,1.5094198934152652e7,9.247881298690422e7,2.0375255197830948e8,6.81226218151323e7,1.8101276911642042e8,6.819033475229552e7,2.214977644464099e7,8.612405336584412e7,6.513511737138997e7,5.99526934566615e7,4.845852954088824e7,3.713251120813737e7,3.577768808720661e7,3.715144201310568e7,6.951441422432241e7,6.969020302425611e7,9.45428686924117e6,1.1424668604640087e7,1.9211623377681515e8,3.6173542512879066e7,1.1917334698623478e7,1.4478019125517195e7,7.922773015881571e6,8.0304107854293e7,8.02777986464296e7,3.333312889397915e7,6.919181656331894e7,1.0312879485548995e7,4.106104857178485e7,1.5036139109268633e8,4.5368319934946135e7,1.083397038282821e8,2.4599531502197683e7,1.5184776244433463e7,4.623370496143014e6,2.0057034530527383e7,8.702328660088716e6,2.224997795229053e7,9.446732334792009e7,1.8075947824762425e8,7.015601401820976e7,1.4851119742159024e7,6.71274677721014e7,6.593702400570322e6,602233.6656570596,1.510522463904622e8,9.767427271375373e7,9.820070526209846e7,6.380123818469327e7,3.453137332022546e7,4.168314247246473e7,1.588845224886818e7,2.0467302054891013e7,1.982002767138404e7,8.472525186391788e6,6.167182137849965e6,1.9353286171880208e7,1.936318401486351e7,965208.6763122551
1.288440463195254e7,5.08538614201197e6,4.0630503879312895e7,3.4607438326096176e6,5.87650238665483e6,1.8571281482737854e6,3.480888978647552e7,1.901987285612024e7,2.049327811295729e7,2.936619730948621e7,2.2064822920301396e7,1.213778597650179e7,4.054027799787394e6,4.206584926067911e7,1.0731887231663932e8,8.891671308752237e7,1.3320808652221684e8,1.4552957178298071e7,2.3720725966198664e7,6.870422934644558e7,3.6680288281111516e7,9.774853755803488e6,1.0610536766462041e7,4.760416142075288e7,3.144798368209182e7,8.218671035602342e6,6.289198954794692e6,4.767195356604005e6,5.118404771556676e6,7.15766442376653e6,9.2040440690027e6,1.5465165411826964e7,32281.696045285345,810023.198983985,321337.04934816953,2.4572939476282675e7,1.3640969286722053e7,2.6955853048216915e6,2.1578348611969776e6,2.235473525305115e7,1.5081580301160345e7,6.911034118636638e6,5.541711779077569e6,1.5232569994635992e7,1.980225726388363e6,1.5078123089422273e7,2.881275429767642e6,8.915717788592203e6,4.517135900908324e6,1.4168865360064954e7,5.160402818925522e6,398629.6669036798,7.567196945311611e6,4.322615318490881e6,1.9242385912776664e6,1.357437272758382e6,1.142011349873859e7,1.3712237599396574e8,4.670111014008336e7,1.572221170699893e8,1.4360875082890883e8,2.7072525582472164e7,8.107473341261426e7,2.1985183915541935e8,1.984370181724294e7,1.7180109963603258e7,2.5692484724371698e7,1.4785176898436505e7,5.175926703814529e6,7.720884429104074e6,8.99001433222122e6,5.730043100631657e6,686661.3780809485,716912.9667660875,1.3683725324278988e7,3.6354024711361714e6,4.352233430350181e7,1.0013284264733435e8,1.1589530109936548e7,1.2104186304747628e7,2.6841990045265937e6,1.978469759564474e8,1.017294578332528e8,1.0746509283732943e7,7.83116675412699e6,1.46611908520819e7,1.0401299805288921e8,5.1797056871149346e7,3.9108964222247906e7,2.727596119335915e7,1.5812822440468414e7,1.9325799283173647e7,1.3269071974051383e8,2.9644076223721974e7,1.0337360706563924e7,2.0447574247323196e7,1.860347576692067e8,7.924361712167392e6,3.9590561463705376e7,8.66350190332471e7,9.22991736020921e7,4.783252087860318e7,6.99207482555729e7,1.5146751163050864e7,9.282083156719714e7,2.0438982540151653e8,6.832726713964516e7,1.8155881219617623e8,6.829629147237885e7,2.2167282424224712e7,8.609353988032155e7,6.518215215527623e7,5.993808372236274e7,4.85584205474053e7,3.7062516525423415e7,3.571429940244496e7,3.706407043740867e7,6.92652165827154e7,6.941781785100675e7,9.421310455835719e6,1.1383009770149821e7,1.9134253930425468e8,3.603082550120112e7,1.1869073481900636e7,1.4417990502274068e7,7.888615302963491e6,8.005643635089575e7,8.001356753557429e7,3.3191936351586483e7,6.894630186847043e7,1.026135281361233e7,4.077938006971655e7,1.495829040173798e8,4.513181703601646e7,1.077895609273084e8,2.4443995940971367e7,1.5069625032153e7,4.588681132562935e6,1.9864306164268825e7,8.622651223044273e6,2.2037790583259273e7,9.359239461916007e7,1.7913840373412317e8,6.954907973744538e7,1.4704648483555702e7,6.638004882807768e7,6.506703454438887e6,591661.7418115748,1.4967991050807968e8,9.679699825818126e7,9.734877886299303e7,6.3229540181516655e7,3.421740718742572e7,4.131297876464384e7,1.5737113660974788e7,2.0257538387669012e7,1.960859339692153e7,8.377029319064012e6,6.098401158611936e6,1.913528132530843e7,1.913071209358367e7,952414.796019918
1.237519487210548e7,4.802143964472476e6,3.811017698745697e7,2.8984762035625456e6,4.973523961344404e6,1.6683642868204934e6,2.993833306746302e7,1.5874985675564192e7,1.6557974150385931e7,2.5043547896726847e7,1.938586419487237e7,1.179360030857817e7,4.378912703457493e6,4.572330427836589e7,1.1158736659235585e8,9.309243520675859e7,1.3867618306594047e8,1.5086324301601395e7,2.4953605053845625e7,7.0205012477727e7,3.757790881029782e7,9.886678202236326e6,1.1196026225865578e7,5.0454143768655725e7,3.3534734258950394e7,9.193599173843818e6,6.846406184317989e6,5.590044545298097e6,5.971118421879676e6,8.584461826252824e6,1.0115650053226223e7,1.5336844107901482e7,24556.10196839037,780159.5863876033,305086.20924776245,2.0018258101142913e7,1.1356700809477886e7,2.465932118309937e6,1.961867272007564e6,1.9514836740834765e7,1.3711596581147103e7,4.735045842047992e6,3.369692710722896e6,8.731113430072354e6,1.5196634468275544e6,1.0137195861997264e7,2.5139831924131955e6,7.732220592152259e6,3.8733763273243317e6,1.2584843581839142e7,9.457558153694363e6,3.6142758484953367e6,2.8837142142558526e6,3.592175623356229e6,2.6362432995663593e6,3.152528561930174e6,1.4491440246882899e7,1.5571459506077537e8,5.2661738530242294e7,1.781867192231827e8,1.6272584152007037e8,3.058719229380416e7,8.98491031879368e7,2.4492378638738248e8,2.2678858585373905e7,2.044526312284537e7,2.9818052785004064e7,1.7077793469944533e7,6.112930751034329e6,8.898604359549094e6,1.0470218508880854e7,6.237479556852838e6,764349.6320330467,789771.4024380471,1.4983804963852819e7,3.9652246282102643e6,5.0743102616226345e7,1.1650539779259565e8,1.2054371789310787e7,1.2523061620625505e7,2.799600447892882e6,2.1607636681487244e8,1.1105715362003769e8,1.172675240954621e7,8.53663632987538e6,1.5993552863182923e7,1.1383490812982348e8,5.658024410500431e7,4.272389418105772e7,2.986430467771159e7,1.7308229285699736e7,2.1128592055028223e7,1.4466149489674455e8,3.2343622578754265e7,1.1294012340543898e7,2.2323468099230416e7,2.041963205333873e8,8.670639843786772e6,4.338954541045101e7,9.512160082604183e7,1.0114797653328085e8,5.317271332641209e7,7.727476256636262e7,1.6724559729739545e7,1.0230503370170794e8,2.238825065067423e8,7.482738675298095e7,1.9904580549447832e8,7.407345598045737e7,2.387183447521608e7,9.317533750691938e7,7.085679429582845e7,6.40998233328618e7,5.3306271718085274e7,3.9715685512466185e7,3.830944784461078e7,3.9024649871050104e7,7.20833461621352e7,7.199201356534916e7,9.819437166126763e6,1.1837639099225406e7,1.988634819324586e8,3.74130882185571e7,1.231076776324701e7,1.4936916958512712e7,8.147539083230271e6,8.38158925868636e7,8.366582286949408e7,3.4662037966353886e7,7.252032651754175e7,1.0518965692559928e7,4.058940232628901e7,1.549566864078849e8,4.6765859845393166e7,1.1167208766301656e8,2.5006358287387837e7,1.5084724439671012e7,4.708000624960528e6,1.8728126729899146e7,8.160436167872572e6,2.077892503839521e7,8.899071490726969e7,1.7225978246403247e8,6.790157582259026e7,1.4305880680034291e7,6.258230126309463e7,5.872385312437362e6,523155.89876390866,1.394959920382855e8,9.030765351896715e7,9.073108684599838e7,5.910244036322988e7,3.198109382369836e7,3.877988371730379e7,1.4804271539856441e7,1.8541859415707197e7,1.8045792367621962e7,7.48561681719322e6,5.467994620793264e6,1.709996213006752e7,1.7336255351677865e7,841979.542370691
1.2697811651364623e7,4.963766902084858e6,3.958657536466508e7,3.1724626276812437e6,5.4171135649402505e6,1.7651367363178807e6,3.216845053458473e7,1.7298011851919428e7,1.835543539017247e7,2.690008970868467e7,2.054319413980942e7,1.2064877580861248e7,4.245807429544924e6,4.4215278091576524e7,1.1083221028002325e8,9.216221791498321e7,1.376671650770349e8,1.5011049596794311e7,2.467355388696373e7,7.030685156632133e7,3.757455326164068e7,9.930521623434775e6,1.1037490902766036e7,4.965009613139273e7,3.288193902440342e7,8.829526842286345e6,6.661432923771664e6,5.262594421951696e6,5.646847057978768e6,8.038365203047964e6,9.826183779224785e6,1.5570366495408727e7,28218.038902709326,802154.012247414,316691.82652821287,2.22887554699401e7,1.255883942146837e7,2.6001229888330447e6,2.070200101180044e6,2.0991388713868026e7,1.445792258683954e7,5.779882124217345e6,4.41628192158512e6,1.1561678715328105e7,1.6598824398733396e6,1.2377790525339756e7,2.6585556327851666e6,8.1063395046083e6,4.079719756745963e6,1.323154554943003e7,5.609782164945914e6,2.0017095416318895e6,3.4827778522959165e6,619968.9287393615,2.3385934543913607e6,2.3635304351067943e6,1.302294839519063e7,1.4727237641899118e8,4.997970691205703e7,1.6872089837841254e8,1.5394980658829165e8,2.9043566561365694e7,8.596347858212776e7,2.3376795457398817e8,2.1449587012902655e7,1.8990895184594706e7,2.79364049023307e7,1.5977986027371742e7,5.715748665700447e6,8.407434491364382e6,9.871001483242279e6,6.049165857505497e6,732315.1425656722,759591.8976839993,1.4443545361359997e7,3.831996041768407e6,4.712607987886796e7,1.0828575835220061e8,1.1649586031237058e7,1.2142537464695744e7,2.7062057839805335e6,2.0655003773151273e8,1.0619315985447912e8,1.1214725394825647e7,8.166504671329683e6,1.5299432630918503e7,1.0874338084975626e8,5.409711781098523e7,4.0848440416324176e7,2.8513705860757507e7,1.6528012576918565e7,2.018500197117132e7,1.383373369740184e8,3.092337738225479e7,1.0792284047605505e7,2.133832690149065e7,1.948033693260521e8,8.281741014226532e6,4.149643700318083e7,9.08622173722556e7,9.67224202220373e7,5.052943249450547e7,7.350480098554543e7,1.5916895528128538e7,9.748851604822724e7,2.1388348311441377e8,7.148134594066228e7,1.9003775366235566e8,7.098449107473998e7,2.293935735838137e7,8.91415224677524e7,6.773556116839944e7,6.173481414878727e7,5.078794568118479e7,3.811239339125305e7,3.674921239592744e7,3.778514109097776e7,7.010823769895597e7,7.011783025482437e7,9.543872524355356e6,1.1516731500901768e7,1.9341891219050366e8,3.641195336633068e7,1.1986695649841212e7,1.455097227782884e7,7.948432100710026e6,8.131338596718426e7,8.119739871201861e7,3.361230308597274e7,7.012255233684015e7,1.0293384473044e7,4.025761260525141e7,1.5070295450810358e8,4.547254803525594e7,1.0861896096804346e8,2.4443863391955644e7,1.4894790268681679e7,4.585284135996337e6,1.9071333246299457e7,8.2983419634151915e6,2.1161507100104045e7,9.023189374993753e7,1.736182338647711e8,6.788009760951766e7,1.4299124374586307e7,6.3551850615311906e7,6.09485917408715e6,544815.8127687742,1.4314908917855084e8,9.263161828170724e7,9.317099139634511e7,6.055850881507908e7,3.276308084933218e7,3.964299532832166e7,1.5097271270200279e7,1.919013452729122e7,1.860266142955317e7,7.843866850296068e6,5.719345739321966e6,1.791800305949324e7,1.7990340338732816e7,884643.9999875141
1.2734169672740148e7,5.24039585282319e6,4.188186856124808e7,4.434669188962012e6,7.397755595652758e6,2.1151029277142766e6,4.4532856726109125e7,2.553497438749162e7,2.8529521760521106e7,3.943892815482819e7,2.821981716327192e7,1.1472748367565066e7,3.182848451740916e6,3.242058880241677e7,8.382037382410921e7,6.79589379299304e7,1.0363705764499353e8,1.1479703193863861e7,1.7870642063455824e7,5.6604026162754685e7,2.9974799456263024e7,8.32556751056635e6,7.936430245332907e6,3.504294086669768e7,2.2887158924800396e7,4.996421958097228e6,4.1940602981323283e6,2.324013585124184e6,2.4657588825622126e6,3.143942481858176e6,6.103274196585171e6,1.384850116146962e7,47175.69961373259,779542.0073545708,329858.05373642675,3.2356807922087405e7,1.758042690458767e7,2.906207593528265e6,2.3585569591572904e6,2.638211179049214e7,2.1943391054263268e7,1.1201441808380067e7,1.010694794138573e7,3.013014607159904e7,3.6759551326484596e6,2.5613276231605165e7,3.9043576638213126e6,1.3391942682893112e7,6.900533751509131e6,1.8293435642438263e7,1.994105901060773e7,8.550532569354873e6,2.452638129332522e7,2.244060202967671e7,454458.22494168516,3.059949930250538e6,9.097088957881259e6,1.0460271618094815e8,3.565183420487194e7,1.1926861522044206e8,1.122267986488916e8,1.973212054123035e7,6.326520940608552e7,1.7022562525655046e8,1.3592194599539813e7,1.1088128952874396e7,1.8868242660810724e7,1.2234230723182645e7,2.903679952048493e6,4.687141447272322e6,4.783481906863187e6,4.0309256843288234e6,480628.69764621696,526834.9449454249,1.0329750868777161e7,2.713437421246772e6,3.926953249537627e7,9.074798880345798e7,1.4152811626061365e7,1.4661482665155787e7,3.20128532770965e6,1.89914874030882e8,9.744212594302009e7,1.0311337010495253e7,7.546984273614393e6,1.4030974520758867e7,9.901031821310133e7,4.93896901387133e7,3.7267109766315676e7,2.6140989215728257e7,1.5153174003684878e7,1.858040825767761e7,1.2874436098871687e8,2.864658364457418e7,9.958909082571758e6,1.9724737625587624e7,1.7659612761314765e8,7.584487416168314e6,3.613359255511252e7,7.959446939939082e7,8.457066025775427e7,4.290369967492063e7,6.565083599180928e7,1.4199708700304326e7,8.626378334307395e7,1.9240515313067183e8,6.456135508719289e7,1.7164334653347653e8,6.696743717530907e7,2.2120216323067307e7,8.919645881974597e7,6.565930916459301e7,6.134381190024252e7,4.736211085164294e7,3.9801062491607055e7,3.826098462172537e7,3.98398549147241e7,7.64433984647448e7,7.712336309744932e7,1.037961494705989e7,1.257820304538044e7,2.134802275781172e8,4.009444582966922e7,1.3235941757216413e7,1.6108924465217419e7,8.83787149701715e6,8.747831525257528e7,8.785284381720692e7,3.733418571820586e7,7.649004548105794e7,1.1657331580283305e7,4.796088105078688e7,1.7160822389367098e8,5.183175895778657e7,1.2335373704619592e8,2.8676409085066117e7,1.8061259740455117e7,5.549075815919828e6,2.4624611984738562e7,1.0589990771343399e7,2.7278028353755854e7,1.1522977998455626e8,2.1941701407498616e8,8.481914239992414e7,1.840780370076433e7,8.492924206922275e7,8.660589640251486e6,853640.6353632068,1.836283599425515e8,1.184958860009693e8,1.1845603742432697e8,7.736063288936849e7,4.197597021672752e7,5.045272023823619e7,1.9473655285748832e7,2.5469429697779946e7,2.4841061196118485e7,1.0775656022132218e7,7.822643903086089e6,2.461112850913916e7,2.4893530057833955e7,1.271587594984016e6
1.307882212527838e7,5.226367124596453e6,4.187451003794351e7,3.8328802421821565e6,6.468046877728984e6,1.972549585400067e6,3.826179572487129e7,2.128520060843826e7,2.3298831431857053e7,3.269034817418664e7,2.411090599110724e7,1.2197995796099504e7,3.787626115015102e6,3.908861906086051e7,1.0241898374602778e8,8.437444475843234e7,1.2700201453335433e8,1.39270618373078e7,2.2436190952871677e7,6.6507174371440224e7,3.5424736586373985e7,9.534078674994862e6,1.0003505457486328e7,4.4713272674690954e7,2.939974176066468e7,7.364928877734605e6,5.772801563902321e6,4.0816680585093666e6,4.403902368629831e6,6.016185935029034e6,8.417247873671185e6,1.5319009511300202e7,37600.72653049759,819172.1274138356,330562.222623528,2.7568220695578706e7,1.5185873109886168e7,2.8249789437053557e6,2.268920920112039e6,2.4111811261895694e7,1.7032545972548194e7,8.418227480465613e6,7.103824180056967e6,2.0133438115450926e7,2.473199994515101e6,1.8646074904095553e7,3.195216614165562e6,1.01666163417339e7,5.189156152254231e6,1.5467091918715775e7,5.765811977938423e6,2.688941608776775e6,1.3074779486036742e7,1.0110399800139073e7,1.3640857638933293e6,612520.6187235387,9.543471429639263e6,1.2397364834380169e8,4.241412402471614e7,1.4223983112901825e8,1.303651288848153e8,2.4441138976305667e7,7.459075622896948e7,2.014677877232546e8,1.7678878075089864e7,1.4792947322564121e7,2.280429152734295e7,1.3350090133909332e7,4.437526761648343e6,6.77490941921878e6,7.767774938013354e6,5.276491691376079e6,623438.2388569107,657920.9668649401,1.263507685688564e7,3.360820026899972e6,3.954204171844131e7,9.116005365525995e7,1.1839825170571325e7,1.2370088686252227e7,2.724517576632603e6,1.8862172038617375e8,9.697423093902068e7,1.0249322441342564e7,7.478120743414861e6,1.3979450413580198e7,9.892225330089039e7,4.9325077226878844e7,3.723715295469903e7,2.5962837633721527e7,1.505368159442066e7,1.841907483846365e7,1.268381838498156e8,2.8306629817077383e7,9.859089523321316e6,1.951317003243897e7,1.7657657951725712e8,7.543914533002959e6,3.7386918628531404e7,8.181042283538467e7,8.721515760370257e7,4.4701933169504374e7,6.600606340848472e7,1.4302491115047634e7,8.761788824538727e7,1.9396215271462077e8,6.4886134101520196e7,1.72329217607029e8,6.5571693230770215e7,2.142194314253536e7,8.353327125790566e7,6.279133790193749e7,5.837283728096246e7,4.6286810221157245e7,3.637508577150262e7,3.501902200682488e7,3.668408082497713e7,6.925861831217404e7,6.960551360621566e7,9.411024593799118e6,1.138820962237376e7,1.9183901172093877e8,3.612013081748936e7,1.1909159726646913e7,1.4479411534293244e7,7.936872244593816e6,7.968436960895848e7,7.975945389131169e7,3.3261904937871326e7,6.868380870187381e7,1.0385312930740273e7,4.205212617667746e7,1.5102127757470414e8,4.557035943546973e7,1.0876658927675527e8,2.4923376628473695e7,1.5567826340167873e7,4.703803076339637e6,2.1110616600624472e7,9.13412499295808e6,2.3412362780006923e7,9.904206109740795e7,1.8864104425994688e8,7.278351885084467e7,1.5496118697025456e7,7.103769734737925e7,7.119750021719574e6,664166.1857244043,1.5931582807103667e8,1.0294719564196236e8,1.0343926668935625e8,6.719823575835866e7,3.638625016847471e7,4.382918668436287e7,1.6730125044203041e7,2.1795462932591457e7,2.109679875586546e7,9.121622174086517e6,6.6299795769068925e6,2.0835216693852566e7,2.0800407795550156e7,1.0488822032947098e6
1.6644264600818383e7,6.719316685553186e6,5.6915652067368194e7,5.667396915853252e6,9.493221031461593e6,2.6958557034002836e6,5.181441378093976e7,2.9869734498141363e7,3.4222155700531445e7,4.372775580642938e7,3.0914658105988625e7,1.6544732441372072e7,3.31856062900064e6,3.37042196751921e7,1.3774015361605743e8,1.1153072863426036e8,1.7097514430483943e8,1.9297826755356427e7,3.126293164997271e7,9.319790609249832e7,4.843748971418755e7,1.2372396960555917e7,1.2549625752093283e7,5.635296839357648e7,3.489231465788375e7,8.284914326588547e6,7.282648788696346e6,4.40957286017017e6,5.897509998514043e6,9.628434038478158e6,1.2971631686193358e7,2.2083369145648967e7,60821.67271754988,1.167141088262028e6,560367.2872145097,4.396047058841679e7,2.6812165317109276e7,4.377746754257895e6,3.282995105624614e6,3.5955402945482224e7,3.983416694643072e7,1.5297602786166914e7,1.4577673771369154e7,3.788776973997132e7,3.951601900595687e6,3.2290750095132906e7,4.0807397661432456e6,1.3330209070315687e7,6.934315865242803e6,1.9266223148943618e7,3.089117038890807e7,1.290364487851928e7,3.428208868318598e7,3.1775824677730463e7,2.313183993607634e6,5.443606930420203e6,1.7716939901849148e6,7.606732245086707e7,2.765094785028942e7,8.963283073200212e7,7.856127842574997e7,1.6931159597529832e7,5.421674379340909e7,1.4213753648037496e8,1.2381792092921438e7,7.933084477763347e6,1.2115196044762852e7,6.210214754545207e6,3.3875891627353565e6,5.543419659391395e6,7.475601989845631e6,5.422460489128195e6,527943.9755269819,555018.8682445302,1.0661962188356599e7,2.9881251100665038e6,1.6150421759197166e7,3.804471882044323e7,1.0380685584807668e7,1.090522017260635e7,2.328672030091776e6,1.2485826495836022e8,6.4372185631567046e7,6.817964369427188e6,4.999316264898696e6,9.32133885858293e6,6.481310635326107e7,3.266524875373741e7,2.4652776501106236e7,1.6944081517398246e7,9.841557243352273e6,1.211620745094893e7,8.464607776450449e7,1.8819704630034067e7,6.508232584369521e6,1.2931905636157086e7,1.1378585380773835e8,4.943390567293185e6,2.4724710541458774e7,5.3273665303939365e7,5.757405076654873e7,2.713040125341534e7,4.088333948416639e7,8.913444857857086e6,5.5385888866027035e7,1.2684436844174804e8,4.243795975422687e7,1.1196410383653785e8,4.494252158355038e7,1.5203174475618241e7,5.821418043753347e7,4.2569547133071095e7,4.280468273490742e7,2.9719603521832332e7,2.6783258335024398e7,2.5657027723038565e7,2.8878609797572482e7,5.719752188948968e7,5.825517511066358e7,7.728915594626288e6,9.43083477273549e6,1.5963796943771535e8,3.0121711672616336e7,9.973589052548131e6,1.2179188451943561e7,6.747023447751741e6,6.428912393342298e7,6.4718426635367714e7,2.7343375142166797e7,5.483270282422133e7,9.071173218426675e6,4.024939189668635e7,1.2834327095420821e8,3.871602397539286e7,9.230389264667481e7,2.216050538869804e7,1.4762461949704977e7,4.223121418035212e6,2.318955780528989e7,9.947234672071157e6,2.5713693261315838e7,1.0668868985669017e8,1.9789245647214842e8,7.364553972039375e7,1.5919411823293837e7,7.827250805881093e7,8.562063263868527e6,838219.8616495039,1.8000941210220167e8,1.1606474246075511e8,1.1707018912344395e8,7.541834796865773e7,4.082752112369002e7,4.870042730062358e7,1.8471469306194946e7,2.556862748084309e7,2.4425728929236483e7,1.1225814686412102e7,8.105343627226488e6,2.5639534212717023e7,2.481901367082474e7,1.309916191882519e6
1.9616190154816385e7,8.078856474087805e6,7.099125332695483e7,7.892176145220137e6,1.3097697152593829e7,3.4795562130109887e6,7.077319102676345e7,4.220300826756276e7,4.953325154854178e7,6.179148786971603e7,4.20545541280068e7,2.0309469604006227e7,2.220293233831302e6,2.171635027422608e7,1.684431778198734e8,1.3473464451858908e8,2.0937218187943095e8,2.4172831947433658e7,3.9576576909683906e7,1.173361053345951e8,5.980265747675028e7,1.4564212718732418e7,1.4492170273636729e7,6.556604949882485e7,3.829954710998156e7,9.232519228951227e6,8.689861777550029e6,5.466810129335348e6,8.140790694509711e6,1.4815932810534947e7,1.804932666058194e7,2.832692023873183e7,90893.64399909675,1.488203069919242e6,799010.5939917542,6.317058941581608e7,3.973817974179151e7,5.956663806985012e6,4.309296827594815e6,4.8836459791025646e7,6.580449159779577e7,2.402199870582232e7,2.3917761049136505e7,6.393049269772009e7,6.8878330568367895e6,5.150450294822109e7,5.853753390578767e6,2.1169839946281735e7,1.1100993087060893e7,2.6477732423610065e7,6.410127543183809e7,2.6648828007659502e7,6.335966117851127e7,6.180684961995276e7,4.574867292409913e6,1.2162911995814653e7,1.308356002803951e7,2.422813562743058e6,3.6341549866092755e6,5.735401200030149e6,1.2500345525102502e7,5.208132287164469e6,1.908987907334621e7,4.165476468934278e7,5.780492262318522e6,7.338156073201028e6,4.821352846262599e6,5.657371064741868e6,3.356408118136683e6,4.609707520250513e6,8.231815861815265e6,5.05071005310591e6,352733.019333059,346951.9257954178,6.543349350576718e6,2.0930362276671622e6,3.0330577939684898e7,6.968647481320797e7,1.6627690665837293e7,1.6938545911922075e7,3.6073045982531235e6,1.2231649952599254e8,6.214919371543598e7,6.6195119500544e6,4.92505100528652e6,8.90503083726139e6,6.17682514630107e7,3.0928821186275616e7,2.3275246778219987e7,1.681181358190966e7,9.734124195823323e6,1.2071855617271563e7,8.636684655626279e7,1.893352818877235e7,6.516553649589139e6,1.2958014007796988e7,1.0956781084011684e8,4.842752815229711e6,1.8460562668287e7,4.216329276690658e7,4.408539812580777e7,2.0622196920851875e7,3.9584104891605146e7,8.467369352782553e6,4.894835124060407e7,1.1435296538487913e8,3.901690179757804e7,1.0422561373016253e8,4.643950181975658e7,1.622491729107969e7,7.429772994400987e7,5.032829044744824e7,4.86167885044228e7,3.2982039529341992e7,3.622628977886728e7,3.464178742657204e7,3.598101906875655e7,7.349316564155015e7,7.52876391743718e7,9.93755627423656e6,1.21275503145659e7,2.101401446540784e8,3.925714541336714e7,1.3021771122513374e7,1.5916497495553289e7,8.791026719836017e6,8.21657684012554e7,8.343456000095889e7,3.739324597410055e7,7.444279967180172e7,1.1957578049742285e7,5.34085439604189e7,1.7893804752908248e8,5.4159735271246634e7,1.2798409953078727e8,3.1233722902967222e7,2.0579186689904284e7,6.379188894916295e6,3.132944283919799e7,1.3299598610275406e7,3.4665251765338324e7,1.4383170095069686e8,2.6801056363826856e8,1.0116371496948238e8,2.273792742810927e7,1.1079510793272498e8,1.2276714652596507e7,1.2969350211740108e6,2.3763464275443062e8,1.5287118863727027e8,1.5290373127752432e8,9.936699087367569e7,5.398366215248411e7,6.416919055666122e7,2.4841968421487097e7,3.450067087203103e7,3.337482443371469e7,1.5396604764641488e7,1.1096264687571907e7,3.516126592921932e7,3.47213378724302e7,1.8613820858183436e6
1.9792689763534304e7,8.177559218614719e6,7.210628154830486e7,8.130882768552386e6,1.3479083926758874e7,3.554349410244096e6,7.295919529941393e7,4.364998119554314e7,5.131584693340621e7,6.402878525874708e7,4.343496792459789e7,2.056810071337604e7,2.0231895383352367e6,1.9598079068839986e7,1.7046801909914443e8,1.361688023175756e8,2.119283474382394e8,2.4532608487498302e7,4.022508510981574e7,1.1913712690159298e8,6.058099800185779e7,1.4667352406581337e7,1.4566551977383116e7,6.597636411450545e7,3.825455437652487e7,9.287259150064757e6,8.783331132617442e6,5.614493698968906e6,8.393208178643212e6,1.540920518785024e7,1.8549470070011325e7,2.8823364462095942e7,94297.27436950937,1.5137287241863748e6,822410.1776068244,6.521657316849932e7,4.1093456298242584e7,6.104665381416164e6,4.402561880570389e6,5.010917637020992e7,6.867924383586651e7,2.5012686238165267e7,2.4984195134086885e7,6.7061696530434296e7,7.266368793725111e6,5.377430614878586e7,6.088663921928527e6,2.2244040221652795e7,1.1666630394576697e7,2.742234698509218e7,6.810491624335073e7,2.8307858558470342e7,6.6832659955831006e7,6.54212814159433e7,4.86325951939593e6,1.2978625860345762e7,1.4833644055151284e7,1.1334789871365676e7,1.946943851347899e6,7.693613842784222e6,1.813234380979565e7,3.937240194970273e6,1.373631318839204e7,2.6391633025432944e7,5.471675020373371e6,8.567622454292564e6,7.0437239484950835e6,7.109906224068419e6,3.5037579352591303e6,4.602223391251211e6,8.39220752969345e6,4.93245557495923e6,325977.2819016048,312159.3100745802,5.835927122804293e6,1.9307022323737023e6,3.530391920077015e7,8.101249437605444e7,1.7809503191694252e7,1.810323135341423e7,3.86311099358261e6,1.3317467966331919e8,6.758614136631858e7,7.195226885717844e6,5.348006433586468e6,9.668273402296798e6,6.741752590957496e7,3.364124175308818e7,2.531687984385102e7,1.8383434773944404e7,1.0638273142211325e7,1.3171799667524625e7,9.392024557216601e7,2.0602560140521046e7,7.104076869049025e6,1.4111228156912042e7,1.2022101531626523e8,5.288148578732754e6,1.9930641021987513e7,4.594580978685944e7,4.768664796658565e7,2.327094944011543e7,4.3977747204968624e7,9.390957692452615e6,5.404973764745028e7,1.2475199141037625e8,4.2579985756920084e7,1.1401728224578808e8,5.018136029752566e7,1.7417450379226334e7,8.061106573614924e7,5.474607597198449e7,5.203343196114461e7,3.625544368113623e7,3.9086735875603676e7,3.739776696629104e7,3.8316048156835526e7,7.79778076985332e7,7.979839936829363e7,1.0551260688205319e7,1.2864371588179825e7,2.2318615495769563e8,4.165302009731438e7,1.3812060171509355e7,1.6875792769487172e7,9.308148960231362e6,8.738422746427952e7,8.872893612184341e7,3.987234563983348e7,7.958445664756264e7,1.2638289181759998e7,5.6019791625071615e7,1.9044428851579782e8,5.765742128279343e7,1.36178523132851e8,3.313835236752007e7,2.170366811161022e7,6.797079968784393e6,3.2602190418737356e7,1.383008729534325e7,3.606459366845543e7,1.4982330068110606e8,2.7981133790736854e8,1.0604100939062993e8,2.390374213674033e7,1.158899447219375e8,1.2802563307852605e7,1.360957448643482e6,2.461371507635853e8,1.583154517253073e8,1.5813320815015063e8,1.0293977430534707e8,5.5951370123404816e7,6.6519861929730065e7,2.5828716786283836e7,3.575744590125545e7,3.467109022168111e7,1.595108822535329e7,1.1496924953136612e7,3.642710348567105e7,3.611701928013151e7,1.9357202248484627e6
1.9553955608094133e7,8.068591058555819e6,7.093771803536414e7,7.944335696866788e6,1.317739300076143e7,3.4898844868637905e6,7.13615348292546e7,4.260485464582524e7,5.001813252542785e7,6.247723399977219e7,4.247868521426951e7,2.024207322394899e7,2.1198688310010396e6,2.0609314313703526e7,1.6734184500696644e8,1.3373462129954855e8,2.080075869693408e8,2.404594863082649e7,3.937049988419394e7,1.1680733921018407e8,5.947336410128526e7,1.4461848965809096e7,1.4345663355128044e7,6.491624951600125e7,3.778492884306839e7,9.098419085795008e6,8.606814198471336e6,5.419970368395705e6,8.115693553764228e6,1.4847662267112972e7,1.8023710498769213e7,2.8251820311623495e7,91746.39253592842,1.4856015407266668e6,801060.185216016,6.359166120794378e7,3.9978123699985564e7,5.968240500926013e6,4.316220440335462e6,4.902730680822382e7,6.637689914221346e7,2.4267205913105063e7,2.4180382273306657e7,6.4824637578370355e7,7.010439659121957e6,5.2131728694120124e7,5.932745815898672e6,2.1544680929307595e7,1.1296428276582658e7,2.6791092986477185e7,6.519068158185603e7,2.7104226716029372e7,6.43150267403468e7,6.281130106897316e7,4.627168481340127e6,1.2378927172180947e7,1.3675666819480145e7,5.087652032304384e6,2.1881341957753203e6,4.554171347830608e6,1.3631509083935743e7,4.327633896431267e6,1.694930326761662e7,3.555821291046331e7,5.307469794655189e6,7.564266362057908e6,5.543882439561255e6,6.299769671015599e6,3.311054938470096e6,4.463465700215612e6,8.110467987531187e6,4.924116275976699e6,333450.8873126971,326397.0970938024,6.161062367156989e6,1.9958114474726478e6,3.2438354039546363e7,7.451576352742837e7,1.712656698715641e7,1.7435069316960108e7,3.717511503766672e6,1.2822896350742719e8,6.513607604582413e7,6.9352820465998165e6,5.155944347484272e6,9.327783927360812e6,6.4866843999946706e7,3.243154769735971e7,2.4407783710327297e7,1.7656168164917134e7,1.0220997742882574e7,1.2664025669994645e7,9.041444346898188e7,1.9832572837758515e7,6.832668280032108e6,1.3579464564322753e7,1.1532651531174345e8,5.083943266307743e6,1.9394723935196072e7,4.442680883293463e7,4.632879530492413e7,2.2098047900289845e7,4.190241007199525e7,8.959529027958414e6,5.176577167033156e7,1.2020338215257579e8,4.1002641441307046e7,1.0962550226066817e8,4.845396076895615e7,1.6862676443108488e7,7.736548311991656e7,5.254598027268591e7,5.038658635400848e7,3.465060829011334e7,3.7576307211368576e7,3.594419900171019e7,3.71225268471872e7,7.562638506802595e7,7.741865350775388e7,1.0229754187314669e7,1.2477630853367757e7,2.162491229561202e8,4.038467938351958e7,1.3392884728064034e7,1.6366179641872752e7,9.03308501643152e6,8.466865518446513e7,8.595824580838e7,3.853467132239349e7,7.683500273006813e7,1.2271254192187047e7,5.4556488131003685e7,1.8413675868103042e8,5.5737641821252875e7,1.3169799507528214e8,3.2076824396802995e7,2.1065593689607434e7,6.55819009431903e6,3.182660680920694e7,1.3508589173488284e7,3.521183253527626e7,1.462202471374481e8,2.728304670494653e8,1.0320529686180638e8,2.3215989025728885e7,1.127837288569539e8,1.2466291655530997e7,1.3196942315472316e6,2.408167613975374e8,1.549130164693289e8,1.548433116167093e8,1.0071621694891672e8,5.472818465377791e7,6.506968778705693e7,2.522498517191449e7,3.495143965601919e7,3.3852144447536595e7,1.558386754519218e7,1.1232772449026974e7,3.55887614343358e7,3.5222576824698344e7,1.8868838757774963e6
2.0115087011468567e7,8.256333290258362e6,7.273724802863885e7,8.003099311606843e6,1.328993817013338e7,3.5390921391579723e6,7.132381240306596e7,4.251789847847986e7,4.996597905315611e7,6.200758147874426e7,4.218092708727069e7,2.0940904077030703e7,2.3716435893539763e6,2.3444986561235923e7,1.757233052665491e8,1.4079008471460867e8,2.1845642288613674e8,2.5184482309559245e7,4.13062244238884e7,1.2196703136981514e8,6.2217459998961344e7,1.512623412975566e7,1.5193683547335975e7,6.87854579846162e7,4.0343773750633016e7,9.850865977589257e6,9.156117948942374e6,5.856960378642266e6,8.587709255874509e6,1.5499327088477662e7,1.8837972910271034e7,2.931432373915924e7,92031.25113621801,1.53382202707095e6,822617.6602609177,6.423282493959273e7,4.060594093547716e7,6.111474820531155e6,4.40828950276598e6,4.978959090605041e7,6.73957173520572e7,2.4367957737928115e7,2.4297864649997376e7,6.4534169648417376e7,6.9001181551771555e6,5.202454885945131e7,5.847118279297848e6,2.1086685352150124e7,1.1065636213889813e7,2.6467174777818594e7,6.513234286482695e7,2.7059058514961593e7,6.4195124411302425e7,6.2640678578263e7,4.758763332259073e6,1.2400283494443052e7,1.3100815703427292e7,8.849818658489328e6,5.636453258384704e6,1.4898835777890576e7,1.2500345525102502e7,6.854502359504913e6,2.1246118916254517e7,4.8137782724240765e7,7.14216856376208e6,8.170307933471272e6,5.324166770505614e6,5.023052408197943e6,3.7352236251072623e6,5.176166781631387e6,8.936048224369844e6,5.406272696146238e6,394356.6916261541,384028.0422581603,7.1656542627687035e6,2.2727729119590446e6,2.8490441272094905e7,6.535140698633469e7,1.6167346556734165e7,1.6462408189097913e7,3.497735204924141e6,1.1197970955213074e8,5.6850186766418785e7,6.0609379980604835e6,4.520041272705183e6,8.145237562606404e6,5.627741880889048e7,2.822481131906636e7,2.1233058353665255e7,1.5367783444054814e7,8.898192753584778e6,1.1056148740830304e7,7.94897851053451e7,1.7391452394164827e7,5.975084278345181e6,1.1890998767333774e7,9.959790259267597e7,4.424637044509783e6,1.6425607640509622e7,3.757637048339143e7,3.931214274884105e7,1.7892521159729276e7,3.573009493211897e7,7.63413023885177e6,4.387072453955908e7,1.0354324611708146e8,3.5403128249509424e7,9.455875570114464e7,4.299620620754338e7,1.5149790985180276e7,7.002707630270518e7,4.700961440183775e7,4.5804085572175875e7,3.0399896466925252e7,3.447389568933037e7,3.2945767100731127e7,3.4369845643470496e7,7.066463011118372e7,7.250782113737763e7,9.54927312377849e6,1.1664628206765408e7,2.0234615387520415e8,3.780033515993996e7,1.2544830198449146e7,1.5341082528961811e7,8.482330413128719e6,7.87824686186848e7,8.007228592986481e7,3.600060051887598e7,7.144425585675651e7,1.1573164134860668e7,5.217471539910094e7,1.729141572551551e8,5.233950250214394e7,1.2364220180935177e8,3.0313092513532907e7,2.0084259839489516e7,6.204216217996535e6,3.099632195892988e7,1.3152956231766175e7,3.429900358140837e7,1.420578171956093e8,2.6402543294175363e8,9.930741480965374e7,2.2338742771612335e7,1.0947883635369708e8,1.220784141777789e7,1.2901320070952983e6,2.3599181886236072e8,1.5180050200092587e8,1.51965191890434e8,9.862499046603788e7,5.356923838312596e7,6.362665131728886e7,2.459384609474811e7,3.43422728948633e7,3.3159699444901377e7,1.5376317910245981e7,1.1076518226618772e7,3.511498384487816e7,3.4545112008037634e7,1.8571156751638865e6
1.8591795169601165e7,7.746456349844652e6,6.791069010946022e7,7.856117494567657e6,1.300390882645444e7,3.407541179122967e6,7.14709938184995e7,4.280265026600422e7,5.019214242752233e7,6.333354480281262e7,4.2999058101875275e7,1.9072355292799875e7,1.7073151776776165e6,1.5930294724009136e7,1.53619984095391e8,1.2216647696247882e8,1.909178815036856e8,2.2196866617673863e7,3.625700174557588e7,1.0840371269284083e8,5.497216598959954e7,1.3347571220729165e7,1.2940496994975116e7,5.853303679829631e7,3.3512335636203405e7,7.893554468589877e6,7.720735200495807e6,4.784845095554765e6,7.4267731000987645e6,1.3952125678741233e7,1.6788728074212614e7,2.6520883162067845e7,91513.15587561653,1.4061905430728132e6,768062.0922633343,6.265655651186181e7,3.9069668563297786e7,5.739965985746023e6,4.165238970003012e6,4.780852687320697e7,6.514739550696619e7,2.419566954389603e7,2.4112181136952434e7,6.564425819317014e7,7.2314960265304865e6,5.2514453835804604e7,6.083892681823861e6,2.237742352162915e7,1.171927335318296e7,2.7351122693321973e7,6.605544839584405e7,2.7490190104224775e7,6.502828871057898e7,6.368606944081682e7,4.509085651864599e6,1.2528780752203284e7,1.5215761480527746e7,2.7212045798553072e7,6.59570264295494e6,2.5490367846788585e7,3.693967952682123e7,1.6465149724219881e6,1.4361352504733307e7,3.240089096991111e7,2.8018025888639e6,7.914032079433739e6,8.471304263443878e6,8.754861072986113e6,2.794330583313817e6,3.4046814822676773e6,6.89728991464367e6,4.1060024207050647e6,229184.30215009817,228298.25532669562,4.488743181047591e6,1.522836596237344e6,3.9922770184362024e7,9.176945162845314e7,1.879985962113192e7,1.9123210626360588e7,4.0986647660693545e6,1.5591075792872888e8,7.925745380568375e7,8.425242992589995e6,6.239277632125439e6,1.1344080236871345e7,7.950595001410687e7,3.960472020988035e7,2.9821676057063814e7,2.1553494064453494e7,1.2473929122579198e7,1.5402266490913454e7,1.0901411192533301e8,2.3989407685359407e7,8.293066978278512e6,1.6454785504796932e7,1.4212183419482765e8,6.206995821672371e6,2.455368527597095e7,5.62116538629097e7,5.847612300012516e7,2.9278704485876296e7,5.242263580500025e7,1.1218066495070463e7,6.523104699112845e7,1.4864721466835582e8,5.0555583211004384e7,1.3531356608378157e8,5.7744433449630365e7,1.9776709822525777e7,8.990526526782995e7,6.198440038702254e7,5.8175094299060956e7,4.190061037050073e7,4.288720339894384e7,4.107726976071451e7,4.1801019602665715e7,8.406052309482343e7,8.576604479143423e7,1.1386689920834944e7,1.385955473651919e7,2.3991533411247087e8,4.478044484291277e7,1.483537110436622e7,1.8109712941474468e7,9.96936066688895e6,9.467791197515872e7,9.59705033243897e7,4.2863392309084296e7,8.604400656033595e7,1.3458198798645606e7,5.859941370130678e7,2.0333199153965768e8,6.155198893506265e7,1.4546895765756524e8,3.509554806772771e7,2.274207049408098e7,7.169952986250239e6,3.3237249855135743e7,1.4111362613140939e7,3.6761932461808585e7,1.5328877898881036e8,2.8779835646452445e8,1.0984841791290887e8,2.472146957586139e7,1.1845931196738979e8,1.2915436606612282e7,1.3725815515348436e6,2.4896096955143675e8,1.6016332481111145e8,1.596835782119439e8,1.0424471787168029e8,5.6685771865074985e7,6.750543668082754e7,2.6296125032460276e7,3.5987685540155075e7,3.50339413278553e7,1.594129084193886e7,1.1501294908330115e7,3.6404607463287644e7,3.639042321625867e7,1.9389157953158894e6
2.063693609151097e7,8.57281952395047e6,7.64484618871332e7,8.862111882654503e6,1.4658116996548628e7,3.800496593516494e6,7.930084804397917e7,4.781921643167127e7,5.648962021894938e7,7.028938805456729e7,4.728978601429528e7,2.1770574511480402e7,1.6056683113823251e6,1.5368409408400662e7,1.824000434563769e8,1.4547019866445526e8,2.269140116698239e8,2.640153910573636e7,4.354215359250271e7,1.2803463690224788e8,6.478349868935461e7,1.5415143920690881e7,1.540288678557058e7,7.00291552541428e7,4.002637912103965e7,1.0082640883000216e7,9.484084893841349e6,6.447023441434056e6,9.529382766246323e6,1.7683959788761135e7,2.064015285030897e7,3.0998522018212486e7,104427.64531004902,1.6197563381791865e6,905755.3341832104,7.159328646530314e7,4.547474811593681e7,6.6302731634365115e6,4.731569288208063e6,5.428987194531725e7,7.784632552314642e7,2.7981133832345255e7,2.8193169979338117e7,7.60765457584918e7,8.31201339671723e6,6.036270109472902e7,6.727388503809724e6,2.513331854642397e7,1.3193238186897779e7,2.9999720428835206e7,7.989984973858881e7,3.3179970518556327e7,7.698709892593364e7,7.597137322342303e7,5.826680050152136e6,1.5410398706589706e7,1.963730633644316e7,4.0199796983910434e7,9.274293550568348e6,4.023638319251658e7,4.614645003609785e7,5.788110830355428e6,5.941612994630672e6,1.2755876534687314e7,7.460930471324046e6,1.2912212397790251e7,1.3341769514638962e7,1.0778908349311827e7,4.410766795221816e6,5.3800500753830355e6,9.663455739938438e6,4.97124911845091e6,309471.69456456567,262032.02472253295,4.559137639433137e6,1.673348665802912e6,4.791040169386697e7,1.0968617448992799e8,2.0802717151947085e7,2.1045357099450517e7,4.507669850148583e6,1.6071477152952567e8,8.140625977297893e7,8.656970532430679e6,6.418872550994966e6,1.1611269405546328e7,8.182391121788485e7,4.056160519459753e7,3.0528805433708068e7,2.236623385879141e7,1.293033764026753e7,1.59559392093629e7,1.129534849988398e8,2.4817537185604285e7,8.589722197078755e6,1.702602137488444e7,1.473643163518822e8,6.418712383887882e6,2.3996066760645263e7,5.609157111113545e7,5.7514418369784854e7,3.033517296220707e7,5.5175742294792734e7,1.1751390565628773e7,6.726436076303884e7,1.515766924563536e8,5.173122095637272e7,1.3910858753626293e8,5.956863224276243e7,2.038652936387005e7,9.628534032304451e7,6.574042167302316e7,6.048213129998624e7,4.4461864718751244e7,4.618766612413731e7,4.423945489065892e7,4.407401119967291e7,8.905437704747345e7,9.094701842113723e7,1.2067148481729124e7,1.4684394568397367e7,2.5548856884023288e8,4.757947274689543e7,1.5767416606204633e7,1.9249741524601996e7,1.0587760291832095e7,1.0026909201134998e8,1.0181036062376928e8,4.603191275581192e7,9.234484795642902e7,1.4326739991718104e7,6.255873973437374e7,2.1912251690898773e8,6.637796021112224e7,1.5658939130075225e8,3.790446673767909e7,2.45321321193324e7,7.851333085319505e6,3.589928933812539e7,1.5200691563206818e7,3.968969810602936e7,1.652473158869513e8,3.099676107020631e8,1.1841634017049323e8,2.6879617049033847e7,1.2909239773391187e8,1.4200473592671255e7,1.5320493200585332e6,2.684597191089326e8,1.725992954226995e8,1.7190094164484516e8,1.1229320530208737e8,6.1099708365669735e7,7.264628935353243e7,2.8389958495918043e7,3.910217485614502e7,3.809251839557e7,1.745545637093006e7,1.2580913237514528e7,3.9861460750791475e7,3.983112371277993e7,2.1365214221701324e6
2.0345305287858848e7,8.43863769643055e6,7.497159964626017e7,8.620284006226419e6,1.4267792536218468e7,3.7185194438339057e6,7.721932512474373e7,4.6451043661330044e7,5.478964939096603e7,6.824150745759976e7,4.602963849344106e7,2.1352250124517623e7,1.7327344095182242e6,1.6606740548887488e7,1.7810642078589234e8,1.4209265577092966e8,2.2152269725633326e8,2.5736904673290532e7,4.236202748793766e7,1.2489209905858338e8,6.328653099183406e7,1.5144045034508213e7,1.5088445646441529e7,6.851276041767405e7,3.9318075439274415e7,9.774239969317127e6,9.224671883886097e6,6.1431499771631155e6,9.127711561674511e6,1.6898828487098314e7,1.991159113767646e7,3.0242188407570012e7,101085.99429610478,1.583232369216485e6,877490.918906348,6.947720819571903e7,4.401106966686756e7,6.452592992892381e6,4.620741727843303e6,5.289414522650356e7,7.478340491241524e7,2.7000216768926453e7,2.713143657517474e7,7.311265566944075e7,7.969965797926265e6,5.8195227831673004e7,6.518961215712016e6,2.419084846489818e7,1.2695125490838384e7,2.91586939423789e7,7.600309790208936e7,3.1571215681176387e7,7.363866530662419e7,7.249227141859204e7,5.5011298332587555e6,1.4605122977686567e7,1.8064585626435187e7,3.0779113249477874e7,6.252412940547308e6,2.9619501617227953e7,3.6687279400764406e7,4.582148759837563e6,5.941612994630672e6,5.777588652731002e6,6.548870195317569e6,1.1434073507026082e7,1.1276367361417435e7,9.576336833008746e6,4.0750733582828026e6,5.055483291853669e6,9.18237355714429e6,4.929755369970531e6,308707.57423967373,273287.7728762105,4.904689834351959e6,1.7395335234851367e6,4.379422104838582e7,1.0032021534919953e8,1.982587512344214e7,2.0084746986685105e7,4.29709429889924e6,1.513188814573985e8,7.667904720622304e7,8.157310078885588e6,6.053488890531907e6,1.0945152730352744e7,7.689377479423085e7,3.818759066385865e7,2.8740076534349885e7,2.1011778451340083e7,1.215039489007618e7,1.5008986044898277e7,1.0649428001083148e8,2.338462506103928e7,8.084617829700311e6,1.6034798698238568e7,1.381080333815672e8,6.033392849981411e6,2.2526015649427716e7,5.250282345816543e7,5.3988874385944195e7,2.788452658078779e7,5.137728822935957e7,1.0948428274447072e7,6.271749202285195e7,1.4231568736310655e8,4.8582251453668736e7,1.3050057598109743e8,5.638366467376628e7,1.9382867139152113e7,9.109089748252437e7,6.207208680151757e7,5.765114635407462e7,4.170981039857174e7,4.384645850285726e7,4.198321141775252e7,4.216791301168855e7,8.540362794431803e7,8.727605032469216e7,1.1567428459278453e7,1.4084633500014704e7,2.4486164701761752e8,4.562876957883399e7,1.5123991569233196e7,1.8468762449140813e7,1.0166910999759711e7,9.601658764736928e7,9.7496664532262e7,4.400883168162501e7,8.81481445942099e7,1.3772423696504189e7,6.042072671482216e7,2.0972165030336237e8,6.351968449070111e7,1.498967815308872e8,3.634488419750449e7,2.360807415225375e7,7.507042561124682e6,3.482524693245203e7,1.4754179513703449e7,3.850880793991907e7,1.6022179856019476e8,3.0013756755231124e8,1.1437945980598605e8,2.5909470395672098e7,1.2479161573420937e8,1.3744922466196029e7,1.4762676983262666e6,2.6118888244615003e8,1.679468459176365e8,1.6741652942137247e8,1.0924668369864452e8,5.94228275520411e7,7.065080601733722e7,2.7555660445890915e7,3.801234915921945e7,3.697793528055312e7,1.6964760632164247e7,1.2227403887170129e7,3.8741240489369325e7,3.862080436206318e7,2.0710297859785438e6
1.727699458761457e7,7.227890171031559e6,6.262646602614212e7,7.295586720479737e6,1.2074830251374254e7,3.176517283920979e6,6.730160397570993e7,4.017109590024904e7,4.687527963905744e7,5.983990642600625e7,4.083410578403646e7,1.736402015420468e7,1.762727210813927e6,1.6427371342972584e7,1.3529208086288413e8,1.0726076927280414e8,1.6800992309321135e8,1.9545875226282015e7,3.168547119965523e7,9.605473842651191e7,4.874608530624733e7,1.200405532120765e7,1.1339355519435136e7,5.1089089852739975e7,2.921637929158097e7,6.4947850095525235e6,6.596953461423158e6,3.768995698575056e6,6.157272453069428e6,1.1770055889880715e7,1.4457159406897843e7,2.37346302087108e7,84573.97153525488,1.2736598713307122e6,686747.0391306544,5.7650176422899045e7,3.543239436213219e7,5.209380133146967e6,3.8257316555150617e6,4.4040085954678155e7,5.812329320857833e7,2.2167838524035137e7,2.1935100979182918e7,6.035713881770696e7,6.724703539860149e6,4.845511737249255e7,5.781212355205221e6,2.1152405158086397e7,1.105794349276148e7,2.6081258422805004e7,5.9091175821689524e7,2.463537743926793e7,5.89483240798071e7,5.7504388778673895e7,3.797448270129663e6,1.1079741477632128e7,1.3604358041389339e7,3.692594072752128e7,1.120668102576331e7,3.822087963114368e7,4.7058149663067e7,3.4255088186482997e6,2.2632840057810623e7,5.6616329261026785e7,1.2588639619048308e6,5.998547661520316e6,8.323798254743453e6,8.89501175278471e6,1.8492253603327908e6,2.18183288919953e6,5.187905937283025e6,3.529186753882724e6,190227.01781349414,220042.5660308503,4.6154426998914145e6,1.4440153936671496e6,3.891495580789259e7,8.966615289578375e7,1.8273967798413582e7,1.863968821072682e7,4.004021498886126e6,1.6342686777346474e8,8.325021342057134e7,8.842586523946593e6,6.534623195587011e6,1.1933612190953985e7,8.366143210598835e7,4.171600684143721e7,3.142440424786638e7,2.2552370527476132e7,1.305772553086745e7,1.6106773683167728e7,1.1361349508865811e8,2.505160106122265e7,8.666349679966548e6,1.7193351515037447e7,1.4931007645909038e8,6.506189302018398e6,2.6819279285425328e7,6.077965888593342e7,6.360558677827053e7,3.1660058945458636e7,5.4991180158401445e7,1.1799004360950653e7,6.931356267789511e7,1.5766214153074524e8,5.3470049731800005e7,1.428464229339224e8,6.0048125688088596e7,2.0451097191063605e7,9.085287213487557e7,6.331252343713091e7,5.955497357644187e7,4.31970922788526e7,4.292073026747807e7,4.112863015610363e7,4.209796992956711e7,8.405623683711219e7,8.561793860510953e7,1.1389756422563827e7,1.385471934483403e7,2.3907830014594147e8,4.4670161810824275e7,1.4791079998749245e7,1.804779260700334e7,9.930861678109668e6,9.489112924140501e7,9.60466286195613e7,4.255939663775121e7,8.56710382454778e7,1.3359925573201146e7,5.767237776687576e7,2.0098520416972807e8,6.0820001235702015e7,1.4389322978410414e8,3.453603592991783e7,2.229157026970437e7,7.000032563234338e6,3.220343512078901e7,1.3694745487547738e7,3.5623821244799525e7,1.4886448156171274e8,2.801891243149826e8,1.0720178796148506e8,2.401244247141833e7,1.1439580607203929e8,1.2353785084659928e7,1.302866017465025e6,2.4069617835571483e8,1.549057793389344e8,1.544178339262175e8,1.00880120622627e8,5.4848612529428594e7,6.540945649221991e7,2.5470376468084723e7,3.459714465356906e7,3.371886654684171e7,1.5225527750380032e7,1.0994654709766818e7,3.477044527055557e7,3.48701616277722e7,1.8474614890693957e6
1.6756994993817205e7,6.921409260376799e6,5.911981463445571e7,6.514838752557398e6,1.0828287966565719e7,2.9349023065750846e6,6.024903924906327e7,3.5486152991017036e7,4.1070292308060214e7,5.266654721521532e7,3.6433499246049084e7,1.6595812208072802e7,2.429948935681413e6,2.383223489514344e7,1.3014766143620098e8,1.03939947346993e8,1.6149166649763128e8,1.8541541087195482e7,2.985786705874689e7,9.086394768887317e7,4.662473280665672e7,1.1780764429820945e7,1.1301025420900585e7,5.068301166409058e7,3.0126515874900434e7,6.599873225018565e6,6.428883686407431e6,3.3938422723472253e6,5.368126377191701e6,9.755840352941796e6,1.2859699964189269e7,2.2216107064584058e7,73359.2496011514,1.1942810016006506e6,609428.6522817283,5.090079603156401e7,3.091433619662621e7,4.726652511963761e6,3.5242351313372976e6,3.987877375595138e7,4.8331298748822495e7,1.8871419355298255e7,1.835746511016899e7,4.997658557787677e7,5.493109322441811e6,4.095952911476086e7,5.036708791859994e6,1.7744746967858467e7,9.258062752794696e6,2.3095041601506412e7,4.535490326428982e7,1.895588291868544e7,4.723071540981676e7,4.524900606578908e7,2.7532275152265597e6,8.23969597474705e6,7.746725641035162e6,4.166153226392939e7,1.559547425640276e7,4.84129459295963e7,4.784369643876111e7,8.599375521032091e6,3.481194375444726e7,8.785325483074619e7,5.33123300665067e6,2.439424179875434e6,5.200132598167496e6,6.0091346461436255e6,1.5656502606522902e6,2.906174898129469e6,5.030869196834925e6,4.1407012776710577e6,326455.6416773636,361949.1122653156,7.206203544767195e6,2.0875725939779563e6,2.60697612356831e7,6.058377298542275e7,1.4828895545480696e7,1.5259514391631797e7,3.268147337718832e6,1.3996961851664945e8,7.160499820284265e7,7.603706295217468e6,5.6136719277517935e6,1.030761586513084e7,7.17321203954469e7,3.598967625480515e7,2.712347113715605e7,1.91489310940355e7,1.1102300104623195e7,1.371063602213487e7,9.680980251577997e7,2.1376864136918996e7,7.380560505697834e6,1.4664170906418623e7,1.2680197647190638e8,5.548007967852984e6,2.433344102780431e7,5.394718752029683e7,5.732672784655352e7,2.7071636278598305e7,4.580779957870972e7,9.888631512152104e6,5.924368888151892e7,1.3658737776455957e8,4.614148464883378e7,1.2257462676599556e8,5.15594602178044e7,1.764946924684918e7,7.485032671020405e7,5.260213465614395e7,5.113935528018942e7,3.567745158294431e7,3.535703780062685e7,3.385868618247705e7,3.5932595730719894e7,7.185720768473452e7,7.326106510048312e7,9.723900060496928e6,1.1847709053890234e7,2.032498408113521e8,3.810193170036277e7,1.2619828851354543e7,1.5406970580791663e7,8.502307066642592e6,8.085448623722479e7,8.173547251561598e7,3.571441969250688e7,7.165228964383113e7,1.1454018200656788e7,5.009095678789289e7,1.6869055852332115e8,5.099648348969311e7,1.2093412295833081e8,2.9095903346134055e7,1.9016695426859673e7,5.787448086972397e6,2.832117113744524e7,1.2080980228450224e7,3.1355506702126596e7,1.3070484849125649e8,2.447345286998063e8,9.271231603981066e7,2.052245478920244e7,9.883945123700786e7,1.0710800505622976e7,1.1011021655466873e6,2.144972042866911e8,1.3814028707233587e8,1.382837364030109e8,8.989484641350356e7,4.880011576518285e7,5.8206500333789535e7,2.2455274498546295e7,3.0684006535864256e7,2.970153376405355e7,1.3477860763551308e7,9.733865491554461e6,3.078071302053536e7,3.0513345336922426e7,1.6129342962477857e6
1.8500602960679647e7,7.60070412454855e6,6.6011238518913455e7,7.205791196573179e6,1.1978756413570538e7,3.2273396110466896e6,6.5155836230102785e7,3.85655590684344e7,4.499208089251207e7,5.657379282181968e7,3.8840117952226296e7,1.8845301938249078e7,2.452894529317987e6,2.4150632653025746e7,1.5414954312316003e8,1.2343652903341453e8,1.9148345742267653e8,2.201258260790099e7,3.583313800410195e7,1.0705185570773387e8,5.479364332395042e7,1.3557589908383148e7,1.3391118705405207e7,6.038073455355752e7,3.5699919794821836e7,8.350644707517212e6,7.879932511220226e6,4.687748307445303e6,7.02924084770384e6,1.2644500529861374e7,1.5913722246471472e7,2.5866481393424854e7,81789.30434837715,1.367729089811921e6,714883.8711085857,5.714743484933295e7,3.553799112948682e7,5.4120448479319895e6,3.961535121942825e6,4.465962786482132e7,5.7321178030818485e7,2.1359450509089634e7,2.1048836398530144e7,5.624027984728562e7,6.048825426615098e6,4.579650737384191e7,5.351404524774012e6,1.8964353399600655e7,9.926706464359542e6,2.4428919706723437e7,5.399220025745551e7,2.2481996222388916e7,5.462881553172186e7,5.278916699629629e7,3.715574479501954e6,1.0073577832692357e7,9.382470930606112e6,2.170840401407727e7,1.0168368534486314e7,2.813969555117364e7,2.472570234611899e7,7.300121253108738e6,2.8526712865458477e7,6.871266253428984e7,5.866968832299182e6,4.1240612146694777e6,1.941427936654486e6,4.0552255029675625e6,2.691581731543822e6,4.0968093012460945e6,7.103324573228459e6,4.862078926513686e6,366388.84722776804,380064.8828609237,7.333911685156291e6,2.225980998216985e6,2.3218318598659024e7,5.3753857258813746e7,1.483131340030395e7,1.5204641408734147e7,3.2360550495748892e6,1.1850898741878326e8,6.049500263672503e7,6.437400010316345e6,4.777305470171667e6,8.703564574298956e6,6.010538738447112e7,3.02442789677617e7,2.2775990645649787e7,1.6170310069585212e7,9.374857208877191e6,1.16247481656721e7,8.297560283354281e7,1.823871057523095e7,6.273262507864061e6,1.2484960021150703e7,1.0578445730657792e8,4.678646635472037e6,1.9400182553261388e7,4.320124545723432e7,4.590602211153552e7,2.0632357018581007e7,3.7642275446035534e7,8.107112107756598e6,4.799433106201255e7,1.1290586516832578e8,3.8315720084812984e7,1.017900196229783e8,4.4746220686838135e7,1.5606722222460246e7,6.827439930911893e7,4.6826262573692374e7,4.624928228565548e7,3.075728764576154e7,3.3097186483266234e7,3.164514022848391e7,3.3708349603577144e7,6.858297772895832e7,7.021671383248554e7,9.26879952749086e6,1.1317030605741022e7,1.9506776020596904e8,3.653201992987361e7,1.2115657576352334e7,1.4809295828787975e7,8.190028866106368e6,7.665279632507743e7,7.770716371347903e7,3.4382693344975546e7,6.84308138680374e7,1.1123797367064925e7,4.974797148097103e7,1.6411513210028562e8,4.9635369080264576e7,1.1751909328036575e8,2.863196963084356e7,1.8947474570906404e7,5.7627003255554885e6,2.908040043479173e7,1.2374624105372403e7,3.219218113655076e7,1.3358799379381534e8,2.486792077486673e8,9.354845733442554e7,2.0845835487946406e7,1.0178788155282345e8,1.1237752861861745e7,1.1682958944631412e6,2.2163023789522642e8,1.426527915031655e8,1.4293798241206953e8,9.272562523453063e7,5.0336055333486326e7,5.988882307242632e7,2.308095058050081e7,3.200102134353561e7,3.0881502296490684e7,1.4215905459783511e7,1.0251040209930632e7,3.2465769423313685e7,3.1950317450870585e7,1.705750427672072e6
1.972063264716575e7,7.992216606204188e6,6.985558318325093e7,7.267475864500195e6,1.2120159706616888e7,3.3146198516960647e6,6.4239141353696235e7,3.7844348946676165e7,4.427443451957157e7,5.463244557459469e7,3.759480258888082e7,2.043008339813469e7,3.0549092578833005e6,3.0880789996803794e7,1.745009109070888e8,1.4064523573568106e8,2.168860477506775e8,2.477823496945337e7,4.05987154337488e7,1.1944182605241652e8,6.137964844081981e7,1.5121158686749844e7,1.5462363150555938e7,6.987899861791576e7,4.1972206124936834e7,1.0303758364149902e7,9.267111950356053e6,5.925035234304118e6,8.321484678671944e6,1.4444965713160746e7,1.8000030759325046e7,2.8358265725334e7,81503.33839681718,1.4771712025228823e6,764501.2636120156,5.811713601301681e7,3.679156172575497e7,5.723391006240716e6,4.1521879940324584e6,4.609066384478671e7,5.958328032152365e7,2.137054186851708e7,2.11304350875073e7,5.479576771853815e7,5.677509783863362e6,4.494204282627223e7,5.060832757189273e6,1.750389971032297e7,9.184976805225393e6,2.3295045464862343e7,5.359560463618764e7,2.2247803751360927e7,5.3802953707405165e7,5.191922316631461e7,4.1428865553530604e6,1.0141056824428538e7,8.270376036645981e6,4.380316592643052e7,1.764999879056225e7,5.498723851861644e7,4.01140537453358e7,1.2973612088756008e7,3.9631903578923605e7,1.0034571483205862e8,1.0781287270716906e7,8.195104141905277e6,6.973436745227319e6,1.308588377958465e6,4.0669689532819614e6,6.0989543486487195e6,9.446668084864864e6,6.045049728237899e6,514007.71843398275,516170.66416500404,9.701784817244742e6,2.883336327085996e6,1.1504959490919081e7,2.6556803874812584e7,1.2112075738399984e7,1.2465884033271987e7,2.6201930433145114e6,8.248867728103694e7,4.234949844133411e7,4.515376109536744e6,3.3655069505866985e6,6.139181369220117e6,4.141044473902061e7,2.116864013273513e7,1.594234587840728e7,1.1027619576927507e7,6.410503893302992e6,8.008655248629858e6,5.807379301665679e7,1.272544092587221e7,4.339472863124953e6,8.679549420857415e6,7.107496586537048e7,3.2127277962642354e6,1.4410208370301956e7,3.0693787454468187e7,3.370594845981523e7,1.2909419390163207e7,2.3752634809825413e7,5.173405384166143e6,3.1620896712115545e7,7.82796617113197e7,2.647732873476966e7,6.951998484782052e7,3.2263169241896e7,1.161935618219074e7,4.9350859796096295e7,3.304636578275264e7,3.516214120631624e7,2.0445693122688286e7,2.4897378039020635e7,2.372678845372062e7,2.6676504847131748e7,5.5649443539892696e7,5.735745568978325e7,7.495737819597861e6,9.196235991603198e6,1.5838904655031788e8,2.9742252683717433e7,9.884437462278806e6,1.2109397748517903e7,6.739003991126069e6,6.139088337864913e7,6.2373509285109274e7,2.7600543623119567e7,5.409058749827147e7,9.266311320674602e6,4.3243488101097226e7,1.3372134013657157e8,4.04213386086738e7,9.575110536958192e7,2.380081759999291e7,1.6230631502568759e7,4.7705816827356685e6,2.6636468722843e7,1.1334397555899702e7,2.9505201916561212e7,1.2151149662060042e8,2.2353321735090062e8,8.257190512308799e7,1.8339992970750775e7,9.205237495348586e7,1.0427264761258764e7,1.0752224855121667e6,2.069229880979813e8,1.3318218965429695e8,1.3408758159401244e8,8.640097456133191e7,4.683712080087495e7,5.557659004076074e7,2.121449486750638e7,3.0069001503127474e7,2.8743513897405084e7,1.3508764677383479e7,9.725035304254413e6,3.0851472354838043e7,2.981257959480583e7,1.607152705656033e6
1.4964268708513532e7,6.28438920996712e6,5.287626445976133e7,6.161386378571962e6,1.0204513091345614e7,2.727217134151961e6,5.862611768943793e7,3.465835682090023e7,3.9949938200902045e7,5.235762772777534e7,3.619397723342361e7,1.4320184590525065e7,2.170356811267879e6,2.1042950679279152e7,1.0360743703874184e8,8.183020584754182e7,1.2836858880691922e8,1.4862893965311587e7,2.3562650662479103e7,7.407690322334774e7,3.784912362850221e7,9.746000331738817e6,8.745059639941338e6,3.892570189704848e7,2.2749676017951835e7,4.306006129604534e6,4.7102007954519745e6,1.9257577694151672e6,3.7691912209260976e6,7.505249409097426e6,1.0071290039810864e7,1.866601101243191e7,70255.94226946299,1.0308632540930867e6,529246.9623822583,4.7559047473239034e7,2.816800724266179e7,4.1904017604404613e6,3.1772776066042134e6,3.6642967073568255e7,4.3895626658933036e7,1.7985148883665264e7,1.7444098107211415e7,4.9230345288653776e7,5.632827455029086e6,3.995095902753167e7,5.114207452472678e6,1.843413345172736e7,9.5967865394372e6,2.329229382630144e7,4.464488960340208e7,1.87062385368044e7,4.625530701128142e7,4.460843661442047e7,2.361635406049483e6,8.096134865679376e6,1.083545375831304e7,6.241706298754236e7,2.089068266842233e7,6.941308646123756e7,7.164455358244392e7,9.945512419083536e6,3.895130211214181e7,1.0255871705136372e8,5.383338181546476e6,5.128318936602855e6,1.1116732587052746e7,9.76806604940951e6,499783.58876065485,1.1550221540207937e6,2.311432779444751e6,2.967731387314249e6,242583.92411693226,301101.4727186541,6.292162899642969e6,1.7060578859301242e6,3.7890760539860465e7,8.759379909022288e7,1.6945953194624938e7,1.7382056685708813e7,3.7527346743274336e6,1.7591540611385962e8,8.990927580660932e7,9.535565249061128e6,7.019403627598606e6,1.2917141991240742e7,9.071385502115634e7,4.527243180891641e7,3.4127802399381384e7,2.42265344611747e7,1.403578479236659e7,1.7275504495040976e7,1.2103151718350478e8,2.6785628392084297e7,9.281817361491205e6,1.84056618254015e7,1.6166694619108796e8,7.008352997462076e6,3.0858411796858523e7,6.893945980895053e7,7.272637180528137e7,3.624329660059284e7,5.96018995332677e7,1.2839738378491094e7,7.66444008117006e7,1.7326413980644205e8,5.848465418114333e7,1.558368093705631e8,6.362801743194873e7,2.1426793325716592e7,9.139723518421444e7,6.503523235826527e7,6.1223763328055725e7,4.526442096835118e7,4.231657640732321e7,4.059199889800491e7,4.192847932121122e7,8.253374121975176e7,8.37838698104495e7,1.119108123716694e7,1.359555732688261e7,2.3317107849395984e8,4.365241087072252e7,1.4438764954541896e7,1.7602268185180128e7,9.676482947240068e6,9.361242585019118e7,9.448143853108291e7,4.122351186546612e7,8.347202036025426e7,1.292744643158933e7,5.485779370411629e7,1.9287785268651766e8,5.832584812153406e7,1.382874462561167e8,3.283426565599782e7,2.102032853607857e7,6.548090101915276e6,2.9700761836516783e7,1.2676023377576262e7,3.286791822318393e7,1.3792358629139766e8,2.6081228683561385e8,1.0022238642660229e8,2.2220562706204407e7,1.0463972334581776e8,1.1077657775840623e7,1.1466338761920347e6,2.2132875307583246e8,1.4256370560920766e8,1.4214482919253898e8,9.294079298054141e7,5.0508724324271545e7,6.040612259715041e7,2.3481728636649948e7,3.1430863822472658e7,3.068096499138332e7,1.3642530617531857e7,9.870030087069111e6,3.1156310843649328e7,3.141561784214161e7,1.6442497739358537e6
1.495871302793016e7,6.33905201435912e6,5.3715362614320286e7,6.481227790004803e6,1.070775080894505e7,2.8120893508276767e6,6.161581436383466e7,3.6689313565212436e7,4.248039407858485e7,5.554326541391459e7,3.8125636548120126e7,1.4395693594908636e7,1.8631571324662757e6,1.7688013106158342e7,1.0300924151741947e8,8.082198363211623e7,1.2769221024015701e8,1.494400536854708e7,2.3798728653177705e7,7.470736022355713e7,3.7848808380567364e7,9.585775388459748e6,8.431817149783252e6,3.763243029513855e7,2.125474903203858e7,3.9729263891127217e6,4.601645434882772e6,2.110283866329729e6,4.1254288718483276e6,8.500587209409067e6,1.0674985964886561e7,1.8997266822442085e7,75146.8046242968,1.0492945101061983e6,559270.9729510953,5.035909955059201e7,3.0062116402255483e7,4.361879804159896e6,3.277360203664697e6,3.821387059147747e7,4.837877002787282e7,1.945475450262539e7,1.9070589099045698e7,5.403054533599661e7,6.212458484512633e6,4.3348115914961785e7,5.454572683382229e6,2.003492112911494e7,1.0441507289980289e7,2.4638281300733503e7,5.1341020034064025e7,2.1468620511403676e7,5.18051251361065e7,5.048311079303154e7,2.932992159757167e6,9.509966325012645e6,1.3641837221998604e7,6.5953929311242834e7,2.1111785777099956e7,7.199227668572484e7,7.6385965366722e7,9.323191522538733e6,3.655383431465959e7,9.789005327092949e7,4.886771626281455e6,7.3238721855105935e6,1.301829392910825e7,1.1270205896684112e7,888646.5343789471,508654.047595569,2.3069282907656482e6,2.4518614718492553e6,167847.16006687676,235063.30311405406,5.15551096926602e6,1.3640590133600002e6,4.417803367545968e7,1.0187460613639937e8,1.865067157259482e7,1.9059940807853173e7,4.119432122985905e6,1.8996955826664764e8,9.696106510143264e7,1.0283644839784993e7,7.571279280277367e6,1.3910953175076915e7,9.795702808001298e7,4.8782725809795775e7,3.67692507045516e7,2.6239496254197635e7,1.519513993214802e7,1.8693141206875686e7,1.3087957104285978e8,2.8954848141534846e7,1.0041218208581183e7,1.9900697950904302e7,1.7514605339699396e8,7.580191622437539e6,3.279823138998653e7,7.375634348932238e7,7.743858722214738e7,3.928946531584234e7,6.499694738541469e7,1.3975645543586902e7,8.293560910164176e7,1.865531433930338e8,6.304033463050514e7,1.6828442976155093e8,6.860019561670002e7,2.3046269512066368e7,9.990805245111226e7,7.089128745064823e7,6.592660340016434e7,4.9460248264862895e7,4.6257016754595004e7,4.438263190996254e7,4.521238866467571e7,8.891374677177656e7,9.021928643456371e7,1.2062862285129221e7,1.464444809272524e7,2.5173618290988657e8,4.706557439570034e7,1.5565596528508876e7,1.897136390141601e7,1.0416421444321943e7,1.0099297699903852e8,1.0197703259192474e8,4.473780001626585e7,9.071131211435217e7,1.3905984965592714e7,5.8656730570174634e7,2.0929859422755522e8,6.331713127464033e7,1.4997908690312618e8,3.557368038792679e7,2.2651821744820155e7,7.15086167751384e6,3.1549563131081924e7,1.3446229470934803e7,3.489998458183763e7,1.4664127753392687e8,2.7801357793974036e8,1.0733329629821007e8,2.3923026780817937e7,1.1208402979564744e8,1.1844389532100502e7,1.241479334001362e6,2.3355239906346783e8,1.5038955220961976e8,1.496310581190626e8,9.808314241049585e7,5.3343937881960526e7,6.379774138095513e7,2.4913126015808716e7,3.3234421534904096e7,3.2554504214029867e7,1.4434380638030646e7,1.0442671059462812e7,3.2963952481015507e7,3.343800030621247e7,1.7518752173409963e6
1.3259801931503465e7,5.654234909591134e6,4.667117663025815e7,5.722314752891457e6,9.447789879708726e6,2.498231404846071e6,5.596111684655905e7,3.315599483826711e7,3.805369968770344e7,5.088485416972392e7,3.520003357849562e7,1.2161203997206194e7,2.2142745210870896e6,2.1789279458075758e7,7.943580258126093e7,6.1860849233650096e7,9.819873205501851e7,1.14757485667186e7,1.7783602955259137e7,5.848756749814283e7,2.9771422465522528e7,7.906700963418965e6,6.500655593133752e6,2.8564914986131698e7,1.654133761086047e7,2.3610808310955483e6,3.1863471851055743e6,754317.0756832354,2.428482755143403e6,5.674329546165452e6,7.535708617746633e6,1.5295054013891106e7,65934.10930872872,872856.3498977518,449604.2635311387,4.361691870429314e7,2.518847937303497e7,3.644454288756591e6,2.818463612984303e6,3.310145482916904e7,3.930140181348194e7,1.6802809231197163e7,1.6268159311318308e7,4.74084282416892e7,5.609194544443841e6,3.811698181930247e7,5.059335289863894e6,1.854878580221152e7,9.638892398756066e6,2.2941409721332274e7,4.348323186966543e7,1.8240452958632454e7,4.4477945819891915e7,4.324958859940035e7,2.1841633985510753e6,7.956283820470882e6,1.3423922107905708e7,8.59411375369653e7,2.8091287013910636e7,9.545479905884492e7,9.622523076082605e7,1.3781761991435576e7,4.790901369095354e7,1.2973853492027487e8,8.47872988761246e6,9.251244992126817e6,1.64705510927299e7,1.2737766140945729e7,1.297651736468317e6,1.6833415455864188e6,624269.8289977968,2.207669150195725e6,255451.35449799974,319873.86917197827,6.687223553517243e6,1.6745632549362974e6,4.675614784841085e7,1.078374459648742e8,1.8297328959461715e7,1.873549557538205e7,4.067265240443752e6,2.0403551168137094e8,1.0428454011787932e8,1.1050509635697415e7,8.117445829935699e6,1.497262215705451e7,1.056678157890699e8,5.260047013677788e7,3.966141787422007e7,2.8186048276409447e7,1.632506973511746e7,2.0052205910224464e7,1.3977528210923865e8,3.0987171162823055e7,1.0760763020159202e7,2.1315311731886014e7,1.8905381822960314e8,8.150751914963874e6,3.636688292977504e7,8.133593364525075e7,8.562412483098777e7,4.378821278335809e7,7.04199028759873e7,1.5163695629270077e7,9.057965660473284e7,2.025760375879435e8,6.829884921536963e7,1.821902591969818e8,7.2923851903752e7,2.4300905120816268e7,1.0343243577164888e8,7.429024608060814e7,6.871325129100369e7,5.2553766052109346e7,4.724169324620603e7,4.536587891607896e7,4.617032196686594e7,8.986524568369135e7,9.094820338772945e7,1.2201098375956723e7,1.479386975856868e7,2.5349604572816455e8,4.7429208293793455e7,1.5673038723445626e7,1.9087995238377128e7,1.0467063586927399e7,1.0248179550822061e8,1.0329770256860274e8,4.495204234855311e7,9.159286127637205e7,1.3899283348111106e7,5.7727464744295575e7,2.0889204892731038e8,6.317594482890648e7,1.497998383252523e8,3.523302861678931e7,2.22351384804758e7,7.028569452957797e6,3.022496602219631e7,1.2909931710705293e7,3.343854413890178e7,1.4105343976684472e8,2.687335973728801e8,1.0434043694567847e8,2.3135743671024967e7,1.071210422034243e8,1.1127302043290637e7,1.1563539042449372e6,2.2252590866192117e8,1.4336776494232914e8,1.4253496585590845e8,9.36003980104661e7,5.0904673900668494e7,6.101992756694277e7,2.38459058237115e7,3.1385052340457987e7,3.083367341195997e7,1.3479571428629978e7,9.767192299624873e6,3.0783888110797178e7,3.146214141277712e7,1.6324521956467072e6
1.2316992242384415e7,5.471681436855006e6,4.643591963915517e7,6.497931800807822e6,1.063733674614218e7,2.6390945664014784e6,6.335098161979049e7,3.842575862255427e7,4.475042273690793e7,5.94082511063076e7,4.02174415731907e7,1.1587400491900474e7,1.797835100077791e6,1.829440758878765e7,7.579905181837913e7,5.757856366868342e7,9.420296351245047e7,1.1600172515918553e7,1.8903707016361713e7,5.889040839455488e7,2.8691117072000835e7,6.800903712756537e6,5.266633445354539e6,2.3984218588854287e7,1.0813323994836234e7,3.0317964909766056e6,3.292373874999591e6,3.2586283836698285e6,4.782767155112962e6,1.0191581100174472e7,1.0348990365209889e7,1.5720094939494006e7,79211.13349869572,883339.8381525952,537105.3665127839,5.081224952763112e7,3.046614884470637e7,4.0340446135208355e6,2.9873832479984323e6,3.653540802745011e7,5.3521563653979e7,2.0995373061207082e7,2.10839913062157e7,6.156859708400531e7,7.340082108330649e6,4.784848819882052e7,6.011884408544091e6,2.3272428660533976e7,1.2130034283071555e7,2.6595780393017855e7,6.481670115416481e7,2.7010762913917135e7,6.156045753209266e7,6.157720656352242e7,4.276116299498262e6,1.255632705710123e7,2.262212388063688e7,1.2250720057574987e8,3.8358563257030435e7,1.346430312525151e8,1.352524475771576e8,1.9061154122667715e7,5.726035322262221e7,1.6182407337188068e8,1.3400378787772892e7,1.7690283149408203e7,2.6192213565664537e7,1.893730701871391e7,3.870839835197299e6,4.1565958907940066e6,5.129059255174876e6,392154.07774656813,259568.88752491548,293628.0192306594,6.003680476070021e6,1.2268531032852205e6,6.944089754355556e7,1.5948282521414825e8,2.3855384409898557e7,2.4219592064901397e7,5.276372842586408e6,2.634274002983039e8,1.3435656783423105e8,1.4230793896792952e7,1.0444426417584876e7,1.9241460747813243e7,1.3673104919440156e8,6.774365498843302e7,5.107612287536461e7,3.661920564864749e7,2.1191302916944634e7,2.598155809466647e7,1.8045114264185804e8,4.0017314501404405e7,1.3929046985866936e7,2.755187189526964e7,2.4637271837291992e8,1.0564491600197868e7,4.630556344218914e7,1.04591921274583e8,1.0922755276968706e8,5.815575799204947e7,9.31784155272512e7,2.0003714915456127e7,1.1850447765861456e8,2.6149903424990222e8,8.825495958141425e7,2.3622639783412924e8,9.332179234059548e7,3.0807764212615013e7,1.348053218052444e8,9.670460159246388e7,8.684107195564805e7,6.917941426193729e7,6.1268994385226294e7,5.888560036323787e7,5.80149328368026e7,1.1220125580994697e8,1.133140066989321e8,1.525867732172779e7,1.8461016472767614e7,3.1773086384980065e8,5.9271075213572696e7,1.9573708933101423e7,2.3817722104337562e7,1.3015280718686478e7,1.2859551371560264e8,1.2967366735315059e8,5.70136664658811e7,1.1673659366406003e8,1.721865897712154e7,7.003240032240783e7,2.643095303522322e8,8.000807030917598e7,1.893335188262711e8,4.430601086476429e7,2.751002118186468e7,8.995750664485877e6,3.570912501892979e7,1.5200043449746273e7,3.9461604622868866e7,1.672674494460646e8,3.2145898488692707e8,1.266359442592992e8,2.844309054713546e7,1.2951981071347915e8,1.334239762687863e7,1.4358332867385088e6,2.5741700264713162e8,1.6571513824185488e8,1.6366431801368067e8,1.0835742772060962e8,5.906435117451675e7,7.085143398716964e7,2.8066666023139816e7,3.6445453993954405e7,3.620555784829889e7,1.5646412554819167e7,1.1339728616582867e7,3.572996155494678e7,3.72355903105992e7,1.9348890191524334e6
1.6128434893745048e7,6.88925360529335e6,5.996137780974605e7,7.504962629319907e6,1.2362160122514538e7,3.157570550772941e6,7.017680358426502e7,4.232636919279741e7,4.95381095473411e7,6.382604379298624e7,4.3195686288264744e7,1.6166427862846114e7,1.156122010041675e6,9.891144450905835e6,1.2198636745271946e8,9.565959767822681e7,1.5158457735994887e8,1.7936751119379394e7,2.92188292568311e7,8.875268634210129e7,4.444014804159052e7,1.0687488165920913e7,9.729414411566876e6,4.404524728905733e7,2.3814269022362694e7,5.452673822224528e6,5.799975087058182e6,3.8018688773956452e6,6.185573561569236e6,1.2381433513016788e7,1.4188240836762568e7,2.2358577680378288e7,89290.65069675598,1.208530204044669e6,687338.3382496613,5.9456560132310994e7,3.6513846322713725e7,5.146137706914138e6,3.7557114728819802e6,4.42242052420447e7,6.209902652353309e7,2.365198954459434e7,2.3648970386240467e7,6.642578127156435e7,7.589033099852845e6,5.2439963338504024e7,6.279212494342664e6,2.3720078025986504e7,1.2396853220078504e7,2.7969637706020523e7,6.801187485125361e7,2.8332107902561046e7,6.603011728184114e7,6.524989386940331e7,4.462844135998721e6,1.2985781802408107e7,1.9278894317074638e7,7.488806311297126e7,2.2189309505686257e7,7.980769401463304e7,8.635623581968255e7,9.312626037183214e6,3.120087207365244e7,8.869974052855782e7,6.322253970540037e6,1.2207939443272835e7,1.7276260671343174e7,1.4094357625596985e7,2.7694908398302747e6,2.490652717973506e6,5.19480489954094e6,2.2720084377174727e6,44394.72384818039,83294.28288336264,2.50052865405248e6,639320.3689421273,5.600979669598046e7,1.2869330509692177e8,2.201057070059368e7,2.235352028900118e7,4.832625245393182e6,2.1305420294312313e8,1.0847146426159443e8,1.1505921197873354e7,8.475712634930994e6,1.5523431198159615e7,1.09802982007604e8,5.448011109844144e7,4.1052799336721145e7,2.957859881595632e7,1.7115146092329554e7,2.1040568238525104e7,1.472302595314308e8,3.2543869790395632e7,1.129900561644565e7,2.2373867253542103e7,1.9743104904523227e8,8.523522047515182e6,3.567013351059244e7,8.120221819772257e7,8.450934466276436e7,4.42891277702666e7,7.407870839478815e7,1.5875548801870702e7,9.321645145936939e7,2.0792296341517395e8,7.04125835708724e7,1.8858214144986632e8,7.68232363435412e7,2.5737003575028688e7,1.1503101122114758e8,8.106147850511353e7,7.393294160419458e7,5.66687460028685e7,5.3416945296715975e7,5.1262253308835566e7,5.106703620933783e7,1.0055728190367527e8,1.0203553172659987e8,1.3651925147148957e7,1.6560737800487708e7,2.86003057341942e8,5.33461655438433e7,1.76430776914e7,2.1499721662968066e7,1.17859344196263e7,1.1435567702346851e8,1.1561273763132809e8,5.1286631297982715e7,1.0407307946100046e8,1.5742181112384532e7,6.6115533181911185e7,2.4037397740200463e8,7.277115539548816e7,1.7205968381194022e8,4.085253480520362e7,2.5872471328644272e7,8.334354388672691e6,3.557697517963824e7,1.5115639813585432e7,3.932901756075054e7,1.653064576104198e8,3.140202619995862e8,1.2184733984666106e8,2.743540783443908e7,1.2814630646047416e8,1.3605418610603604e7,1.4580198255702332e6,2.6132224198142678e8,1.681469904090276e8,1.6681330281836826e8,1.0968270735792735e8,5.972331622304899e7,7.13553246836086e7,2.8051614911561813e7,3.745498772171727e7,3.6832858809360944e7,1.636890722377581e7,1.1832944452109981e7,3.738031849295939e7,3.81241849576857e7,2.0093463682043834e6
1.7265977378772356e7,7.3603006516763605e6,6.498006102468236e7,8.136387353837189e6,1.3396511642431702e7,3.3959579049014943e6,7.518502524965195e7,4.555361133227993e7,5.357966670754159e7,6.838089886250563e7,4.60086620114233e7,1.7743830043185078e7,799438.060678891,5.803517460413956e6,1.3948486960855418e8,1.0983895516264504e8,1.7350287209954125e8,2.0511064104420643e7,3.372852026783762e7,1.0070232560328667e8,5.0369312932188176e7,1.1882572487927852e7,1.1210397593035826e7,5.1028224829366565e7,2.769882638673766e7,6.892806058674708e6,6.911923371513013e6,4.884811648938746e6,7.53443885844592e6,1.4749623517989172e7,1.6623310523180941e7,2.5073553755845655e7,97514.63068575278,1.3365324933039271e6,773113.0579054672,6.5067312695474125e7,4.053196402075382e7,5.6931318996541565e6,4.098943523932887e6,4.8219401673810385e7,7.012588727564149e7,2.6062372357355606e7,2.6246428901116997e7,7.314042959521097e7,8.296093091486675e6,5.748345208730478e7,6.710536905861558e6,2.557158438437767e7,1.3383422506733412e7,2.9742412959417198e7,7.677786621002805e7,3.1938345985848162e7,7.36649894730241e7,7.307550716962154e7,5.281853052973461e6,1.479646976674963e7,2.1883246433796715e7,7.953265933194111e7,2.2942591125100445e7,8.434685461442545e7,9.079818070458432e7,1.0016122050704766e7,2.8523964805059187e7,8.478225919623749e7,7.896163975926542e6,1.4614212675635409e7,1.9349732515738256e7,1.528194682693209e7,3.711594436492218e6,3.7661163483905583e6,7.023434144680452e6,2.7750097857277477e6,89934.2076847848,26660.240586628555,1.0266441703786285e6,432123.4083336987,6.1037757318301454e7,1.400514705997277e8,2.3475902346074212e7,2.378097483565977e7,5.13864017910175e6,2.205681325337277e8,1.1216264720181736e8,1.1898740109588262e7,8.768333716523616e6,1.603299559624157e7,1.136227928262503e8,5.628287079260416e7,4.2405420191363655e7,3.0691159750576966e7,1.7752469710273784e7,2.1819188273409143e7,1.5267976732709995e8,3.373115944444064e7,1.1716326779804466e7,2.319193046666862e7,2.0480678434161767e8,8.833847687267328e6,3.63620612185429e7,8.326874230884697e7,8.629515533817986e7,4.591289577052436e7,7.721206168574709e7,1.6521823487451922e7,9.652992272992261e7,2.1453641349972147e8,7.273025440488532e7,1.9508474924505186e8,7.953349587444858e7,2.6629733089794762e7,1.2076874180401722e8,8.477210011235446e7,7.67196949800028e7,5.925616508979554e7,5.622467582470086e7,5.395602543886753e7,5.327342130227648e7,1.0509974365148462e8,1.0668452724057466e8,1.4271035196509881e7,1.7309425322062857e7,2.996135542552095e8,5.582739290321977e7,1.846597272363265e7,2.2503397317850545e7,1.2330787284988945e7,1.1951392220832498e8,1.2091562391389565e8,5.3932253982241765e7,1.0940606007527699e8,1.6486334993542744e7,6.930797134422694e7,2.531852617416766e8,7.667413107974976e7,1.8113545111927724e8,4.307700304332059e7,2.7265618967309736e7,8.84643259018563e6,3.7502262482909136e7,1.5909600135101974e7,4.1447254939267814e7,1.7408060385164383e8,3.3057040365344083e8,1.2835078485065259e8,2.9030632523789067e7,1.357665545554375e8,1.4488609500335274e7,1.5661017181639967e6,2.75115436728673e8,1.7695741793208304e8,1.7542514247725466e8,1.1540732715064192e8,6.2864656974163875e7,7.504366452754714e7,2.9561034797785185e7,3.960543156108986e7,3.896790603661458e7,1.7388477352294564e7,1.2562231678518798e7,3.970800818895326e7,4.049177766096932e7,2.1427583806892196e6
1.8101562254606035e7,7.701562090973907e6,6.858909201802413e7,8.577868154721722e6,1.4120610521892902e7,3.5645557968344204e6,7.867228454276177e7,4.7797141154873475e7,5.638923594437039e7,7.153976376025483e7,4.796033963085438e7,1.8890688117590953e7,574681.754504117,3.229040786699898e6,1.5220680626006204e8,1.2018123857024203e8,1.8942754513395995e8,2.2368771941675562e7,3.696794486186548e7,1.0932233525238964e8,5.467288009727003e7,1.276904749566629e7,1.2309416304492012e7,5.618235467165114e7,3.0648257239839584e7,7.928915005352055e6,7.7162890027607875e6,5.639468765779333e6,8.477723238583693e6,1.6399673190058006e7,1.8338077188908946e7,2.702292007738182e7,103236.92969805919,1.4284853796395962e6,833464.8962009556,6.898913224157253e7,4.334168133198455e7,6.079946393044007e6,4.342579204578753e6,5.1032403610208206e7,7.571074838050494e7,2.7738060359984778e7,2.80509247434111e7,7.779696472058478e7,8.786226114548396e6,6.098351014256903e7,7.009077016503212e6,2.6854068971017588e7,1.4066822444935149e7,3.0969792794033106e7,8.286251864485763e7,3.444139463577189e7,7.896092621512358e7,7.850471108573113e7,5.851025397473475e6,1.6054347811294802e7,2.375043328360336e7,8.474356014029635e7,2.4232957934695177e7,8.995154036597456e7,9.571950714546622e7,1.112633595417337e7,2.803939367960387e7,8.596600156553341e7,9.357357382925263e6,1.6438599991586257e7,2.1095182817514896e7,1.6228089680696325e7,4.382056656970874e6,4.666712096274194e6,8.295584439021107e6,3.2056417767929262e6,152535.85836931542,58002.98454598155,959105.4234330724,479602.1961460719,6.478942120105599e7,1.4853192576275223e8,2.450669282953299e7,2.478479925755025e7,5.354409044911247e6,2.2654122133414334e8,1.151148474660639e8,1.2212133705721784e7,9.000293831604932e6,1.6442488495825918e7,1.1669520189970765e8,5.773748491568358e7,4.349829161288499e7,3.1571828948300183e7,1.825749854957524e7,2.243426722845898e7,1.5694172405293122e8,3.4664894814990096e7,1.2045302066201791e7,2.383643630237981e7,2.107137939742707e8,9.080637729309322e6,3.703358662051989e7,8.512034172657892e7,8.797306016269608e7,4.732616433039513e7,7.971679685016885e7,1.7041735563922882e7,9.927477249577898e7,2.1999702210102215e8,7.46251817889171e7,2.0036749877883285e8,8.163630333292833e7,2.731031671073659e7,1.2498684941016805e8,8.755086047255518e7,7.87914734658424e7,6.123949055122797e7,5.8255071476446524e7,5.590591475930031e7,5.486261679924216e7,1.083330575650645e8,1.0998481246463794e8,1.471215329234309e7,1.7842048836844943e7,3.092777525864041e8,5.758928792393517e7,1.9049836877441842e7,2.321497878540196e7,1.271642511930011e7,1.232028877638272e8,1.2470174753538755e8,5.581146226448419e7,1.132122060847162e8,1.7010642841135543e7,7.153092226636828e7,2.6223852802275574e8,7.943213784590523e7,1.8755087733534968e8,4.464026435379636e7,2.8238073724637832e7,9.20599691369778e6,3.8832762464290716e7,1.6458157142110141e7,4.291098962173887e7,1.8014638489057896e8,3.420257998335659e8,1.3286439543447733e8,3.0138466958042998e7,1.410411700273676e8,1.5099498941824691e7,1.6409473588631407e6,2.846413069537263e8,1.8304170515394086e8,1.8137240469939092e8,1.193603868167148e8,6.5033992953107856e7,7.759039491968575e7,3.0603902247956574e7,4.10918514831301e7,4.044346372532273e7,1.809409084142742e7,1.3066852794480937e7,4.131893243898937e7,4.212888760382454e7,2.235068479989909e6
1.6667356659510689e7,7.172693134861369e6,6.360205946936476e7,8.212336044509536e6,1.3494441436034635e7,3.375514575723849e6,7.625189599150923e7,4.6407690652987584e7,5.466362564480869e7,7.000283380269799e7,4.69387205573175e7,1.7201595747285865e7,659772.6450780204,5.37157207304616e6,1.352151439959975e8,1.0618104406049041e8,1.6830424899918425e8,2.002663118657544e7,3.311658608466318e7,9.831414770564054e7,4.888487431189687e7,1.1336098981367642e7,1.0679761967205817e7,4.8837346736592464e7,2.5933272460027285e7,6.853621915557633e6,6.759795838938048e6,5.186371719973194e6,7.791396891888066e6,1.5338375106072446e7,1.6796512441532977e7,2.4578442261847656e7,99521.93413442795,1.308965768988284e6,776904.7036047883,6.581243399729451e7,4.107236704966659e7,5.670104594142015e6,4.0610533196522873e6,4.822175390570575e7,7.223321923175575e7,2.6731094590810575e7,2.7047132588834092e7,7.587496906006369e7,8.68153568596764e6,5.924373880599244e7,6.920489959971419e6,2.669678342037374e7,1.3970453351689266e7,3.051786134700201e7,8.108019464328113e7,3.371369264647243e7,7.699018470470335e7,7.674046134982681e7,5.662906485802159e6,1.5733939651409622e7,2.4525090577239133e7,9.987591857189436e7,2.9538559426562794e7,1.0736184174595265e8,1.11860844172377e8,1.390779113273346e7,3.791838225802269e7,1.1233767356310359e8,1.0786712909753062e7,1.7545968022002943e7,2.359100889364596e7,1.777004423502671e7,4.377732668082137e6,4.549355730350977e6,7.6538535418113265e6,2.4136118458940983e6,143693.1615189901,89952.99592034976,1.7670897474731184e6,214117.59110626188,6.903812954360801e7,1.583339459263733e8,2.518865301923036e7,2.548571619875967e7,5.520343074143139e6,2.456110617920564e8,1.249341322251929e8,1.3246311750584276e7,9.74825766439167e6,1.785637043658852e7,1.2686353053338797e8,6.2769818952482514e7,4.730139996178328e7,3.422014339211518e7,1.9792085506246444e7,2.4298127891899135e7,1.6952302150334942e8,3.749398879706935e7,1.3038465422813566e7,2.5794682151905537e7,2.290599801430974e8,9.85017104512286e6,4.110066806475108e7,9.398842522449525e7,9.741281409157683e7,5.2407757536916755e7,8.676031847945397e7,1.8568993380357362e7,1.0870842878945293e8,2.4026638150783974e8,8.136985990932168e7,2.183171313172907e8,8.794215290817308e7,2.9267774469593756e7,1.3239795269933023e8,9.342509404048193e7,8.379541125930065e7,6.588056369621054e7,6.1212153308281764e7,5.877410202485864e7,5.757985170602639e7,1.1293175299682085e8,1.1445446135488045e8,1.534532309405782e7,1.859315080765846e7,3.217599566419602e8,5.992865797831138e7,1.981293077013942e7,2.413243559937597e7,1.3205424776182925e7,1.2878737838885584e8,1.3021528211386849e8,5.8030510728928104e7,1.1808580122908881e8,1.7602384753699027e7,7.318407094294578e7,2.7155171705864924e8,8.224441738303043e7,1.9428181693491453e8,4.599917225861841e7,2.890542364238755e7,9.458838025477216e6,3.8977861543776214e7,1.6532073209569898e7,4.306715190307189e7,1.8133236308680648e8,3.4565693139251065e8,1.3496001065948957e8,3.0569806594858345e7,1.4183204572738153e8,1.5027452502891313e7,1.6339168062933094e6,2.839095015544038e8,1.8260458943137845e8,1.806667495392765e8,1.1917463379369982e8,6.4955098431890555e7,7.760613315280575e7,3.068588522697304e7,4.080894562083314e7,4.0300127923173934e7,1.786097682617052e7,1.2909605676523883e7,4.07864542505953e7,4.188054308468832e7,2.211152526542093e6
1.9388663795217935e7,7.78359548074861e6,6.774166796311164e7,6.74717867551059e6,1.129095437881646e7,3.1506225409626253e6,5.9163413849013485e7,3.452484486426118e7,4.026013435128147e7,4.9399097209795676e7,3.432248750669225e7,2.0076455183336925e7,3.503024199468148e6,3.579827327572041e7,1.7473705814872104e8,1.4147502659064287e8,2.1718599560968435e8,2.4663568882091776e7,4.046230587622784e7,1.1834567600374664e8,6.110307907367268e7,1.5141592892385187e7,1.574333564728225e7,7.113092850585206e7,4.3360130355193056e7,1.0811512356793221e7,9.459012046635974e6,6.201081669538805e6,8.369408003767302e6,1.411704891543078e7,1.770087957605668e7,2.7801202659580484e7,74205.27615904156,1.4398708518959365e6,728768.6637560178,5.38880160193556e7,3.4272391319508284e7,5.465021875505455e6,3.9720909811271117e6,4.349577586374086e7,5.4783135094759166e7,1.934012998845267e7,1.9032311011978097e7,4.8192849916288175e7,4.836797302522293e6,4.0083446215135925e7,4.506816261479292e6,1.5005087492161775e7,7.873711150073233e6,2.1049180668265264e7,4.6522705230844446e7,1.927521619632217e7,4.705197275595049e7,4.5070660362020954e7,3.9138895271036453e6,8.84065750285395e6,6.330368088068492e6,6.91190848137447e7,2.5794682420260668e7,8.333405318478857e7,6.6966018107177295e7,1.7412405632479887e7,5.184733319109802e7,1.3506495597978982e8,1.3882481101955356e7,1.0464200506870437e7,1.1751385682064932e7,3.3861917816719254e6,4.643249808496534e6,7.036494810900705e6,1.0205882545454714e7,6.524142536423082e6,601194.2348973455,606791.7393279677,1.1400261057497349e7,3.2970252164704157e6,5.293444356671572e6,4.42535842230264e6,9.420730247929195e6,9.834497291469254e6,2.0477296060312982e6,7.940294157319894e7,4.122861086292578e7,4.375370828769124e6,3.222699951582464e6,6.022486752810696e6,4.082620834238008e7,2.093471458886888e7,1.5802665606501145e7,1.0519538581735715e7,6.130239239852847e6,7.607529304659078e6,5.408674442700811e7,1.198669354847325e7,4.1044364396799463e6,8.203038597357825e6,6.972467667778085e7,3.0961711672375165e6,1.6801264692595005e7,3.4900606768293716e7,3.876380131206182e7,1.6400889602590868e7,2.349214336697318e7,5.200331792305904e6,3.3714430251140244e7,8.07316437993135e7,2.6885111700559445e7,7.00271602634195e7,2.9802652466359425e7,1.0538420638493687e7,3.927527547893484e7,2.7480621811746813e7,3.0817792242080566e7,1.764819169335813e7,1.9590233784566298e7,1.864640779260474e7,2.258572613696072e7,4.7044034945939064e7,4.8541557306514554e7,6.323177189670801e6,7.7775182667023875e6,1.3252473890701436e8,2.503236741653544e7,8.32249774465277e6,1.02048164481081e7,5.706429932707439e6,5.165820551507355e7,5.2336579682163194e7,2.255111546329449e7,4.389807695922782e7,7.863852168151049e6,3.750090510252064e7,1.0943772598748948e8,3.302366659293025e7,7.853814535775582e7,1.9657396406785425e7,1.3722253876440037e7,3.8304081799555523e6,2.3648319543197885e7,1.0091862644670552e7,2.621969165855509e7,1.0753147276755254e8,1.9625609599828866e8,7.143448226982908e7,1.5647947322581362e7,8.009659110664058e7,9.183178047197692e6,925268.8070835408,1.867530820508447e8,1.2027081043592575e8,1.2165413370061743e8,7.79397480469071e7,4.217965542992881e7,5.0027426316070676e7,1.8893780421980683e7,2.7075727674933944e7,2.5667555064926267e7,1.2189085558817467e7,8.77099562793327e6,2.7838691694746885e7,2.6501482876032267e7,1.4312551627618838e6
1.948245021155794e7,7.8184261121214e6,6.809728700857125e7,6.777589157727965e6,1.1342105388588635e7,3.1642192137051304e6,5.934588486325912e7,3.464004051026284e7,4.041482392297602e7,4.952238079926076e7,3.439325077714362e7,2.019921095359393e7,3.52094741138009e6,3.600060247834306e7,1.76116243751166e8,1.426062535032178e8,2.1890916645386177e8,2.4860419472414944e7,4.080184996413477e7,1.1925490779328717e8,6.156667156443005e7,1.5244266521965517e7,1.586837567425116e7,7.170912668800533e7,4.3707230183566414e7,1.0919431273160556e7,9.544930132014079e6,6.277091347635996e6,8.464337311519686e6,1.427954466468385e7,1.7871496796951454e7,2.8001151887174267e7,74573.74045464816,1.4491702071950717e6,734302.4134494488,5.417762722550802e7,3.45014376099918e7,5.500099491622566e6,3.9939539715083726e6,4.3724585302781455e7,5.525024881633074e7,1.9454857016947683e7,1.9161491160314143e7,4.84707571562121e7,4.85796152475085e6,4.0292466856026806e7,4.513953753542227e6,1.503268976239594e7,7.890376566869519e6,2.1078716462993275e7,4.6993043493011154e7,1.9465867480382636e7,4.7419503840560175e7,4.545839397507252e7,3.9700866036289446e6,8.946232643229155e6,6.5456022820547065e6,6.970692559845702e7,2.598181037258003e7,8.402760620494063e7,6.742491101354167e7,1.7568973316461228e7,5.210250938160435e7,1.3580772391440412e8,1.4040715057514258e7,1.0674202933248814e7,1.1942028058504779e7,3.4309343135232595e6,4.711641403579202e6,7.122395273563724e6,1.033217077455536e7,6.57706562667127e6,606340.9575213703,611137.4598639609,1.1472039873163035e7,3.3190777587672495e6,5.293444356671572e6,4.42535842230264e6,9.36239772178856e6,9.771089471080434e6,2.032406614622169e6,7.784315718497565e7,4.044198055807639e7,4.291887484628259e6,3.1611363857330186e6,5.9109903789615175e6,4.002575004589658e7,2.0542643599418405e7,1.5507605874326374e7,1.0298857452453544e7,6.002920243877481e6,7.451422851391113e6,5.300176023367974e7,1.1746981821976604e7,4.020733504752481e6,8.037916527845274e6,6.825895193479073e7,3.0331717860335186e6,1.6591268627008576e7,3.4387951213336244e7,3.825151689332401e7,1.614407506411456e7,2.2930235702528406e7,5.08166835410824e6,3.3057649085613348e7,7.92652678726121e7,2.6381979409867335e7,6.866261032503325e7,2.9253305742347978e7,1.0362925273677586e7,3.8503530915332705e7,2.6892299854433257e7,3.034317719948939e7,1.720481621154838e7,1.928219808195524e7,1.834729594567069e7,2.231322245811386e7,4.6578339589293204e7,4.8088174820932426e7,6.259031320904089e6,7.701440924840116e6,1.312533311052379e8,2.479455595710442e7,8.244895694527028e6,1.0111496284273768e7,5.656706057438452e6,5.10930313929651e7,5.177713074822709e7,2.23246756800179e7,4.339868570409093e7,7.80343496231588e6,3.732607678775943e7,1.0849421788489686e8,3.2739083146198664e7,7.785501105486596e7,1.9520703428619675e7,1.3654094289099885e7,3.8067107436194723e6,2.3621412290683087e7,1.0078883717358802e7,2.6190034871053137e7,1.0736111492510977e8,1.958161479810581e8,7.120688472298762e7,1.5603840453582024e7,7.999872128380556e7,9.187762158762274e6,926413.9136609894,1.8668756607697266e8,1.2022460810635431e8,1.2162627575757192e8,7.790147680505933e7,4.2157637870673284e7,4.9991180496914044e7,1.887492859525086e7,2.708437340341349e7,2.5666547577806845e7,1.2203489207732925e7,8.780324211029008e6,2.787157119358032e7,2.651340232409598e7,1.4330203720993851e6
2.0997294411938146e7,8.12756496886608e6,7.217410540327066e7,6.254842633541634e6,1.0570066878046885e7,3.074148939358125e6,4.991629911780114e7,2.8700840747379143e7,3.411194388594238e7,3.8129835498954915e7,2.6728002957114358e7,2.2796507316374965e7,5.246866421602982e6,5.5124907606995545e7,2.2033614809775198e8,1.80537247172434e8,2.743011078477418e8,3.087124021003941e7,5.156906682367298e7,1.4521565503215337e8,7.53496927018106e7,1.8321559386597186e7,2.0488008120151166e7,9.313774834233634e7,5.801238381828038e7,1.584032227328952e7,1.2872623565801466e7,9.772750631626612e6,1.2111371366200786e7,1.9787177111016132e7,2.3190422981272988e7,3.2792962551780395e7,67218.0134087764,1.6297109199265556e6,829598.8822446805,5.205701568413967e7,3.574272837173574e7,5.9172819944226835e6,4.146054829972013e6,4.351807367937525e7,6.136677938706749e7,1.82758430402649e7,1.8729847786492057e7,4.26333425750899e7,3.646590437045694e6,3.518615776536609e7,3.126178836839271e6,9.278048482892169e6,4.985894235078418e6,1.5261122154440727e7,5.288483315350792e7,2.1600989604439083e7,4.703987330826289e7,4.688823030789945e7,5.936306290623125e6,1.114016203622154e7,1.7123473844824776e7,1.5946668723511449e8,5.4762064429551706e7,1.8516323336020932e8,1.599244221913885e8,3.450749675318764e7,9.474088067207696e7,2.5732322399570864e8,2.7434948356393218e7,2.504947034715415e7,3.159065774073765e7,1.5002574004969688e7,8.739276335431738e6,1.2501588702844227e7,1.6808164166633517e7,9.432249427770447e6,994266.6140397808,982164.2640449919,1.814747245914878e7,5.062428921120338e6,3.9646541725592285e7,8.976306825244553e7,1.3883412068750726e6,704861.0037432223,201892.73990370423,1.3075739452877268e8,6.782796282255602e7,7.121290287901538e6,5.107352839086764e6,9.818656025024815e6,7.081328252542877e7,3.511590352381276e7,2.6576771990388688e7,1.8095043675081003e7,1.0496985901736256e7,1.2680856253611064e7,8.419058378337571e7,1.9101940195041172e7,6.733473253021071e6,1.3260087412444714e7,1.2765639624131672e8,5.286502667061933e6,3.117418158629873e7,6.653850906926453e7,7.175001603553373e7,3.9118166778679326e7,4.976381943973875e7,1.0834333555067806e7,6.836164845456387e7,1.4480385033312544e8,4.7770998990084656e7,1.2655222764704078e8,4.174635818760261e7,1.268783143469824e7,4.019512295865333e7,3.514303055509114e7,3.0643208397696752e7,3.011189927228255e7,1.3764303044343758e7,1.3495143385706803e7,1.4711493181116804e7,2.4322624176277965e7,2.386862530231979e7,3.3042266709815147e6,3.98441424488446e6,6.1095571177509174e7,1.1979898919434173e7,3.9190882203457886e6,4.746609246494803e6,2.6436680954666655e6,2.8915710439900313e7,2.7968360326321095e7,9.031988324822035e6,2.044510827950391e7,3.371802806413061e6,1.714459582426021e7,3.5438047873345904e7,1.0467953350541854e7,2.6428295451828722e7,5.66764974237845e6,4.867987481202631e6,550972.6448872493,1.392064835110481e7,5.997359438513679e6,1.551834919722502e7,6.094756570492373e7,1.0311264098470145e8,3.258937074107872e7,6.469141697659588e6,4.1820245799393624e7,5.68712367947718e6,550709.337994606,1.2373984341832803e8,7.979946340294631e7,8.302417883458303e7,5.121465487181764e7,2.7456845169694237e7,3.222127007524058e7,1.1383962381341264e7,1.830697453631748e7,1.6413748116762605e7,8.686607826439027e6,6.200747733964671e6,1.9841835978220187e7,1.7049613978507265e7,971845.9468354863
2.145628035875423e7,8.296128716824738e6,7.394894182443509e7,6.417360750044756e6,1.0840323630649518e7,3.1413313668183214e6,5.0833049873366594e7,2.932874075338825e7,3.499839258986042e7,3.87924642611395e7,2.7045923094091542e7,2.3415768803238824e7,5.365928507826542e6,5.645029257269819e7,2.2737572790402386e8,1.8630767574553895e8,2.830984753019293e8,3.187886070669271e7,5.331013021539576e7,1.498705528290767e8,7.771597862931351e7,1.884122764183657e7,2.1125155270898778e7,9.608546832659365e7,5.978658175219686e7,1.6392364128791839e7,1.331138882054617e7,1.01590388329743e7,1.2598510571368985e7,2.0636354636701047e7,2.4077061670372482e7,3.381911526705101e7,69387.87429868824,1.6771893872212276e6,859135.1231532617,5.365597222801469e7,3.701630269876398e7,6.1012141295373365e6,4.25799055473719e6,4.471402353522718e7,6.406491064252419e7,1.897607497833801e7,1.953171492110844e7,4.4580939750074856e7,3.8404785665757647e6,3.655493036010962e7,3.1661880731855254e6,9.581216675168423e6,5.161989517296094e6,1.537795815640184e7,5.5998229432587594e7,2.2877356388294186e7,4.955580064383263e7,4.955930633828103e7,6.23611167903157e6,1.1802702214494787e7,1.824159016786219e7,1.6473147221990055e8,5.644773589259923e7,1.9114834188356537e8,1.651322227715988e8,3.559443275164979e7,9.719324248135719e7,2.6434761787525985e8,2.8377383777951114e7,2.613923498364034e7,3.2841097085955117e7,1.5657870637845272e7,9.090191860075695e6,1.2955515496915134e7,1.745260214993576e7,9.710869097351693e6,1.0239527069030323e6,1.008913436115529e6,1.8611409410846677e7,5.19413526926987e6,4.196964790473516e7,9.49983388225977e7,1.3883412068750726e6,359709.23916502297,158821.91078511172,1.3277027034340514e8,6.884057604744531e7,7.224987361115146e6,5.177187515490523e6,9.958163384896457e6,7.202201594126147e7,3.565547022535286e7,2.6986645354903027e7,1.8417325669207588e7,1.068076475597541e7,1.2890161619501099e7,8.537195962504415e7,1.9382222064279553e7,6.840669624444236e6,1.3462065437016034e7,1.3016660726912315e8,5.376842022522504e6,3.17247587139269e7,6.779457357591464e7,7.301136437840971e7,4.016611319082298e7,5.101979915827863e7,1.1097324681508236e7,6.987551266598949e7,1.473333059310095e8,4.860163312266387e7,1.288759355982959e8,4.211210897601447e7,1.2694460688469192e7,4.063692196479826e7,3.561987926627088e7,3.033357625122827e7,3.0786659786117192e7,1.370750847043263e7,1.3471104658769771e7,1.4019903467135789e7,2.2320186489697367e7,2.1673837450385712e7,3.041729211375397e6,3.6490796431461168e6,5.507785200219638e7,1.0847966305197451e7,3.5356953863644167e6,4.268741754110143e6,2.3701802900540056e6,2.69882240721562e7,2.5930736396305695e7,8.065647561434189e6,1.899876126380017e7,2.9726480496503063e6,1.566030835059858e7,2.964652938202542e7,8.718625519958768e6,2.2318318416797552e7,4.512070765260761e6,4.253793554750605e6,309328.27641009964,1.3624488341066381e7,5.857338755938144e6,1.5189750668303993e7,5.923339420339438e7,9.899637029254776e7,3.0547552802846033e7,6.100758144425658e6,4.0946530415402114e7,5.706595812182481e6,563740.1740378799,1.2235798611273782e8,7.887668596923819e7,8.22053945551381e7,5.055888977051707e7,2.70954322133418e7,3.171808771129887e7,1.116456229012355e7,1.8246775376198106e7,1.6305245554147776e7,8.736101085908525e6,6.22905328174446e6,1.9954628383249417e7,1.705550159344541e7,980662.0065680915
2.160550105114914e7,8.374294029500546e6,7.463057257318397e7,6.550701732897791e6,1.1055664128213303e7,3.1897226856545177e6,5.222779975784018e7,3.019857940649733e7,3.600077689747456e7,4.019086527548551e7,2.7958263651017193e7,2.3540589794960678e7,5.279719386345218e6,5.549907102640276e7,2.2732281689994407e8,1.8612496650023058e8,2.830143710668575e8,3.189268585010547e7,5.328964957279755e7,1.5010121399588114e8,7.779607155476242e7,1.8865768013914395e7,2.107259742042313e7,9.582767551119195e7,5.952405909099758e7,1.6258681337505065e7,1.3255158113024216e7,1.0051929225508966e7,1.2522017079543462e7,2.0554716772621103e7,2.4053019278770372e7,3.39517894897246e7,71033.83731749328,1.6875212005624766e6,865353.3829020575,5.463848292245718e7,3.7508053525977336e7,6.1610247077712435e6,4.306994944472302e6,4.538060895479527e7,6.465133179499191e7,1.937191319577757e7,1.988290336935772e7,4.574263998700845e7,3.9902517762146886e6,3.753310675780344e7,3.314271108918346e6,1.0169225675607348e7,5.463984261357595e6,1.5999468320434418e7,5.641115838746181e7,2.3065168671225287e7,5.036765361975233e7,5.021671169007563e7,6.190590298971641e6,1.1818706191420626e7,1.7709580286086224e7,1.5949789483447838e8,5.4764521528950594e7,1.852980562316178e8,1.5951336431260204e8,3.46844931061107e7,9.46462818361899e7,2.571316910915044e8,2.7714164890129536e7,2.5452208552638717e7,3.177818297433954e7,1.496285933742204e7,8.922600196214e6,1.2730404040237315e7,1.7225394792392332e7,9.618302639976617e6,1.0064420550438821e6,991160.8660633302,1.8280037757629994e7,5.115100459154193e6,3.973081335531954e7,8.983701361255623e7,1.3883412068750726e6,722074.6567595407,34346.494995077795,1.2413827806068894e8,6.444550143235215e7,6.7607451729959445e6,4.838716722388639e6,9.33119529146237e6,6.748493517403021e7,3.3429883049373165e7,2.530763618624118e7,1.7202164716048438e7,9.978484313525146e6,1.203456291330724e7,7.952511224551135e7,1.8079357920833636e7,6.38370446797214e6,1.2561812660769423e7,1.2188059583581059e8,5.0272074817376295e6,3.014612221490508e7,6.421660203176691e7,6.929865877055608e7,3.8075237466191985e7,4.780404347744041e7,1.0407906678979555e7,6.5793117457694694e7,1.3858725411456367e8,4.565703855140396e7,1.2095798205019075e8,3.918790804840017e7,1.1782734717270581e7,3.6398203970580585e7,3.253043342449312e7,2.7925163618758447e7,2.8477259824151535e7,1.186361201126531e7,1.168799164001294e7,1.2738962830174766e7,2.061634155788642e7,2.0238687252425816e7,2.7939951750543e6,3.3780831314872936e6,5.057063801282169e7,1.0046059663362427e7,3.2876087060599388e6,3.9887645049542985e6,2.247387595699915e6,2.452595707709029e7,2.3540302285834335e7,7.022507828679117e6,1.6293685108796924e7,2.9172551720236354e6,1.6583136521779392e7,2.686981501243276e7,7.861042933947546e6,2.0282484234776177e7,4.718147458141742e6,4.713207985573019e6,500634.7575693178,1.441258107918464e7,6.180673260678607e6,1.605558723330907e7,6.283299201661053e7,1.0575831942683104e8,3.3151303887497663e7,6.790172014360385e6,4.4148271485173404e7,6.042576138387986e6,601015.2475588608,1.2782063993893626e8,8.236712608624831e7,8.558596452604797e7,5.283542163946062e7,2.834786784965537e7,3.319433359906352e7,1.1779134322576033e7,1.9073475159772046e7,1.7146693645562705e7,9.101630018932829e6,6.493458263562352e6,2.0789179687576238e7,1.796055812271347e7,1.0282204793021221e6
2.4181450008974794e7,9.639214380012222e6,8.662228911535706e7,8.699289501059176e6,1.4525226733587932e7,3.9526210642158724e6,7.298872706484938e7,4.340949639442274e7,5.171540412198349e7,6.081024652312518e7,4.1121273338354714e7,2.625572333576036e7,4.159064714575425e6,4.33830207061614e7,2.406129177162537e8,1.9505455536693883e8,2.994804552357941e8,3.4169513297826156e7,5.6797407713984415e7,1.6270528167370215e8,8.351850572031398e7,2.0057189956972186e7,2.154162228668454e7,9.796534961053793e7,5.908552909920528e7,1.5658887167010602e7,1.3437356304221224e7,9.653796933457281e6,1.284870123632438e7,2.2056247402782448e7,2.6047590626192424e7,3.781528309111269e7,98972.2780784739,1.916077663246213e6,1.0227182048858795e6,7.169594235976046e7,4.746651479685027e7,7.364725286991101e6,5.177337644260311e6,5.680207344983856e7,8.12110188410336e7,2.678146134266105e7,2.719442017734345e7,6.821758900692016e7,6.790659631396803e6,5.498674911958608e7,5.461244424271511e6,1.9273968109608475e7,1.020817145032107e7,2.4884971061187487e7,7.543213403546624e7,3.11213665693707e7,7.116234531280811e7,7.016169137573725e7,6.722858600594421e6,1.4978190249584476e7,1.7382192528825995e7,9.90021217789659e7,3.455978966803628e7,1.1700165175271854e8,9.348389563525493e7,2.415218100982904e7,6.177241368368484e7,1.6575291036488557e8,2.070695175082858e7,1.9954688058315773e7,2.1303539527305648e7,8.623090860585837e6,7.656578990178455e6,1.0746725791525703e7,1.581829859364665e7,8.790452391589968e6,812237.5853628451,778800.143580006,1.4157941024565795e7,4.1660390833595986e6,2.8201925223310396e7,6.298722384352797e7,1.1035389868581591e7,1.1049938066860119e7,2.2724431932054004e6,1.8992847643873193e6,1.284130723918063e6,118117.04151160573,142165.52820519978,346005.5910814842,3.039262455425728e6,1.4223215006296134e6,1.163242349684093e6,704392.0591831313,352721.02203885734,329467.0965736258,5.061671017979964e6,711905.6431815979,190397.2980783079,389801.29996872676,9.13381625217083e6,138755.82514896165,7.646802253804543e6,1.3629857772117082e7,1.6361055168836297e7,1.110360796734815e7,7.899406939047369e6,1.616552359663586e6,1.057308016804147e7,1.4085120398828119e7,3.763885990687689e6,9.628480057669872e6,5.406417172389448e6,3.342781410603085e6,2.4923435881104823e7,1.2027926773627687e7,1.449387805566662e7,5.489547287875101e6,1.553749536043619e7,1.467066320258101e7,1.6016846896981113e7,3.787998017660767e7,4.011433037663679e7,5.0593053842013525e6,6.293122411645558e6,1.1187966641663365e8,2.0858804506056122e7,6.988743754596363e6,8.625208338958226e6,4.861530900315887e6,3.992746242384702e7,4.139330685200322e7,2.0037789787367813e7,3.751770434515574e7,7.0082900559790665e6,3.6661324602632985e7,1.0301636412714735e8,3.1240263702438112e7,7.322887431849995e7,1.939537917504421e7,1.3954492869325606e7,4.1676105146052595e6,2.5863100780034814e7,1.0921404196822535e7,2.8643055039930377e7,1.160081164691036e8,2.0859337323534507e8,7.485551311866035e7,1.707204280027834e7,9.00562875319014e7,1.084081245282241e7,1.158230935696945e6,2.0611132205267242e8,1.3244696112362294e8,1.339955057583199e8,8.557604962098922e7,4.636002192711322e7,5.455544136417172e7,2.068653269802877e7,3.0807133878852587e7,2.91120168030766e7,1.4311980334264275e7,1.0257114980561798e7,3.268478527079125e7,3.083279763924321e7,1.7117219817292697e6
2.42782839859797e7,9.680848062412895e6,8.704120296202506e7,8.758092255708627e6,1.4620976591077335e7,3.9743755113342316e6,7.349118449663123e7,4.373313423429068e7,5.211395540977231e7,6.1286576558822796e7,4.1417439637610964e7,2.6375573189999346e7,4.150363988066179e6,4.330082248991316e7,2.417000942284321e8,1.959114264700653e8,3.0083825525615245e8,3.4332728616464525e7,5.7074900656709366e7,1.6349217251094484e8,8.390421617265917e7,2.0138406862183724e7,2.162625513179586e7,9.835925377999559e7,5.9288989506556794e7,1.5719601471596738e7,1.3495637627497094e7,9.700925263396192e6,1.2920930670256328e7,2.219984638394099e7,2.6198119661212713e7,3.8007143622941025e7,99745.22859861847,1.9257505826447802e6,1.0291913513816944e6,7.219837889819686e7,4.780222586457307e7,7.4084036469103545e6,5.206163914750533e6,5.7150900919557065e7,8.185579022219007e7,2.7001675194506124e7,2.7426418159275167e7,6.886481756193663e7,6.864940329849399e6,5.5471585572062485e7,5.508468421333098e6,1.9482378956952006e7,1.0318314157336917e7,2.5077575147482324e7,7.619874388714996e7,3.1439457865246702e7,7.186022926539072e7,7.087129870368452e7,6.777052093847874e6,1.5129447239252662e7,1.760696867096776e7,9.883119199535246e7,3.445927678259845e7,1.1676872261383562e8,9.324561917807297e7,2.4122341667714745e7,6.147459179217775e7,1.6502275160606843e8,2.072416999914792e7,2.005642752218055e7,2.1365794900673684e7,8.697931236575337e6,7.6883734057513885e6,1.0776769861106241e7,1.5884480440357964e7,8.808627756834973e6,812470.4137394993,778091.3433561773,1.4134592096187403e7,4.163471518685328e6,2.877000539779433e7,6.4292974335771345e7,1.1246807771070091e7,1.1256479279766314e7,2.317816242213011e6,2.5229480794472997e6,1.123176738563833e6,65417.4216620805,168506.89682465736,168173.34433823323,2.669698393460601e6,856498.4674146902,739764.7364318726,976587.2774297752,506614.6269361703,572721.6445576668,6.445464626945837e6,1.0362414790997116e6,323587.07988704514,635679.1373408212,9.59333505882159e6,196779.57521408921,7.278601052598302e6,1.2890121002328446e7,1.5495471216210658e7,1.0959274989607275e7,8.192924722431357e6,1.656084835693966e6,1.0273446573265105e7,1.2393424528097708e7,3.2515114211267238e6,8.812399149584318e6,5.776657587277901e6,3.4451494043081705e6,2.6077397358654417e7,1.2862982393823955e7,1.4895484780306617e7,6.160396803863157e6,1.604019482732587e7,1.5156817638458742e7,1.634880571295359e7,3.853849865134729e7,4.07805424773259e7,5.149895042190655e6,6.401336818278062e6,1.1388562676968959e8,2.1219724060850296e7,7.107990295906477e6,8.769958367303599e6,4.938779406077234e6,4.0697955071390264e7,4.218657615042452e7,2.0444027079056475e7,3.836612037552778e7,7.11177220945646e6,3.70713042231262e7,1.0492326214494014e8,3.1822029683079336e7,7.45790900135505e7,1.9712898503909297e7,1.4141293445352603e7,4.240855592194763e6,2.609004099638932e7,1.1014907696557928e7,2.8892426006490473e7,1.1705499897967725e8,2.106110071029181e8,7.56768809828554e7,1.727526472897148e7,9.097607270758544e7,1.0941726608715242e7,1.1705717712389345e6,2.0768189017662978e8,1.3345013485401985e8,1.3496792381088313e8,8.623002430902106e7,4.671980786601855e7,5.497967159338615e7,2.086331159746039e7,3.104889923980056e7,2.9356209726794884e7,1.442366133356491e7,1.0337317523502717e7,3.2939749690506868e7,3.1101357016616043e7,1.7264895011085712e6
2.4304722175938316e7,9.688747470928751e6,8.712421532568213e7,8.758508238678573e6,1.4622496633497711e7,3.975755976929246e6,7.345044413262582e7,4.37072425878821e7,5.209027788827352e7,6.1223942077314764e7,4.137316063591997e7,2.6412512989938736e7,4.16907769033898e6,4.350642810452196e7,2.422072093841454e8,1.963407586433917e8,3.0147199399583e8,3.440205778353612e7,5.719587379837885e7,1.6380048483822954e8,8.406715359454039e7,2.017615188538433e7,2.1677774707659967e7,9.85963786079822e7,5.94454893761743e7,1.5769570983882979e7,1.3530944171191819e7,9.734155084484855e6,1.295660558999289e7,2.225341244143031e7,2.625467987747514e7,3.806836213332725e7,99738.71819658064,1.9283462135512382e6,1.0305114295064056e6,7.221996795873871e7,4.783730591179403e7,7.415920065067192e6,5.210320979708879e6,5.7180521155710384e7,8.194107741057776e7,2.7005985831870772e7,2.743609460671712e7,6.885158151795031e7,6.858758831842825e6,5.545921520214057e7,5.499818131443003e6,1.944750260976169e7,1.0300987465249816e7,2.5040498598706312e7,7.626280419862503e7,3.1463790623171706e7,7.188447785288055e7,7.09051529004776e7,6.7939815207946105e6,1.5148763301008074e7,1.7666738075872675e7,9.972402794025166e7,3.475428079136636e7,1.1778347725113684e8,9.417848268347703e7,2.42927728899671e7,6.193256938938579e7,1.6631422417897022e8,2.0853858153748915e7,2.0176734536645573e7,2.153899116072476e7,8.785711460712276e6,7.724879561074442e6,1.08281336326549e7,1.5945961018354386e7,8.838809866338884e6,816448.4222334422,781985.3524596774,1.4205574256552253e7,4.18200715924789e6,2.8924869935249634e7,6.463901594713557e7,1.118650689993753e7,1.1192071571684802e7,2.3035427052514893e6,2.1985023963463292e6,1.123176738563833e6,22464.63259222259,120985.07947566854,202605.19872509252,3.2567100620996743e6,1.1545747875339224e6,964187.2729714715,1.002019277394698e6,522703.4130071947,545414.5183777212,5.744607507599039e6,892560.5053271956,293701.6140493373,552548.6492513453,1.0427342354536304e7,213130.09889053972,7.490438169926855e6,1.3391678499448985e7,1.59929272077878e7,1.1257693247224143e7,8.499005233726839e6,1.7294243983266645e6,1.0834388195667738e7,1.3626738910523638e7,3.6693766997013534e6,9.900204923228944e6,5.366249214299107e6,3.316482620862004e6,2.5627920016206738e7,1.2532162936305331e7,1.4546111064415365e7,6.056055845543139e6,1.5837641081619732e7,1.496248457197364e7,1.6137660781548452e7,3.815372468989924e7,4.039817631026973e7,5.09730624505856e6,6.338224145519178e6,1.1281888204419714e8,2.101986927683178e7,7.042323153658157e6,8.69043403274763e6,4.895732511971911e6,4.02461564705675e7,4.173563109648852e7,2.0257428490805574e7,3.797598540838179e7,7.056788140773397e6,3.687478003506405e7,1.0409278619869113e8,3.1571489917610504e7,7.398020969448188e7,1.9579974046344142e7,1.4063730352348065e7,4.216157173986325e6,2.6014185317713555e7,1.0982303931883605e7,2.880879215257391e7,1.166821978167141e8,2.0984640296230176e8,7.535212000947568e7,1.7204431044443324e7,9.069261667656913e7,1.0918066691711009e7,1.1682130714779273e6,2.0720187071910578e8,1.3314042146485735e8,1.346734018188932e8,8.602402079408467e7,4.660648760989017e7,5.484023416351762e7,2.0804883158916954e7,3.0986450095954996e7,2.9289260270002935e7,1.4400693705608523e7,1.0320260005498314e7,3.2887305343864564e7,3.1036212003334522e7,1.7235183576746804e6
2.4358906076115396e7,9.703625033883484e6,8.728295868654786e7,8.75357200213387e6,1.4616492932778994e7,3.9768812038905337e6,7.330025806682417e7,4.36115714645776e7,5.199261772193657e7,6.102345957280745e7,4.123530794095296e7,2.6490018358936008e7,4.215365807002167e6,4.401365354062411e7,2.4332982500906914e8,1.9729756366769013e8,3.028750746956863e8,3.455411655830796e7,5.746206264560325e7,1.6447041085711643e8,8.442411885667193e7,2.025955802174053e7,2.1794379684501294e7,9.913273422638166e7,5.980503024439132e7,1.588496424852712e7,1.3610913977582356e7,9.810360464928275e6,1.3036289358272433e7,2.236973549778678e7,2.6377318486658935e7,3.819776365022491e7,99645.69346412344,1.9336718684431515e6,1.033075444756028e6,7.222200806151119e7,4.788916966982045e7,7.429788687480845e6,5.2174927491641175e6,5.72171833255887e7,8.208547382871635e7,2.6994681848261073e7,2.7436852980551e7,6.875608494382547e7,6.836509259030596e6,5.538124879655484e7,5.474020258212753e6,1.9342115516429484e7,1.0247993742031336e7,2.4930748045286734e7,7.634587404454185e7,3.1492773354126528e7,7.18761750568848e7,7.091958401715563e7,6.830046110404802e6,1.5181521797192568e7,1.779315924211923e7,1.019120140434226e8,3.5481056602043316e7,1.2027331340197082e8,9.647061763429369e7,2.4709831084649578e7,6.307434105752301e7,1.695231382357526e8,2.1167445871020652e7,2.0460365410944853e7,2.1955265039344355e7,8.994443702237919e6,7.810634246816625e6,1.0950062916633928e7,1.6088983279058352e7,8.910253667908711e6,826084.3474447614,791508.3859813574,1.4380193926548386e7,4.227246864103104e6,2.9262891096397225e7,6.539287815868637e7,1.1019768676656352e7,1.1015598366739461e7,2.264502004903231e6,3.634540364444717e6,2.1926726427953574e6,166177.65448633925,15045.591767468799,386424.95664239355,4.776987587029106e6,1.9435933277892873e6,1.5584735976528097e6,1.1536165357792825e6,619639.2739542741,570388.5781717171,4.049880223952981e6,594734.5461798063,264409.55762698496,421044.9220544412,1.2657507017254595e7,283908.972101552,8.045365334647769e6,1.4686186095765673e7,1.7296465669843834e7,1.1999262063714212e7,9.271478990885751e6,1.9140735781867076e6,1.2236399745439902e7,1.678137810959198e7,4.729332212469744e6,1.2644158408454822e7,4.327134292058829e6,2.9934192162108026e6,2.4435700842989236e7,1.166412857918996e7,1.36548112116005e7,5.801803353871805e6,1.5298456403742395e7,1.4445055755800225e7,1.5590400455549477e7,3.715115278945841e7,3.940068051806599e7,4.96023048318082e6,6.173755204447729e6,1.1002251233517843e8,2.049732744280493e7,6.870562251885806e6,8.482388656786067e6,4.783210568881864e6,3.9069390317182206e7,4.0558806155699134e7,1.9763455317048226e7,3.6943899057979815e7,6.912580038711048e6,3.635510905043109e7,1.0188435518910845e8,3.0904682429790266e7,7.238986745665415e7,1.922513194022574e7,1.3856323669158896e7,4.1489661541997357e6,2.5806588703589e7,1.089347006064316e7,2.8579983643194217e7,1.1566891532910953e8,2.0778171290948537e8,7.447913528277129e7,1.7011766406859864e7,8.991048197101675e7,1.085035786004608e7,1.1612528006245282e6,2.0587369062839648e8,1.3228446832134277e8,1.3385738132272257e8,8.545605980634429e7,4.629407877039963e7,5.445769495029804e7,2.0644760909293298e7,3.080991566182726e7,2.9101599457649477e7,1.4333478615402462e7,1.02706168631965e7,3.273383051416478e7,3.0850582121999267e7,1.7148012248702885e6
2.439880789825161e7,9.730060602664795e6,8.75391571239445e7,8.81956261092426e6,1.4721700397642706e7,3.998033236021831e6,7.398337023875622e7,4.4050411582612805e7,5.2510786911899e7,6.173532974235865e7,4.169252187432555e7,2.6528001227044653e7,4.155499224789895e6,4.3371474527678005e7,2.4321395185349125e8,1.9712710581052005e8,3.027292859100918e8,3.4554862100288294e7,5.745499154910863e7,1.645433419011989e8,8.442837411705342e7,2.0251321753810298e7,2.1753228275414653e7,9.894827832076916e7,5.961900498488863e7,1.5820724379888868e7,1.3583011159775257e7,9.7752896397226e6,1.302319018141704e7,2.23899295192274e7,2.6397545557397097e7,3.825284337548167e7,100544.31798445855,1.9377641986471412e6,1.0369197261664725e6,7.273716182470909e7,4.817780869014219e7,7.459486528644518e6,5.239264714673423e6,5.753591952667795e7,8.259090595252463e7,2.723397452911859e7,2.767502779809583e7,6.952813982040094e7,6.937576705493598e6,5.596662429037924e7,5.5511539637970235e6,1.967317020253173e7,1.0419960749710452e7,2.525035457743406e7,7.704480812640648e7,3.178880836734016e7,7.26045257020334e7,7.163509736575872e7,6.846342029332423e6,1.530148206201636e7,1.788715684247809e7,9.935063444265093e7,3.458391152681281e7,1.1731676991298786e8,9.372964652179042e7,2.4222854490449008e7,6.1516870849730596e7,1.6525919202957422e8,2.084204807962579e7,2.0255601673684195e7,2.156618832776752e7,8.846161118264947e6,7.7494893234267235e6,1.0847378697729722e7,1.600028179345347e7,8.85042401854349e6,815748.8230691048,780321.7075781613,1.4164334248923004e7,4.174883518040234e6,2.9484500658077013e7,6.5927716941686444e7,1.1422185975438233e7,1.1423889942318803e7,2.3545090061754095e6,4.769346494424881e6,1.179869142986859e6,150041.69469808103,208346.2711093229,45294.89593059894,3.246306771431776e6,749381.5871518642,636460.9630231226,1.2977933281640108e6,692107.5300146623,800594.0536410257,7.533824552730008e6,1.3060973047041867e6,439088.7016058557,843540.7350304533,1.1115604453491658e7,286180.37145347614,7.06779170465391e6,1.254756822301173e7,1.500319181315213e7,1.106420373752926e7,8.798482765617304e6,1.7702875409665445e6,1.0504928927738838e7,1.1919979676641727e7,3.20245083136292e6,9.293511828234436e6,5.960975071854935e6,3.4743629774984336e6,2.6956365570796277e7,1.3499652204361279e7,1.508147366731347e7,6.777019260885764e6,1.641716450657667e7,1.5522498886655172e7,1.6545256694584345e7,3.8948472567163765e7,4.119950628874317e7,5.206560702452006e6,6.468769198424423e6,1.1520586583647862e8,2.1451784230691828e7,7.184886982501978e6,8.863398968814496e6,4.988186221140539e6,4.1177809565617815e7,4.2689916705318645e7,2.073178040577049e7,3.896757506181427e7,7.179704874392542e6,3.7354445280102424e7,1.0630385547774047e8,3.224519586234852e7,7.554914998109421e7,1.99462871650815e7,1.4278888656053958e7,4.298899273120363e6,2.6270140602733504e7,1.1088133355705531e7,2.9090121701919835e7,1.1786931073140766e8,2.1214745708768478e8,7.629293443995257e7,1.7434526032812048e7,9.172348446541768e7,1.1029141249898838e7,1.1816532598713126e6,2.0896075920905375e8,1.3426472524363273e8,1.357616678205781e8,8.675808187299423e7,4.701033300915004e7,5.531800883287388e7,2.100407720264586e7,3.1254109631645955e7,2.956065426931598e7,1.4522766402758809e7,1.0408074687830426e7,3.316599635941354e7,3.1332398534000073e7,1.7396420423113813e6
2.4053382765450213e7,9.600706443723425e6,8.621862778986374e7,8.696434949212395e6,1.4516525096250925e7,3.9456523530034823e6,7.317519902150914e7,4.3528434038802385e7,5.182311287816634e7,6.110237250802741e7,4.132778325428944e7,2.607730842660545e7,4.070066110086133e6,4.240456267057435e7,2.381743615833989e8,1.9299094790599662e8,2.9643307737858105e8,3.3835965263893425e7,5.621561146488783e7,1.612209572658429e8,8.273439859277214e7,1.98755805418448e7,2.1294232565915633e7,9.68267118075121e7,5.833483721592185e7,1.5419327618984742e7,1.3267871088852324e7,9.494473464233378e6,1.2677438419426229e7,2.179888786579317e7,2.5775560547222212e7,3.752000929128575e7,98993.95353246917,1.9035289461773243e6,1.0163299226861501e6,7.158608149197623e7,4.729486210030898e7,7.328195753027323e6,5.157026431625428e6,5.6655324151438e7,8.079762344360113e7,2.6758555780368555e7,2.7146054580424517e7,6.827569564064018e7,6.819774841582445e6,5.504107686620399e7,5.5019014527647495e6,1.943885892755801e7,1.0290061111873962e7,2.505888727333196e7,7.51230966514444e7,3.1003884044270623e7,7.104241105351391e7,6.999658455258092e7,6.641630346954699e6,1.4885412980641313e7,1.7098158707960553e7,9.473795652440669e7,3.315289723914573e7,1.1215738537973464e8,8.90288743157842e7,2.333883374466203e7,5.959615732901371e7,1.5960940132651198e8,2.0087100656298894e7,1.937867502324109e7,2.0474491588570084e7,8.203095435662078e6,7.48175981954863e6,1.050091159768889e7,1.552372658631593e7,8.64602871262203e6,793243.1998406237,760235.1813661576,1.3819906602224793e7,4.0776641934490004e6,2.7477705178952254e7,6.137206710955537e7,1.1324926602437187e7,1.1358566489377558e7,2.340956806376275e6,5.759270171588303e6,2.5749118794102925e6,331561.3964912702,354077.3663056717,446285.77669643244,708403.9043588078,973061.5203914887,739580.1501545224,873279.9021870252,463763.9629706802,709752.3694718888,8.814420946312249e6,1.5493294409645416e6,441596.91706483776,947309.8510659258,5.304109295851071e6,172468.44372909024,6.682462827395949e6,1.1326076016535101e7,1.4105253384442141e7,9.672023504743775e6,6.461590679710607e6,1.2657135915561833e6,7.856119209867158e6,8.612302081349615e6,1.8927915492206907e6,4.307049696330788e6,7.337461480962452e6,3.9482306437784354e6,2.7132437538143456e7,1.368629440892551e7,1.6150671799106676e7,6.1523889253619835e6,1.6518237077267434e7,1.5612565453231938e7,1.7021198077982225e7,3.970890948041642e7,4.193130874609676e7,5.309359668555775e6,6.59308723646755e6,1.1695629337206885e8,2.180917715444053e7,7.300981071788105e6,9.00327666695718e6,5.066047001145701e6,4.20771142830772e7,4.353948043518546e7,2.092885621502685e7,3.938431592219125e7,7.269414368949255e6,3.75924926116771e7,1.0697861228829142e8,3.243587807284804e7,7.608540089791332e7,2.002852311031396e7,1.4322859233738262e7,4.285661132817902e6,2.62213404473562e7,1.1075367007034723e7,2.903799665963978e7,1.1776980902719913e8,2.1221017050281903e8,7.63940916409553e7,1.740801668594597e7,9.139740083796085e7,1.0952433948842792e7,1.1693834343119727e6,2.083730716203612e8,1.3390627378163555e8,1.3538231438040853e8,8.65469530928611e7,4.68942023139288e7,5.521294889072755e7,2.0962363879814703e7,3.110108238719104e7,2.9427623832671676e7,1.4419822067527398e7,1.033724100463936e7,3.2931030286181197e7,3.113981396172012e7,1.7256991861202775e6
2.4280893357698794e7,9.688746872861093e6,8.711437262713124e7,8.790381113338433e6,1.467189495252089e7,3.9838964991000365e6,7.38532372067781e7,4.3965844434431784e7,5.2384696197868526e7,6.167694590855342e7,4.167040153466588e7,2.637083668900372e7,4.1088725916724326e6,4.285275874905816e7,2.4132423658814022e8,1.955574415935344e8,3.0036818287191004e8,3.4289624501027375e7,5.699576417831722e7,1.6333462937164685e8,8.380382841056924e7,2.0110416655568007e7,2.157347785077234e7,9.811897367651907e7,5.909839522589369e7,1.565665113834649e7,1.3459771275389547e7,9.663105226104852e6,1.2892528455753023e7,2.21772361638369e7,2.6173206607773617e7,3.799586057979984e7,100193.98930168174,1.926130206262331e6,1.0302743741176276e6,7.24394921572641e7,4.792341112394343e7,7.418356694787313e6,5.214265029668129e6,5.728943234454776e7,8.205511390656015e7,2.7117726013561487e7,2.753887243276741e7,6.92570367773761e7,6.919072880031046e6,5.576973326456064e7,5.551949883637651e6,1.966816328373597e7,1.0414354333708994e7,2.5258304379525483e7,7.65107279633933e7,3.157325096946064e7,7.220924037549634e7,7.120883395673905e7,6.775108807333314e6,1.5178204169158151e7,1.7622122086141706e7,9.70080560462146e7,3.383034474272021e7,1.1467229680808516e8,9.130897932946032e7,2.3774544075869944e7,6.041417998928287e7,1.6209711099301744e8,2.048238004228458e7,1.988264139892302e7,2.1068260996327993e7,8.575245418202616e6,7.63571466216661e6,1.069407422299856e7,1.5802602254302967e7,8.759995445203561e6,804851.8307387494,770095.301163598,1.3982849998429572e7,4.1258294256637944e6,2.88133785507887e7,6.4412971209516615e7,1.148445116834025e7,1.1499266743645653e7,2.371412754844605e6,5.511664207258998e6,1.6893222012272347e6,240376.86259894544,294601.6545862874,210674.62761828766,1.989876061774038e6,428925.3061511028,184791.69276755032,1.2069742379045184e6,643160.295665284,825745.6547528149,8.671118854095161e6,1.526799742244012e6,477480.9453799857,963466.9298704903,8.959538303808209e6,255168.8541925639,6.660878849150045e6,1.1506457613629155e7,1.4045300591318633e7,1.0316077128010998e7,7.8886929500972e6,1.5626913147651542e6,9.100668826395605e6,9.147101016634913e6,2.2212165891354685e6,6.640827467861473e6,6.831483215325123e6,3.763867796287451e6,2.7615988848282993e7,1.3991350794406973e7,1.5816303720133485e7,6.7872313863110915e6,1.6721963494479485e7,1.5813207249864344e7,1.6951223953855906e7,3.9665014648004785e7,4.190638514459133e7,5.304194778006897e6,6.586219359737533e6,1.1710847330538654e8,2.1815237153579768e7,7.304017546203742e6,9.007530618566398e6,5.066752853998228e6,4.2019554792476356e7,4.351897248570367e7,2.103880601380157e7,3.9609545619774416e7,7.277870353344752e6,3.768697438761249e7,1.0762521665324144e8,3.2640821882276576e7,7.651354307865416e7,2.0152139214128252e7,1.439832754239432e7,4.330541389392888e6,2.6365996260629453e7,1.1131246729931874e7,2.9196201236639462e7,1.1837292097829245e8,2.1324183913023752e8,7.677463350274603e7,1.7528263688877266e7,9.20480049627793e7,1.1044767452998292e7,1.1821413002019199e6,2.0950296612850618e8,1.346193924637473e8,1.3609005624885848e8,8.700032128525719e7,4.714357807674206e7,5.54907581090254e7,2.1076963832822777e7,3.1306848597384974e7,2.9624382566155147e7,1.4531327493151315e7,1.0415737699398398e7,3.318556733779097e7,3.137974852667713e7,1.740604961747592e6
2.4281640348174684e7,9.690031202042682e6,8.712646947947744e7,8.795214739644736e6,1.4679528716702227e7,3.98533701763389e6,7.390672684324627e7,4.400025038225096e7,5.242484142746256e7,6.1734373313760795e7,4.17075411637851e7,2.637066185693519e7,4.1029327181616593e6,4.278869055522166e7,2.4127571941327655e8,1.95511013800139e8,3.003075083631084e8,3.428423802299446e7,5.698579911966902e7,1.633157572052916e8,8.379127513021058e7,2.0106783101693388e7,2.1566359225070234e7,9.80866223508695e7,5.907223204444453e7,1.564801640007992e7,1.3454953818971701e7,9.657994423792686e6,1.2888869812072955e7,2.2174767904740922e7,2.6170398095986515e7,3.7995098837988675e7,100261.09180098858,1.9262253514987438e6,1.0304575591866816e6,7.247590812383214e7,4.7942124780147955e7,7.419959973264885e6,5.215536392328896e6,5.731058110203815e7,8.208649407416572e7,2.7135196686188944e7,2.7555912138659067e7,6.931570780424917e7,6.927101875695055e6,5.581424508719323e7,5.558322939743275e6,1.9695460207356505e7,1.0428477834285233e7,2.5284764500567622e7,7.655893367785358e7,3.1593863550052095e7,7.226216953105135e7,7.126026496480268e7,6.775134034087085e6,1.5185926418500643e7,1.7625858544726357e7,9.674999125196393e7,3.3740910036376156e7,1.1437507420053752e8,9.103474920836577e7,2.3725179232807074e7,6.0262309088550195e7,1.6167882425061753e8,2.0448287799673483e7,1.9858827961361196e7,2.102688484802957e7,8.558901559315925e6,7.628451637208675e6,1.0682529880665278e7,1.5791356034248933e7,8.753170437661001e6,803772.1129199051,768956.5653355299,1.3961183761180012e7,4.1204684536887533e6,2.8825025287932195e7,6.444273470167177e7,1.1519160640874567e7,1.1534667705668407e7,2.37922811244369e6,5.974029826873962e6,1.9337117256181536e6,266038.31807278073,313069.9885789375,237133.65464877684,2.0043944021942874e6,428925.3061511028,184791.69276755032,1.2518137759324294e6,669952.7347773773,866807.9047885173,8.99404296698897e6,1.5983490720530222e6,501014.69019891135,1.0119848522224938e6,8.964092605878027e6,268331.3776660335,6.5715209432041915e6,1.1306930063713394e7,1.3835523793438843e7,1.0226289900975829e7,7.862291982344381e6,1.5529858672502122e6,8.943605090126816e6,8.68777219330271e6,2.082323718917631e6,6.39097610067463e6,6.985331949427306e6,3.8102941547676506e6,2.7839936768216036e7,1.4155712902790463e7,1.5949569104870563e7,6.8835577781530935e6,1.6821049898765247e7,1.5908623258891048e7,1.7038334109755594e7,3.982797878879646e7,4.20692705858381e7,5.326517042899483e6,6.612965155284448e6,1.1757502140521792e8,2.190141726664896e7,7.332386942816717e6,9.041913069438936e6,5.085271694372494e6,4.221073665452381e7,4.371175533603931e7,2.112503913585299e7,3.9789830276172385e7,7.301914973267334e6,3.777617760697818e7,1.0801718901311342e8,3.275962144603493e7,7.679410978437114e7,2.0215885442483246e7,1.443562826570961e7,4.343599272285864e6,2.6406129810621187e7,1.1148157569063235e7,2.9240378563603994e7,1.1856445583275016e8,2.1362393103119817e8,7.693400582897672e7,1.756505484663505e7,9.220409837661564e7,1.1059824076324165e7,1.1838377369286425e6,2.0976804407006833e8,1.3478956920071614e8,1.3625340063264063e8,8.711240726826815e7,4.7205242328608595e7,5.556509127736864e7,2.110803943838086e7,3.1344475261340786e7,2.9663476987562504e7,1.4547077833273139e7,1.0427204840990685e7,3.322152754734637e7,3.1420400952506095e7,1.7426712545322932e6
2.3880763359275628e7,9.52221261841985e6,8.543240698318817e7,8.572177855681367e6,1.4315243606964584e7,3.90122977723793e6,7.206071934869796e7,4.281059245537884e7,5.094855610600868e7,6.001670782094925e7,4.064684117539394e7,2.586860032199457e7,4.112164370220595e6,4.283929198492551e7,2.3649341118050593e8,1.9170317899697772e8,2.943341205647816e8,3.357505544124782e7,5.577576590014379e7,1.5993087204277444e8,8.211689417351292e7,1.9749949025684632e7,2.1178488267427687e7,9.628460215774694e7,5.809760267216017e7,1.5352627173501346e7,1.3187895752259547e7,9.435628742352102e6,1.2567989748013368e7,2.15593509578597e7,2.5525327466332372e7,3.718813134711026e7,97344.22348679986,1.8861961758903654e6,1.004194487897623e6,7.054555601915798e7,4.662431720110585e7,7.244678339238481e6,5.100967707715175e6,5.595135846385515e7,7.952956869670509e7,2.6295615321658e7,2.6664240285721e7,6.688232093283669e7,6.654177740742311e6,5.3995237655128404e7,5.391367851508953e6,1.89541711594132e7,1.0035174396530945e7,2.4606234343869418e7,7.35654762636866e7,3.0354850453971878e7,6.95847678771583e7,6.85247133997517e7,6.546901493046293e6,1.4586079945335703e7,1.6688760560446745e7,9.627040867436759e7,3.375163996260298e7,1.1397802017629194e8,9.076689695309407e7,2.3622004483314443e7,6.08205619902711e7,1.6283570716365162e8,2.021639450762165e7,1.9314100716308203e7,2.0565421635419358e7,8.155849244660969e6,7.460036928511532e6,1.0501865197683167e7,1.545991103718876e7,8.645258643519182e6,797791.4255627171,766682.1423831941,1.3959549204101082e7,4.1065397747625136e6,2.6433681150865737e7,5.895760916081359e7,1.080437998307702e7,1.0844370908864046e7,2.2278667490237392e6,4.983486001437277e6,3.516663204019885e6,380873.261912717,319245.71030749916,666114.0127539863,3.260415955125523e6,2.203595192031514e6,1.7244926044350483e6,193968.10075552642,57553.31380362972,269996.86455168144,6.073889467714023e6,1.0126808680147275e6,218673.21653441296,566751.2921896286,6.08181469350486e6,91826.98489489955,7.764645818355874e6,1.3672412187040683e7,1.6657802709771942e7,1.0431966974087598e7,6.252163273800466e6,1.2963360243509954e6,9.538620905531578e6,1.4660841593574228e7,3.9375254127645055e6,9.003909107550185e6,6.349372673247253e6,3.624792949681014e6,2.4197733756960224e7,1.1583252161031906e7,1.4966263071030324e7,4.5112910932847755e6,1.5227079150953073e7,1.4365612175206225e7,1.6091715765248403e7,3.788891360505002e7,4.009512189263983e7,5.0594765551388e6,6.294053751083238e6,1.1151796752704576e8,2.0822334246956903e7,6.975207355026064e6,8.607899257306328e6,4.85424698239147e6,3.995102044150258e7,4.136362671859831e7,1.98581003203277e7,3.715095401792364e7,6.988075767085218e6,3.649706268537184e7,1.0199204221402226e8,3.091745020348707e7,7.25436321084353e7,1.9202804695970997e7,1.3837155934690414e7,4.1013906540437434e6,2.5650917877964683e7,1.0838811776414292e7,2.841087502015866e7,1.1511264221622954e8,2.070379409618541e8,7.427427723223133e7,1.6894060311463784e7,8.911238526121448e7,1.0710207377896996e7,1.140351672612816e6,2.0447687092147368e8,1.3141408295658073e8,1.3297317029956771e8,8.491756465195572e7,4.599779724392077e7,5.414931841984875e7,2.0518771835399613e7,3.0514455806091357e7,2.8830569359262202e7,1.4155638266552294e7,1.01468654315118e7,3.2327895787191283e7,3.0492839362912565e7,1.6908272401391e6
2.3920717061643153e7,9.53822749941231e6,8.559473419749543e7,8.591169679115081e6,1.4346455150838837e7,3.9086720050026705e6,7.220786085425784e7,4.290547723013734e7,5.106821686825131e7,6.0147894991827995e7,4.072658783205015e7,2.5919456495889094e7,4.1154942708135103e6,4.2880077745702475e7,2.370118684467968e8,1.9212162954935664e8,2.949817573960483e8,3.365063035156678e7,5.590527532982551e7,1.6028663175814846e8,8.229520681132396e7,1.9788644353768807e7,2.1222838489008162e7,9.649012515487374e7,5.821501149077001e7,1.538870229550828e7,1.3218367556761205e7,9.461779646750523e6,1.2603064404473169e7,2.1623345026951935e7,2.5592560492785476e7,3.7270231418313384e7,97589.78067334084,1.890171704235363e6,1.0067153707022507e6,7.07139632800493e7,4.674383536637004e7,7.261221571525846e6,5.111615263246495e6,5.607323039695792e7,7.976517023075575e7,2.636767762818556e7,2.6741907358601913e7,6.7085263026466206e7,6.675857957717843e6,5.41464242466737e7,5.40352211137864e6,1.900889173369213e7,1.0064480878530104e7,2.4655211529602174e7,7.383303105666074e7,3.0465106403086446e7,6.981675929400788e7,6.876373665558171e7,6.56995916060689e6,1.4641124353562014e7,1.678089599352506e7,9.649846475598769e7,3.3813071993174314e7,1.1422553896568887e8,9.098364611268862e7,2.366723955345868e7,6.0871317802802354e7,1.6301309595128155e8,2.0263959674905855e7,1.9385999138738006e7,2.0640927243515152e7,8.207763863262046e6,7.482240357039803e6,1.0528364720548375e7,1.5501478252588686e7,8.661079045457274e6,799167.196681214,767725.7361409003,1.3975205368921947e7,4.1117910639179274e6,2.6667582742287166e7,5.949201258930869e7,1.0850508689230641e7,1.0887431024751358e7,2.2372574347124277e6,4.320115984488109e6,3.158222410065535e6,343957.68368251715,296857.34944952716,614981.2546709342,2.9975180994894e6,2.0328171361989588e6,1.5977581633142084e6,193968.10075552642,56464.297062293765,239031.31829329534,5.966699330643006e6,969031.0529048196,204843.67742339813,533979.357288374,6.176557385419784e6,65068.06704956156,7.701781027358949e6,1.3554459366356827e7,1.6506382027143072e7,1.0465762960330589e7,6.4183631734914975e6,1.3243719483839364e6,9.54852294071625e6,1.4261753353202017e7,3.797545127907737e6,8.748496451689977e6,6.262915525747016e6,3.6030120585243087e6,2.43868174621014e7,1.1705689592069723e7,1.4955340330552371e7,4.676114591517367e6,1.5310728415918251e7,1.4446919474255918e7,1.6118875531841751e7,3.795863513742491e7,4.016884440893968e7,5.069152926024895e6,6.305577347665113e6,1.1177002966308136e8,2.086483835469167e7,6.989417474747117e6,8.62525804790516e6,4.86334295945075e6,4.003046119564181e7,4.1451094695714295e7,1.9919755324693587e7,3.7278155173030175e7,7.001383929667342e6,3.655887896183873e7,1.023011182439534e8,3.1012777743931275e7,7.275841660607189e7,1.9256712540499676e7,1.3869438278222052e7,4.116004277913521e6,2.5697280636631906e7,1.0857444743960034e7,2.846172805231364e7,1.1531828903270769e8,2.0741721717899904e8,7.442327247195591e7,1.6934266288083237e7,8.930828776139787e7,1.0734356987294042e7,1.1434892399210234e6,2.048142704861045e8,1.3162851716318746e8,1.3318313770097572e8,8.505590011461625e7,4.607389136685438e7,5.42369936668027e7,2.0555137153766204e7,3.0570383638152566e7,2.888566312263981e7,1.4183525586241106e7,1.0166696033120831e7,3.2391558391407926e7,3.0556383040414594e7,1.6945353248345577e6
2.4012600060473934e7,9.569946585367208e6,8.592210763497925e7,8.611835085212963e6,1.4382006611301377e7,3.919078266268946e6,7.228443426190661e7,4.295552210509566e7,5.1148364290525876e7,6.016606709718924e7,4.072596893372486e7,2.6042810914607465e7,4.1542283988971915e6,4.331048038166524e7,2.3851913064130732e8,1.9337622199505427e8,2.968651637286086e8,3.3861664819614604e7,5.627117323108762e7,1.61245567154981e8,8.27917092855516e7,1.9900806805261362e7,2.136718876586133e7,9.71561200550696e7,5.8635232328699104e7,1.5521651470129453e7,1.3317490224544406e7,9.552662346881643e6,1.2707962617196446e7,2.179284595730597e7,2.577089302575119e7,3.747260901920219e7,97834.3799765144,1.8992656793757027e6,1.0118708054140179e6,7.093133250691964e7,4.6935840509152666e7,7.292840346770162e6,5.130656857473757e6,5.625708980459636e7,8.017499107640809e7,2.6451343448435802e7,2.6841720109813023e7,6.727240266752942e7,6.686708730699857e6,5.4281054728941426e7,5.399783048963212e6,1.8999502082349233e7,1.006202890996966e7,2.463605636883798e7,7.42364205740701e7,3.062736408835215e7,7.010620461644885e7,6.907906992821121e7,6.626636735075902e6,1.4735957747494383e7,1.6994049351030473e7,9.844108804002838e7,3.443796345949846e7,1.1641811348618326e8,9.29917138973969e7,2.4038525203718334e7,6.178798937364611e7,1.6563888879550496e8,2.0560997726108313e7,1.9692990891798533e7,2.105362806583946e7,8.434729037318973e6,7.575382130721272e6,1.065411439847864e7,1.5662427639314337e7,8.734909027594654e6,808152.5634435359,776184.1332624028,1.4125624728207693e7,4.152323154746037e6,2.7222544300487585e7,6.0745505290649466e7,1.0782337370493878e7,1.0808371936760081e7,2.2195276229987303e6,3.319364636924141e6,2.936888336452023e6,295226.4237603323,224780.45247326186,585166.581218375,3.773553558544653e6,2.1468625272787055e6,1.7004685172986437e6,384488.04764168296,196622.7013146944,73531.56715540569,4.362459772894368e6,606685.5274985597,77526.53591679771,284207.5563747775,8.495505975114593e6,123059.1046659694,8.013279094601797e6,1.432924116307897e7,1.7228985220020145e7,1.108084729777001e7,7.293886245967309e6,1.5187259637877415e6,1.0673135774818873e7,1.5909564047856916e7,4.3471010363941975e6,1.0550357909494372e7,5.451451497014172e6,3.3478732359624803e6,2.3690449778526615e7,1.11578522934612e7,1.429037913633312e7,4.602795046240652e6,1.500284457278709e7,1.4152148611716427e7,1.574657892394128e7,3.7301071742884435e7,3.952014076697292e7,4.979374705851496e6,6.197823607192983e6,1.1000231887954868e8,2.05293433022331e7,6.879446586554934e6,8.492266667176656e6,4.791133625826998e6,3.925461819034636e7,4.068454146612476e7,1.9626690968072027e7,3.666167934446736e7,6.910912163527839e6,3.625112863123503e7,1.0103437319796482e8,3.0632621853153735e7,7.183701827952878e7,1.9059074370272834e7,1.3755522540047264e7,4.0838385569216553e6,2.5601940730416916e7,1.081515243379781e7,2.8356356847284835e7,1.1482659261301096e8,2.063637654763827e8,7.396233812776287e7,1.6841428418055322e7,8.897417158507034e7,1.071461220401542e7,1.142268934255644e6,2.0425809202509317e8,1.3126633453895581e8,1.3284527290266699e8,8.481051120814727e7,4.593886224580721e7,5.4064679623799905e7,2.0482414640432622e7,3.051045807919356e7,2.8816255084448364e7,1.416909999306319e7,1.015506467024921e7,3.23586034163656e7,3.0499085503902446e7,1.6927652665938411e6
2.4198735444147367e7,9.63024521609965e6,8.65515612155889e7,8.636435419246085e6,1.4426821225798286e7,3.9350515926249865e6,7.223979479847883e7,4.292958730364487e7,5.116424266946331e7,5.9987234999717005e7,4.058350406774508e7,2.629839631463073e7,4.25678078658266e6,4.444312493568045e7,2.4182927317529196e8,1.96154226684842e8,3.010019630696802e8,3.432010093755204e7,5.706911129274661e7,1.6330666437280414e8,8.386873311475395e7,2.0146515673249055e7,2.1693297161642946e7,9.865947837536366e7,5.9604773438336834e7,1.5830770526752736e7,1.3541680507801902e7,9.761839427604893e6,1.2941036203943793e7,2.2157437560370974e7,2.6153604259918004e7,3.789524526695857e7,98093.49377653646,1.9177363711126205e6,1.02192391863783e6,7.124653193114014e7,4.726620862382597e7,7.352431178734047e6,5.165239707398343e6,5.6558102048984006e7,8.091869078469054e7,2.656148301960079e7,2.6988095085132994e7,6.745045895079231e7,6.680488177812863e6,5.439833274413294e7,5.368098543957435e6,1.887987410647626e7,1.000521898389659e7,2.4496104722219765e7,7.491722299968356e7,3.0896801295605198e7,7.052444224964984e7,6.955973359204702e7,6.746320053463997e6,1.4909441777704792e7,1.7443668588496167e7,1.0347852959901485e8,3.607882431160112e7,1.2212017051913574e8,9.823189353520215e7,2.4998083872503616e7,6.4266128559175275e7,1.7267841339394414e8,2.130916156607977e7,2.043027563181263e7,2.2079773950706266e7,8.986540636255203e6,7.797818044033895e6,1.0959929117604801e7,1.604087715137854e7,8.913610325670961e6,830871.3449833049,798010.2574835683,1.451894326228494e7,4.256452873557344e6,2.843653876988614e7,6.3484257733257644e7,1.0517891131634232e7,1.0517632264840001e7,2.1549407655573566e6,7.4926878923010975e6,4.856225898279679e6,456866.9123624792,234493.44833799242,809065.1062494179,6.885544156778528e6,3.3123322347178604e6,2.5923969625749975e6,1.2708427646597144e6,721130.4245147294,640961.949671085,2.4230398868268724e6,418708.4904355057,264957.54950905294,414285.9742834003,1.473953493678025e7,380067.2801383779,9.038801358090412e6,1.678888819959682e7,1.962835876661493e7,1.2741187235604823e7,9.542453127970606e6,2.0225597948552845e6,1.3796613079511795e7,2.1720426507964034e7,6.323557408445482e6,1.6265122422348512e7,3.3633734808562608e6,2.6722308957447023e6,2.1517712860851984e7,9.535085670304853e6,1.244034643538281e7,4.520129446623485e6,1.4021225013980025e7,1.3211796345718902e7,1.4656014008497635e7,3.533717401599647e7,3.757388497255829e7,4.711051716367939e6,5.87581364578191e6,1.0461971625359797e8,1.9516016258265626e7,6.546792991488655e6,8.08962784018604e6,4.5729435470452e6,3.694410226143275e7,3.838715957913263e7,1.8704615577089712e7,3.4730449652486436e7,6.6341892968722405e6,3.5279288746423e7,9.697420337039913e7,2.9410233064790264e7,6.889941822621405e7,1.841484489389861e7,1.3380789739435459e7,3.9698455940809012e6,2.5252772979384463e7,1.0663569027539194e7,2.797107240214772e7,1.1308487998426849e8,2.027424481625105e8,7.241002947726303e7,1.651196181896467e7,8.769679119132988e7,1.0617213265479727e7,1.1334775004369637e6,2.020985350832358e8,1.2986917093778785e8,1.31523384862354e8,8.387627667939085e7,4.542497399963662e7,5.3425491598208696e7,2.021420752325209e7,3.0243551223303385e7,2.8524585492886107e7,1.4079527771331426e7,1.008750604011559e7,3.215405437364064e7,3.0227118825081296e7,1.6813237219949493e6
2.417985903012917e7,9.628711630218916e6,8.65278724277973e7,8.654306728248652e6,1.445434856311236e7,3.939403145889032e6,7.247794104342166e7,4.3081814745846435e7,5.1335529336831816e7,6.0258237484960556e7,4.076264450558088e7,2.6266306657234516e7,4.218696900859207e6,4.402836889074736e7,2.4120349188057563e8,1.9560437457565856e8,3.002193898853551e8,3.4238972878123276e7,5.692475967582785e7,1.629657650874821e8,8.367945712449475e7,2.0100501334113047e7,2.162172712095679e7,9.833100939795408e7,5.937068613596508e7,1.5753950548523206e7,1.3492358918889912e7,9.71227378916561e6,1.2894563003317434e7,2.2098086018884245e7,2.6091683850629795e7,3.78389509036593e7,98348.75665588777,1.9158570088959816e6,1.021419835227665e6,7.136367848101224e7,4.730402809359265e7,7.351863656991318e6,5.166491403615393e6,5.6612343739438675e7,8.095308955801027e7,2.662181088525272e7,2.704126900889897e7,6.767571502867888e7,6.71521180469275e6,5.457298267002284e7,5.399602896426163e6,1.9011762679305106e7,1.007276729067778e7,2.462831787056412e7,7.502359471341664e7,3.094534911059164e7,7.069030691784135e7,6.970917045230147e7,6.72970544737603e6,1.4917087223279832e7,1.7387145407981217e7,1.0169959697338085e8,3.54812444165962e7,1.2009174124198183e8,9.635217891942458e7,2.466198447165287e7,6.330320229366168e7,1.6999129177896348e8,2.106475558224622e7,2.0224760338169716e7,2.1758193436809294e7,8.82814961124831e6,7.736792589095111e6,1.0870303485918246e7,1.5942783981187427e7,8.861891806348069e6,823361.1905722657,790392.3879125247,1.4377089321197739e7,4.220513418868753e6,2.8253339634664956e7,6.307925347287899e7,1.0698604338712724e7,1.0705101567739911e7,2.1963348059696113e6,4.7244434864204135e6,3.50017790561755e6,318237.611347416,154381.83380587428,628822.3907509667,5.425912045056075e6,2.614720820814875e6,2.0653928746633872e6,949909.0749236427,525051.4409474544,399621.59012657555,2.4230398868268724e6,112141.2597778849,137226.94450513952,137171.36356830943,1.2361064464203851e7,273135.7959230923,8.52586563285424e6,1.5615987985367127e7,1.8424584866930656e7,1.2099819104510263e7,8.803397952770595e6,1.8477094528208326e6,1.2537846421061035e7,1.888579453462818e7,5.3698526185642965e6,1.3731364174563732e7,4.09592277506493e6,2.9242315400407235e6,2.2733848356153578e7,1.0422507928823628e7,1.3213596658820303e7,4.756736717419548e6,1.4565925084264718e7,1.3735419583092758e7,1.5161547832117131e7,3.627697532868816e7,3.8511759592868194e7,4.839715514012736e6,6.030029105787103e6,1.0728705199597448e8,2.001064707405483e7,6.709532034333714e6,8.286812986377057e6,4.679285746918524e6,3.804705788486631e7,3.949640991736793e7,1.91893933050102e7,3.574392118810864e7,6.771620946192704e6,3.57835582383056e7,9.916274647234726e7,3.0072515314420465e7,7.046978521734485e7,1.8769013186824273e7,1.3587957338127203e7,4.040008726470846e6,2.5469750764325015e7,1.0755536688239856e7,2.821003650304143e7,1.1412912303796956e8,2.048420712893968e8,7.329018645390111e7,1.6711550148403626e7,8.852979096056935e7,1.0694410066850876e7,1.141862130000591e6,2.035157689095831e8,1.3078033049371138e8,1.32395997853574e8,8.447801528646673e7,4.575597368238581e7,5.382680709087955e7,2.0381989611686517e7,3.0439904240727447e7,2.8730182300517946e7,1.4158996647666875e7,1.014565351285422e7,3.2335499414132666e7,3.0436921961180773e7,1.691688420425512e6
2.406222676857335e7,9.586653696835173e6,8.609527279450275e7,8.621138527845597e6,1.439828008907622e7,3.924149712730993e6,7.230434799756376e7,4.296887542277212e7,5.117590179250597e7,6.015273870104473e7,4.071049054818734e7,2.6110031967010777e7,4.1777460383432317e6,4.357104858861205e7,2.3936047751045063e8,1.9407898052599573e8,2.979165310817036e8,3.397891883157699e7,5.647479422828608e7,1.6177600841988248e8,8.306742248722692e7,1.996335885895989e7,2.144874734289103e7,9.753226971838762e7,5.887484146636555e7,1.5597700563273646e7,1.3373515417193139e7,9.604406733199133e6,1.276678508275264e7,2.1886589195921652e7,2.5869448172016792e7,3.75832300624963e7,97941.00688986301,1.904180937581934e6,1.0146115099844247e6,7.103522811977e7,4.703317537118326e7,7.309430531393964e6,5.140509545996807e6,5.6348683315467305e7,8.038681229120266e7,2.6490114845338047e7,2.6889574396653198e7,6.735174751234761e7,6.689527916755057e6,5.433699553086792e7,5.395177623040116e6,1.8983625348229427e7,1.0055134668559939e7,2.461486688645226e7,7.443927197800963e7,3.0708483863913614e7,7.024423770086768e7,6.923211520062022e7,6.657730738272466e6,1.4785087976136113e7,1.7110779202407416e7,9.96086136248569e7,3.481581322902453e7,1.1773773036932173e8,9.420218202041319e7,2.4261346865965e7,6.2350129000317976e7,1.6724263342287102e8,2.0737117328532033e7,1.9871011332066856e7,2.129675339955179e7,8.56692690458364e6,7.62927681168325e6,1.0727487615602871e7,1.575493214152564e7,8.777910441819858e6,813490.8315878208,781257.4913916608,1.4216412581193151e7,4.176585332073899e6,2.7530567368971024e7,6.144078789678334e7,1.073198418488719e7,1.075169863065951e7,2.2068842426917222e6,3.595673447457942e6,3.1103664495825553e6,297996.6709945874,195317.61751082784,601583.5685608162,4.400948108809844e6,2.3269686453578193e6,1.842352552223828e6,583708.831034127,315847.8779017849,145320.51450519203,3.380274995796682e6,390508.6270049817,31305.232830442936,139704.7573818749,9.914920248205362e6,178289.24259491483,8.225206354895921e6,1.484708205150809e7,1.7723199583426863e7,1.1457805735180913e7,7.815127653580187e6,1.6350811907921624e6,1.1373542996680731e7,1.709255184662342e7,4.748871641848156e6,1.1772618147725176e7,4.961805303558423e6,3.19274077466181e6,2.32331564578416e7,1.0807042322801284e7,1.3877586540610708e7,4.566505404345666e6,1.4798442577885296e7,1.3956392713168442e7,1.55096684478519e7,3.687852951104248e7,3.9102329307131425e7,4.921666238082184e6,6.128561271477362e6,1.0885544383454956e8,2.0312548679687917e7,6.808329792525203e6,8.406223804192444e6,4.744458390634106e6,3.875684219759384e7,4.0191172349217504e7,1.943339480119466e7,3.6256019312352e7,6.85206982090642e6,3.6047651877607875e7,1.0019077974885027e8,3.037903632461318e7,7.122509088164432e7,1.892628643475248e7,1.3678607520498414e7,4.061243944201976e6,2.553374002764105e7,1.0785253093547136e7,2.828104674817133e7,1.1448119698561488e8,2.05635609445202e8,7.364721043342742e7,1.6776156431058772e7,8.872941008445278e7,1.0697795763508325e7,1.1409316786906228e6,2.038470679190277e8,1.3099965534400809e8,1.3259451015857457e8,8.463115641513002e7,4.584019011063657e7,5.394054094852396e7,2.043019189062708e7,3.046250228198068e7,2.8762584750857886e7,1.4154839757497732e7,1.0144066884480163e7,3.2326034454914726e7,3.0451433077813808e7,1.690966938921007e6
2.4133215483736154e7,9.61284721426292e6,8.636350693436788e7,8.644774304998571e6,1.4437816223384725e7,3.9344152403094424e6,7.245054039944631e7,4.306357465103528e7,5.130293246243865e7,6.026123605389826e7,4.077115002050977e7,2.6203270050394382e7,4.197527755535805e6,4.3793632592214614e7,2.4042172716285148e8,1.9495235547513607e8,2.9924247595886916e8,3.4129788587677434e7,5.673523524297314e7,1.624709452778626e8,8.342272913493145e7,2.0042399928924255e7,2.154634425359449e7,9.798325415146738e7,5.9150073844134115e7,1.5683977323969478e7,1.3440556143404678e7,9.664528521079378e6,1.2839915524014128e7,2.2010390479293678e7,2.5999571323864013e7,3.7735239965794735e7,98237.16312910235,1.9112287281117868e6,1.018814538992642e6,7.125999823909687e7,4.7209401191157326e7,7.336022440492992e6,5.157038412600825e6,5.652289468974253e7,8.074840140612589e7,2.6582339487259455e7,2.699327671707108e7,6.759061893010709e7,6.711091463862736e6,5.45126152780159e7,5.402861006792885e6,1.9021838940478418e7,1.0076733587071758e7,2.464389189452056e7,7.482360088920215e7,3.0865122691507053e7,7.055074778921935e7,6.955560089546122e7,6.700438164186018e6,1.4869365648126787e7,1.727614174330255e7,1.0064561892695911e8,3.514076527184395e7,1.189009921563328e8,9.52604811268684e7,2.4460733099767327e7,6.279844957575645e7,1.6854990956795815e8,2.0905002707276486e7,2.006160379224048e7,2.153697015969847e7,8.706884316589974e6,7.687396855610298e6,1.0803324827407172e7,1.5857790193485526e7,8.822636007938877e6,818523.220847262,785809.2348474163,1.4295230383590035e7,4.198581322436373e6,2.795850154958909e7,6.241263071086867e7,1.0739023211338295e7,1.0751465680416605e7,2.2066659935007053e6,3.7405912575779096e6,3.104815898255828e6,284874.1945235627,158041.16117582508,587255.7428510736,4.797221573007184e6,2.385881162435447e6,1.890922813878351e6,768724.458229252,418366.9578894512,270700.8863245438,2.6856751097321147e6,198349.9998039794,70988.61528333863,61617.059191596876,1.1085133377629802e7,220234.56132811843,8.332312245540503e6,1.5142571889228005e7,1.797153454893733e7,1.176106663248094e7,8.326938855553951e6,1.7423756990433193e6,1.1906831987296628e7,1.7753358117721435e7,4.981017994646963e6,1.2589201763427543e7,4.538369344831718e6,3.063841507525064e6,2.310534451717725e7,1.0699582986580431e7,1.3580181444613913e7,4.726492355874588e6,1.4736113989167046e7,1.3898053185982494e7,1.5369106144206058e7,3.6646058181461245e7,3.8876508841996e7,4.890088799732385e6,6.090528773649327e6,1.0828273987209675e8,2.019942707665897e7,6.771447999221109e6,8.361727338654083e6,4.719982650276588e6,3.8481468895754986e7,3.9926205535146825e7,1.935501408164266e7,3.609072960376383e7,6.822821699237492e6,3.595999782473373e7,9.988343731478429e7,3.0288902573171884e7,7.099346952429372e7,1.88823206115096e7,1.3653778943426847e7,4.0587711452597943e6,2.5527257608175635e7,1.078087613267215e7,2.827357087809949e7,1.1442225572881778e8,2.054631895205831e8,7.355953711526401e7,1.6766545305895964e7,8.873340550780515e7,1.0707673169529105e7,1.1428209514687017e6,2.0385928371089718e8,1.3100353389419286e8,1.326054875997389e8,8.46285011286737e7,4.583874143659218e7,5.3931476699535824e7,2.0425985080006007e7,3.047884038002726e7,2.877419283534304e7,1.4169815868338378e7,1.0154110099285467e7,3.2360211801618155e7,3.0474942142440934e7,1.693032852743454e6
2.3723518996215094e7,9.473273510998134e6,8.492190615159118e7,8.56142359828514e6,1.429312074272521e7,3.890521634912215e6,7.220659360692525e7,4.290380419631189e7,5.101997102907349e7,6.028629194174645e7,4.08418112612004e7,2.5651496516123626e7,4.0135547001680275e6,4.175241790448899e7,2.3359664483512902e8,1.8926001745371905e8,2.907141779945516e8,3.3176920363173015e7,5.5082147632385604e7,1.5815141800905418e8,8.118082448915415e7,1.9534284597719606e7,2.088800615179336e7,9.494691261990187e7,5.7223302603443205e7,1.5073872179378096e7,1.2988732686238352e7,9.249133002644163e6,1.2364813187959448e7,2.1249601520767212e7,2.519821924012458e7,3.682961181870476e7,97271.76256408409,1.8707642996288894e6,996143.4074030123,7.035752357127212e7,4.638771439535474e7,7.197773561610359e6,5.07428782275545e6,5.574062101627401e7,7.898130380593607e7,2.6242355947225597e7,2.6580896653753407e7,6.686972827941355e7,6.678425316816285e6,5.399711117352526e7,5.431384614782288e6,1.9115993952677313e7,1.0114767600782054e7,2.4777923458258614e7,7.31236460164369e7,3.018376188691959e7,6.936508565199819e7,6.825292473928316e7,6.448017451026206e6,1.4462746416336738e7,1.633900342280389e7,9.147290545886725e7,3.2179541515926883e7,1.0853881143961735e8,8.576255064729027e7,2.270863901483671e7,5.842263495269952e7,1.5604038465362614e8,1.951335129217041e7,1.8646066032975204e7,1.961428006470775e7,7.663643839924705e6,7.257752560591736e6,1.021980340277931e7,1.5117831190136304e7,8.479942869690206e6,776351.613676396,745894.8804232202,1.3583004949917743e7,4.007510481089673e6,2.5543400036019135e7,5.696940346850071e7,1.1112557816958344e7,1.117399880128327e7,2.3012930084318854e6,9.421114918051707e6,5.036404086334806e6,577842.2338590862,510673.13815042406,831777.860020109,2.887109451094585e6,2.3847929859158727e6,1.8003592883952076e6,886674.9171660716,520154.6066024013,869753.8628813883,1.027046445940001e7,1.9212225671119422e6,541526.5998404947,1.191499823622609e6,3.119790085766604e6,251309.7197194367,6.826004171222588e6,1.1420636823084753e7,1.4488607037414236e7,8.824454904178595e6,4.404795407425597e6,847265.4676692558,6.512180263958456e6,1.0555677495102333e7,2.730999667991616e6,4.904746064771124e6,8.389673528177312e6,4.276323872671332e6,2.6687433464955874e7,1.3504409613187209e7,1.6773773297346115e7,5.465570485076102e6,1.630954521501453e7,1.540645638663336e7,1.7187505390448827e7,3.987676736092754e7,4.206783141590628e7,5.331372615641022e6,6.620013176605542e6,1.1702988148129223e8,2.1854250100646835e7,7.314109280440751e6,9.01810617299052e6,5.07599183620554e6,4.229191962032863e7,4.36995187470005e7,2.082561194338704e7,3.9184493923428506e7,7.270509611815564e6,3.749596648697137e7,1.0627699176293215e8,3.22102531239079e7,7.5634047237405e7,1.988423968074735e7,1.4231431574551564e7,4.227621429929296e6,2.6026118771761797e7,1.1000449775414795e7,2.882454453191534e7,1.1696665048542817e8,2.108640213844621e8,7.59099156623653e7,1.724945102233375e7,9.051389278702603e7,1.0823769613699965e7,1.1514907424023596e6,2.0682287308580166e8,1.3292880452136628e8,1.3440915826274034e8,8.592711964567752e7,4.655340947351661e7,5.483544990720106e7,2.0807272986982126e7,3.081499992947081e7,2.9155614485649347e7,1.4263078686869865e7,1.0227038461971944e7,3.2573227826719373e7,3.0805654646518618e7,1.70476022491113e6
2.398905941149062e7,9.567131858612398e6,8.588606608387266e7,8.630486448870845e6,1.4410595705259345e7,3.9233901908284826e6,7.253722200948492e7,4.311770192338962e7,5.133082544220508e7,6.0456490076794684e7,4.091761538994859e7,2.6004603701360907e7,4.112056800431679e6,4.285100546254046e7,2.3780680170786893e8,1.927520287082708e8,2.959746020952266e8,3.376907213722324e7,5.6107024681301616e7,1.6085428786376214e8,8.257502789346023e7,1.9848040056260854e7,2.128629622869093e7,9.678509048433384e7,5.83717969418126e7,1.5435812057348577e7,1.3262011477369841e7,9.497585843632916e6,1.2656060481766464e7,2.1726487722105592e7,2.5700777610001594e7,3.74067944397299e7,98104.98262454587,1.8969912618948538e6,1.0112224954165999e6,7.105254819792596e7,4.69730099170428e7,7.291443107655832e6,5.131448021094524e6,5.631034161401526e7,8.020789526570828e7,2.6515380083864674e7,2.689827087123123e7,6.751571106632742e7,6.724567404115054e6,5.446844652389397e7,5.433731827314008e6,1.914275681082169e7,1.0135407006332755e7,2.477813533378254e7,7.43544941907666e7,3.0681166599895164e7,7.02865888342375e7,6.924282083199011e7,6.608449381932901e6,1.47449307072458e7,1.6939107351040743e7,9.647840082980393e7,3.3777804224087946e7,1.1417864690253395e8,9.091874907557204e7,2.366682833192866e7,6.072465097288982e7,1.6267019232064122e8,2.0290733420431983e7,1.9468234811309483e7,2.0701368675606128e7,8.2664851297152825e6,7.50801611115044e6,1.0554816197184991e7,1.555356748709855e7,8.677152253594728e6,799816.5758795334,767735.281370119,1.3968428424538154e7,4.112420588898266e6,2.706733278963568e7,6.0409795914869234e7,1.0981665570996026e7,1.1014495667641576e7,2.265126514520104e6,3.4153055189401866e6,2.465240410191126e6,281843.9645692229,273339.41423783667,511025.32126869785,2.24021000823628e6,1.6207686339097589e6,1.2860344848490362e6,319469.84340625256,130762.18789742762,300641.66800923867,6.319680039993241e6,1.0130449902712413e6,232372.11643378017,564893.8385442892,5.9970489057044685e6,14376.628661526864,7.465265965845913e6,1.3061774630338624e7,1.5945779441927621e7,1.0375276505126607e7,6.592906323749771e6,1.3424701071687855e6,9.28198103751006e6,1.2913408450951066e7,3.3391723366973572e6,7.749615195036312e6,6.3296472329257475e6,3.632343429688564e6,2.5058232834705524e7,1.217581461623896e7,1.5136454890090032e7,5.107342159772725e6,1.5605961347131034e7,1.4732595604580512e7,1.6297635892416047e7,3.832519738009072e7,4.054203098368255e7,5.119592996814725e6,6.365871537594886e6,1.1290981154754907e8,2.106835984651492e7,7.056780864693758e6,8.707122927140534e6,4.9069826399915e6,4.045683173181705e7,4.189369007855544e7,2.0156403166322272e7,3.777055704249826e7,7.060578469981422e6,3.679930337918044e7,1.0342490450176176e8,3.1356198358543202e7,7.355182770679677e7,1.9445474849604014e7,1.398099782209213e7,4.160721663003369e6,2.5836735018545654e7,1.0914677192240203e7,2.861492413832578e7,1.159575121978279e8,2.0864037372021133e8,7.491815796418859e7,1.705837232749447e7,8.98772161957484e7,1.079806319538602e7,1.151367644955707e6,2.057876150211492e8,1.32249718388537e8,1.3378633110478972e8,8.546016470906484e7,4.6296287347488426e7,5.44982415969779e7,2.0663896179287314e7,3.0722100494815674e7,2.9038237493370496e7,1.4254566852968805e7,1.0217622699700562e7,3.2553741932031266e7,3.072557880818803e7,1.703939275314755e6
2.439439819869251e7,9.805586682707857e6,8.827899086730981e7,9.179336828023227e6,1.5287713609765096e7,4.1012099152336e6,7.800212023019116e7,4.664892645217614e7,5.554768744514847e7,6.6097224266771525e7,4.450636831472956e7,2.6456065369251914e7,3.6777730997714135e6,3.823503828452767e7,2.3905351922104496e8,1.9320464565862933e8,2.9753552336743027e8,3.408494387153848e7,5.6608062362462886e7,1.628145096203343e8,8.330913943889049e7,1.992506886212348e7,2.1161981911706496e7,9.627217099193457e7,5.747610999142939e7,1.5140477566072783e7,1.319426765454218e7,9.390320670752287e6,1.274774774590088e7,2.222179274257857e7,2.6170821717679493e7,3.812840217673031e7,105626.11544629426,1.9413716767920607e6,1.0500268542437903e6,7.545527025538483e7,4.957814248428059e7,7.571702435247606e6,5.327498242985246e6,5.907156369319689e7,8.503467656292123e7,2.856836445328152e7,2.898857186280207e7,7.406962500778331e7,7.562063573785369e6,5.938079405128033e7,6.03847553581214e6,2.1779728970016036e7,1.1510213506212533e7,2.726719496733462e7,8.096527182539852e7,3.346015749723345e7,7.677771123694974e7,7.573430728827296e7,6.872475778364068e6,1.5951237863088492e7,1.849377432573265e7,8.028075903391668e7,2.778931069641189e7,9.508161303744382e7,7.367599119776887e7,2.043638305833873e7,4.9554821378689215e7,1.325743478274616e8,1.8257734813864876e7,1.8638963984385926e7,1.8737574521257505e7,8.093678716617364e6,7.216249491554586e6,9.96895551223441e6,1.5148413933583297e7,8.30214914006213e6,730642.260891442,689824.8384502761,1.2435284149183678e7,3.7456860709560057e6,3.2062044791688323e7,7.21304593538485e7,1.4135903150596673e7,1.4186145490147479e7,2.9650078777277814e6,4.108534489256736e7,1.9904712875868272e7,2.1622201899229293e6,1.690821081298375e6,2.754958498057022e6,1.8947171329228558e7,9.235355903539265e6,6.87504891159737e6,5.896712265778965e6,3.378579805856815e6,4.273408725279434e6,3.2807579671511523e7,6.902673613309975e6,2.3401000072279223e6,4.665257744925848e6,3.555687590861653e7,1.629573775597671e6,674485.7264056607,4.1793102761294376e6,1.591879711614643e6,7.126018335995161e6,1.462476138304369e7,2.924999640515887e6,1.2820835128212944e7,2.8028336346422087e7,1.0430809814130882e7,2.9603332076072574e7,1.8693757236709375e7,7.400763262085661e6,4.455661222700011e7,2.6444543176317494e7,2.5922448323796622e7,1.5327085306243783e7,2.417713511834507e7,2.2997060025732953e7,2.345386905590549e7,5.181191829389996e7,5.404516882567844e7,6.967912358098234e6,8.579736869285844e6,1.5186701903203508e8,2.8236108169539817e7,9.41763352093366e6,1.1569108449738314e7,6.446531170806359e6,5.627022570312848e7,5.788466295604561e7,2.7476206892352294e7,5.307245084001592e7,9.069056950906541e6,4.433244456222282e7,1.369162369271066e8,4.152149512737741e7,9.746894196683669e7,2.4918083686134655e7,1.7184634668165624e7,5.316150068477478e6,2.936982390137282e7,1.2395451884053597e7,3.250215834691365e7,1.3269160999515586e8,2.4178399400121748e8,8.867896320820051e7,2.0287631312998913e7,1.0378022839447208e8,1.2185713318232296e7,1.3124173466858345e6,2.2935242455141968e8,1.473586823233291e8,1.483166118349877e8,9.538817126870465e7,5.175899189233452e7,6.104945641006559e7,2.3402814861868136e7,3.4138005874380946e7,3.2564384584472492e7,1.5724766367968604e7,1.1283714674517449e7,3.591031062580262e7,3.445142869945223e7,1.8977656891856075e6
2.408636949856853e7,9.6689075292476e6,8.688647159717694e7,8.968723005068809e6,1.4946078789892426e7,4.025581332441546e6,7.616059707127777e7,4.5458611871651165e7,5.40865401235096e7,6.431701694469581e7,4.3396319644212656e7,2.606913827952942e7,3.733834867709747e6,3.878539937448581e7,2.356073787748167e8,1.9051425029102093e8,2.932274726058634e8,3.355880893327093e7,5.5708393074487075e7,1.6026583204035884e8,8.207643403557613e7,1.9675099894178122e7,2.090667243826204e7,9.507393188141966e7,5.689613591585409e7,1.4956815884828482e7,1.3012046900117109e7,9.23350662938048e6,1.2502417351316515e7,2.1719398788766865e7,2.5660787416097548e7,3.749692672780025e7,102818.36597312144,1.9093870667177471e6,1.02763859160979e6,7.366244427059987e7,4.8388838480221815e7,7.421689243118667e6,5.228894577312731e6,5.785191675807977e7,8.271797178511012e7,2.7768175503222488e7,2.8144296543023672e7,7.167806694109458e7,7.282948551274555e6,5.759849638822393e7,5.85875169289153e6,2.0985349353290614e7,1.1091366400513176e7,2.6533678159686964e7,7.811539682707147e7,3.2277321257154904e7,7.419880342666012e7,7.310260773266879e7,6.673484503970791e6,1.5386896957999954e7,1.7566069851631362e7,8.082928659099242e7,2.8240352111487888e7,9.601205104340217e7,7.42997002201084e7,2.062440377958241e7,5.106356688793642e7,1.362151668611233e8,1.824003805044801e7,1.821607222041787e7,1.839380226619574e7,7.599654895622675e6,7.106790863599301e6,9.882488105103806e6,1.4935206482623277e7,8.2665288954420285e6,733222.251571959,696369.9612463418,1.2599722698889453e7,3.7759354170399723e6,2.9359584815085437e7,6.590420029956748e7,1.3300539438117724e7,1.3363761149996199e7,2.784257558055866e6,3.2282420573778063e7,1.5539344153663296e7,1.7041012653788803e6,1.3605941546442902e6,2.1560487395240944e6,1.4156470635289723e7,7.032851277861462e6,5.214615503840988e6,4.577212957061731e6,2.6211562149856277e6,3.368643441758984e6,2.6862905029790476e7,5.573346066287665e6,1.862071760717467e6,3.737467630257195e6,2.6224973472587537e7,1.256893897977324e6,1.8423507031688774e6,3.0115079967264133e6,2.9770280764785185e6,5.863859156537493e6,1.0854604548862265e7,2.116724970216604e6,8.051456410084254e6,1.8860335516624134e7,7.329011586596557e6,2.0943554112117812e7,1.5977560722202461e7,6.603364862811618e6,3.990194502021589e7,2.3099581418517895e7,2.3645753282545757e7,1.2689758200729521e7,2.2122618620522942e7,2.101381303301935e7,2.189020382085023e7,4.881382914564963e7,5.103102159777194e7,6.55647771310071e6,8.087381508456052e6,1.430212439911921e8,2.662333404153708e7,8.885709825846344e6,1.0923856681529982e7,6.100469369054474e6,5.2758447153200634e7,5.430959098078293e7,2.5757484170307815e7,4.948723154128031e7,8.612203832792656e6,4.256889834172243e7,1.289349784229606e8,3.909243179155364e7,9.179503215040086e7,2.3597793135511514e7,1.6407474525498504e7,5.021917023156067e6,2.845650937894178e7,1.2016771935654784e7,3.1498073532372367e7,1.2843884245944853e8,2.335069138422852e8,8.528708562419999e7,1.9465745844697747e7,1.0011835973059466e8,1.1794765841461109e7,1.2651204240112298e6,2.2310741867189288e8,1.4336458894436467e8,1.4445478545672572e8,9.277743625601365e7,5.0322706661937565e7,5.9345908429790474e7,2.269246975013684e7,3.319478861782336e7,3.1605431425855275e7,1.5297443812367966e7,1.097606908813501e7,3.49347380717966e7,3.3408843499146488e7,1.841246125472061e6
2.437377396017784e7,9.790319338676028e6,8.812174095285994e7,9.13568308539315e6,1.5218353358204782e7,4.0877521894864403e6,7.755469413890174e7,4.635844037658566e7,5.520179564611633e7,6.562600658713277e7,4.420633106898727e7,2.643348840740509e7,3.7197754594065356e6,3.868090865304202e7,2.3910669308677697e8,1.9329774416255847e8,2.9760070726629144e8,3.407994041792954e7,5.660151186077776e7,1.6275017985101554e8,8.330072946612062e7,1.9932057543871794e7,2.1187979364818007e7,9.638538070633548e7,5.759727869231053e7,1.517684504407217e7,1.3209260268982077e7,9.404964715292837e6,1.2746935379340136e7,2.21898888662279e7,2.614533267907813e7,3.808960422843804e7,105016.02163882808,1.9387001504328633e6,1.0472339257837298e6,7.510767244444387e7,4.937622664280163e7,7.551549463724668e6,5.313363715182553e6,5.886136858752754e7,8.465367863458048e7,2.84018614060958e7,2.881885973904956e7,7.352595249562867e7,7.49126000732083e6,5.897601215947094e7,5.987176271176468e6,2.1554735238695525e7,1.1393085981679367e7,2.705637937090986e7,8.041398387899072e7,3.322824532638346e7,7.623958721332157e7,7.519384269657943e7,6.851648447987694e6,1.5850390419643866e7,1.834401512823969e7,8.166473907674591e7,2.832217348718141e7,9.674693641262239e7,7.511117129582821e7,2.0731904336028747e7,5.059363244763194e7,1.3534825672535583e8,1.8444561340714376e7,1.870461057203047e7,1.888645697589442e7,8.064093007702156e6,7.244412431419672e6,1.0026051457133353e7,1.5192544129269212e7,8.341858846647756e6,737357.4341055629,697348.7467341333,1.258296283284386e7,3.781567528011162e6,3.1510034387026113e7,7.083714361570969e7,1.3858740994230699e7,1.3906883667664317e7,2.903303923048889e6,3.744481267076646e7,1.805036817376704e7,1.9664999105784993e6,1.5483977406183647e6,2.49108333420739e6,1.703577903777531e7,8.295191487101402e6,6.165648711437747e6,5.388641308403666e6,3.0843821632959805e6,3.9137865589066055e6,3.0347338786217034e7,6.354038496550565e6,2.147845406549877e6,4.286161627832728e6,3.2148221796338044e7,1.4826811643416462e6,678084.0412530001,3.0115079967264133e6,1.0266953790302227e6,6.974005924854805e6,1.3459087206680167e7,2.672530577020206e6,1.13375452161304e7,2.4333227866726283e7,9.188247881917275e6,2.6294364411666356e7,1.747401034399907e7,7.0230742581960205e6,4.281100070575615e7,2.5162692512983732e7,2.488630408707692e7,1.4392109032915907e7,2.3410780410740156e7,2.2258261813986942e7,2.279175492639002e7,5.057534523261559e7,5.280935555150713e7,6.798540589350655e6,8.376792962427911e6,1.483261821180662e8,2.7582281050771195e7,9.202398206476642e6,1.130825135490735e7,6.306037991602038e6,5.481949463761803e7,5.64220649702593e7,2.681843257651223e7,5.169663880549283e7,8.886596791751597e6,4.365458913040286e7,1.3391891945327055e8,4.061239616263142e7,9.532585312042587e7,2.4429906090978116e7,1.689933310175865e7,5.214207573471106e6,2.9060712508360714e7,1.2265557922134634e7,3.216201362878605e7,1.312209061443192e8,2.388569382453716e8,8.745905744456443e7,2.0003490707605384e7,1.0256768984287585e8,1.2066544657319797e7,1.2986357567184477e6,2.273060374129392e8,1.4604582658789882e8,1.470562936364788e8,9.452425427064471e7,5.1283558926150456e7,6.047762740244141e7,2.3163427902165115e7,3.3844272962339655e7,3.2259788460540794e7,1.5599839189616902e7,1.1192976145374155e7,3.56250932243537e7,3.41314378087741e7,1.8812638626555186e6
2.2739712118599225e7,9.155778182711015e6,8.167331917441109e7,8.456774952678053e6,1.4095292297235934e7,3.8108456448690244e6,7.260997953461756e7,4.318330480686754e7,5.114333419134726e7,6.143533386702192e7,4.168370489714495e7,2.4326813642441485e7,3.4659301868384946e6,3.569948299722871e7,2.1652260128933015e8,1.749007206240326e8,2.6938517156864035e8,3.0825533726544946e7,5.100309736024999e7,1.4758656308932674e8,7.563198103295556e7,1.8251029104408704e7,1.918901115845548e7,8.713034773963046e7,5.214061353013539e7,1.3472203911821365e7,1.1832309093824813e7,8.18792259248188e6,1.119890612647145e7,1.9471264550272204e7,2.3289239498169374e7,3.467399557482826e7,96389.72004042807,1.77636170042328e6,947141.2685548305,6.896471525249062e7,4.486567985724645e7,6.903352065125485e6,4.901038044700769e6,5.428924832387435e7,7.566670740956314e7,2.5831046592161e7,2.6014859751885924e7,6.654692744258743e7,6.790673280499758e6,5.376778010980258e7,5.621228429683123e6,1.992060122571459e7,1.0508407858699556e7,2.558066388758895e7,7.06049944508697e7,2.9205070323828615e7,6.797317409624578e7,6.662311523596332e7,5.895158486639383e6,1.377842859823813e7,1.4660514822456887e7,6.478882924933442e7,2.3440629827542126e7,7.826462628221655e7,5.797953778155074e7,1.7605074713935502e7,4.525754538437083e7,1.1855969133312821e8,1.5570773154271055e7,1.4980676117604163e7,1.4396438529532187e7,5.238187944314345e6,6.123000985805656e6,8.627282468132766e6,1.3177012918065993e7,7.532666586428535e6,655384.0195120724,629250.6688396909,1.1480476472097067e7,3.4504579461248615e6,2.261076803147283e7,5.0705017594804876e7,1.281461788901742e7,1.2975513570913836e7,2.7054261486712447e6,4.3099265004652284e7,2.1651525076240312e7,2.3476901190928686e6,1.8218184212205978e6,3.1156606537702e6,1.981179568280012e7,1.0333212222764619e7,7.729059715396218e6,5.723387574675854e6,3.3167487626337656e6,4.269094810272529e6,3.340964910841759e7,7.077117380994237e6,2.354982784834411e6,4.75724461553608e6,3.3208067366403703e7,1.6361649625278728e6,5.1480837334772935e6,9.609803500976864e6,1.1827901603152234e7,3.0269506252506273e6,1.0340089464627843e7,2.1237247704064874e6,1.032890706354332e7,3.267016906471461e7,1.1578510997709878e7,3.0533457573974963e7,1.990131898720496e7,7.903632295403469e6,4.092681719491782e7,2.454334755919436e7,2.6590593080015246e7,1.3197964958590236e7,2.2354725769233856e7,2.1233468137784705e7,2.3079541402673624e7,5.052003072498058e7,5.2616319665330365e7,6.788038744843878e6,8.3647741025060145e6,1.4654878977472606e8,2.7375851516100883e7,9.126746161588816e6,1.1211073710074984e7,6.259888256491915e6,5.4855313851735614e7,5.6232934420875914e7,2.6042354939895324e7,5.02045986859213e7,8.774122851363517e6,4.274874888510575e7,1.2930940330755319e8,3.916363452072498e7,9.22350374048801e7,2.3524370315166026e7,1.6313196066331018e7,4.909779489085242e6,2.7933916253665097e7,1.1823700627944399e7,3.0927300872255284e7,1.2645762536439876e8,2.3061641525249016e8,8.443559881798209e7,1.910374643761918e7,9.76909529528381e7,1.1387052889118671e7,1.2071890296816914e6,2.185228281042091e8,1.4048772300737077e8,1.4153525423991632e8,9.097953408251272e7,4.9337283466165334e7,5.828866258315365e7,2.2270000529552933e7,3.2288619686506175e7,3.077217967046957e7,1.4772159217752187e7,1.0609170127556257e7,3.373564455737561e7,3.2347975910512768e7,1.7717633275211211e6
2.306095626373492e7,9.223433786534661e6,8.237460195544092e7,8.3192919509591935e6,1.3890002695817715e7,3.7880491661973624e6,7.05899801042701e7,4.1862782952344745e7,4.965616116991453e7,5.900875411798183e7,4.009771844130032e7,2.478941929338855e7,3.8666970601339494e6,4.008178031267995e7,2.2404389972756267e8,1.8143263660789448e8,2.7877961871996117e8,3.181135854910446e7,5.272927170079878e7,1.5182930915804467e8,7.796266811573492e7,1.882201254979403e7,2.0023400600394487e7,9.094940093606302e7,5.481810643682834e7,1.432321097489803e7,1.2394983062105738e7,8.721872746583687e6,1.1710210594842447e7,2.0124066687822536e7,2.40137655865625e7,3.542911736851628e7,94225.52180368632,1.8051097422914922e6,956499.6585888866,6.810707789916596e7,4.467400401543307e7,6.944196648600439e6,4.914955539565664e6,5.402485102675485e7,7.551474033350201e7,2.5313031433444247e7,2.555047246786873e7,6.4418843042546794e7,6.447393712561162e6,5.21802326896817e7,5.330655388698826e6,1.8648498334418785e7,9.856210387490481e6,2.4381177275920164e7,6.940911283350743e7,2.8665916374075748e7,6.633018111353717e7,6.5076021991644464e7,6.05711442249849e6,1.3660984327127006e7,1.483420045499999e7,8.350467827325125e7,2.9744928428060304e7,9.96495595894122e7,7.77431538931664e7,2.1165554242012747e7,5.52735655179437e7,1.4667960711943838e8,1.8160017990149252e7,1.702084490937642e7,1.76362752044132e7,6.471589088368465e6,6.76116466399966e6,9.583312165632363e6,1.4229182494327692e7,8.103938214012086e6,736066.2373972819,710557.0054626518,1.2984738894242007e7,3.8355449324643165e6,2.1746798354371697e7,4.835830434924533e7,1.094625719578583e7,1.1066958180689756e7,2.2807751428618967e6,2.058851423623857e7,1.0868519983874533e7,1.19010213373838e6,945201.3755382813,1.663652239407236e6,8.887317925301358e6,5.305796595259034e6,3.9900882981938547e6,2.3032550900494508e6,1.365811435964187e6,1.8868900378025044e6,1.680145246995727e7,3.4574239129080204e6,1.078567014238717e6,2.2616162927968283e6,1.113028360025089e7,698118.4076588271,7.094343802732605e6,1.1944549063561233e7,1.5327304090893172e7,6.94303048511531e6,4.366276561779907e6,211941.9850002051,5.651574360120925e6,1.8420582573956203e7,5.869817608492157e6,1.343373364602266e7,1.1746391980871972e7,5.285929949330294e6,2.7952071166830264e7,1.4948145712753076e7,1.9060388548407603e7,5.9428899678816125e6,1.6739136936217563e7,1.5816174895717908e7,1.8176580347355675e7,4.140228817045135e7,4.3520345641261406e7,5.539263073544202e6,6.868751222745879e6,1.2060372830884774e8,2.2573090446389437e7,7.546787564790585e6,9.297176401030758e6,5.228912391007461e6,4.414477969563289e7,4.545333234301254e7,2.1269280182095274e7,4.017829549807755e7,7.443155596782138e6,3.790662211445728e7,1.0777189880407065e8,3.263851210484312e7,7.68040583465136e7,2.0055087380875293e7,1.4307461845899606e7,4.206890356971569e6,2.5895297742914103e7,1.0959831634332998e7,2.8683166081056178e7,1.1660668552370043e8,2.1068670876574865e8,7.601125619837227e7,1.7181569424411584e7,8.97754175515236e7,1.066344385921864e7,1.1267958642743435e6,2.054021807499675e8,1.320518704410828e8,1.3349178475752711e8,8.539875260765843e7,4.6263852465161756e7,5.455389244484592e7,2.0697355487551805e7,3.0480609517757516e7,2.8861256583028357e7,1.4048243531462811e7,1.0078560595676525e7,3.208285023655234e7,3.039712119627546e7,1.6759861749889648e6
2.3180205310050085e7,9.273292822539406e6,8.287901060569525e7,8.385359772983452e6,1.3997948272840042e7,3.812987520632739e6,7.113266971693596e7,4.221273144077216e7,5.009146427743146e7,5.9511192951444134e7,4.0407329082590304e7,2.4939244126437966e7,3.8627910849036174e6,4.005338056032005e7,2.2547451020524555e8,1.825714031186841e8,2.805666678284678e8,3.202365561627313e7,5.309173419045449e7,1.5284235453587785e8,7.846352594512682e7,1.8928529075128414e7,2.013918703527818e7,9.148755828215206e7,5.510821485889947e7,1.4411220839566479e7,1.2474849649952784e7,8.78849298896278e6,1.1806716468292791e7,2.0309583527639914e7,2.4207587868140813e7,3.567051734292771e7,95090.08571126332,1.8170662806140275e6,964364.6753109939,6.868079563547064e7,4.50674565049811e7,6.996535533016205e6,4.949078118492501e6,5.442907979129535e7,7.628163260864039e7,2.5562738742986355e7,2.581639902240279e7,6.514118204869509e7,6.527852979916755e6,5.271933283715366e7,5.379143099138841e6,1.886401007690255e7,9.970757329999462e6,2.457812609127922e7,7.030915881092466e7,2.903824175430248e7,6.713040406109975e7,6.589534262822461e7,6.126268341791946e6,1.3842065851569349e7,1.5123573657241806e7,8.35275121680052e7,2.9701671965005077e7,9.963516064133632e7,7.767452630072884e7,2.117970298559481e7,5.5049023555222005e7,1.4616433038897055e8,1.822047352444639e7,1.7181811149897978e7,1.7761851754236072e7,6.591233796725898e6,6.810965025519875e6,9.635752040773682e6,1.4327837579987207e7,8.135467606833795e6,737638.0428526427,710988.8960820427,1.2980405712294787e7,3.8387105135609303e6,2.251100072327794e7,5.0114099051014215e7,1.1144105327339299e7,1.1256383486848023e7,2.3220538735401314e6,1.970204738587179e7,1.0273184497350141e7,1.1324232628926707e6,912483.4962929846,1.565271355328211e6,8.140625579248507e6,4.914844776241425e6,3.6854617255984102e6,2.2331627863380886e6,1.3178545922975403e6,1.8372069803963082e6,1.6652491696806516e7,3.3933373806184893e6,1.0552161856013515e6,2.2129235846552537e6,1.0011313438835043e7,664733.9681463381,6.634990768024649e6,1.0892090703777809e7,1.4231933736627355e7,6.668283751760077e6,4.366276561779907e6,125821.01530016852,4.444627014466783e6,1.6077077690773228e7,5.162098430438449e6,1.1649943966899602e7,1.1661238928738099e7,5.281702474865109e6,2.8760238063058976e7,1.541960141425432e7,1.9204976150492698e7,6.353672016625702e6,1.7124729203413937e7,1.618838167322865e7,1.838984130593888e7,4.187326178203747e7,4.4006727547797985e7,5.6039008405891275e6,6.9464198817840405e6,1.2211119228896184e8,2.284002279833032e7,7.635501962370997e6,9.405346994206931e6,5.286763287004397e6,4.468143827904697e7,4.6018255462378815e7,2.1591018746429373e7,4.083652506691934e7,7.523590999987643e6,3.8251038391339466e7,1.09340242486252e8,3.311878875344569e7,7.790672274528223e7,2.032446534302429e7,1.4469673118885823e7,4.2730061934191035e6,2.6109010513111632e7,1.1047195388370356e7,2.8917909433456205e7,1.1757825254060034e8,2.125258653493861e8,7.67462080522871e7,1.7368521947575696e7,9.06507192545205e7,1.0764071267666457e7,1.139385950581493e6,2.0691290085436967e8,1.330152778265384e8,1.3442974779187468e8,8.602441608464581e7,4.66079207622095e7,5.4956365566262685e7,2.086436580917494e7,3.0719231210302036e7,2.909981450849069e7,1.4161651752720827e7,1.0159699817899361e7,3.2341753373350773e7,3.066400871604966e7,1.691002808276425e6
2.3484469392298445e7,9.407710650359163e6,8.423650863055676e7,8.587843294258729e6,1.4326710630016768e7,3.886331158932378e6,7.28956264066823e7,4.3350617394784346e7,5.148876329281661e7,6.1204513329005435e7,4.146210366042092e7,2.5315212446567807e7,3.8090916819978035e6,3.9510002197302565e7,2.2873885070793328e8,1.8511283627841374e8,2.8464455348384494e8,3.2521795091649372e7,5.393793948156059e7,1.5526752105799666e8,7.963793752504234e7,1.9170169373267733e7,2.0379706313641306e7,9.261200308567695e7,5.5649410080088824e7,1.4572315107916472e7,1.2642412692232283e7,8.922365923866637e6,1.2027136731198156e7,2.0767209404565323e7,2.4681067062274233e7,3.627532145981357e7,97776.18628749678,1.8479390759620185e6,985676.0518015737,7.040118736182013e7,4.620372522690059e7,7.140704396760883e6,5.044481484115442e6,5.560530937079412e7,7.846990056879751e7,2.632614751106519e7,2.661936372177914e7,6.741527246238233e7,6.792613723295307e6,5.441825193525126e7,5.548888957633809e6,1.9614167819520418e7,1.0366687153945232e7,2.5270611183247313e7,7.29789898687876e7,3.0147412917111315e7,6.956893239216214e7,6.837598300346935e7,6.30519976455276e6,1.436599710573933e7,1.5920684727696756e7,8.180368698183139e7,2.896132132590699e7,9.752678447565514e7,7.562190685477653e7,2.0864595683287963e7,5.3382529321080856e7,1.418508934628694e8,1.8133694227777988e7,1.7439282331406187e7,1.7814177441389926e7,6.825243595969533e6,6.8878975279205525e6,9.687429288581338e6,1.4499733818464873e7,8.165079028853221e6,733771.5926608788,703753.4992124656,1.281053047234726e7,3.8072727292960812e6,2.4724831576291416e7,5.523054676858319e7,1.1912675212486926e7,1.2007687132672723e7,2.486813037194542e6,2.18311632463786e7,1.0796735014880762e7,1.2018917706475263e6,988265.9103371402,1.573594075701149e6,8.560205092461832e6,4.849128434840436e6,3.595760727907434e6,2.783826403586773e6,1.6097094193253622e6,2.1873811842293907e6,1.9244388214534543e7,3.900947225769037e6,1.2435168194587848e6,2.5619733400089717e6,1.3036221619370792e7,778641.7623821044,4.927023001988076e6,7.018996580752891e6,1.0228549022462849e7,5.494446863134523e6,4.477280238834511e6,752989.7945917725,2.6206585088941543e6,1.1797537857717207e7,4.350885531386459e6,1.0819509507699694e7,1.2755812871785685e7,5.656392628721376e6,3.2650828296555955e7,1.8032435249117427e7,2.063748276368814e7,8.519742978345629e6,1.8887525695867863e7,1.7889944740556493e7,1.9603817907536447e7,4.431263950501471e7,4.6481395716394685e7,5.938536858286748e6,7.347607012279749e6,1.2949293920667782e8,2.417404512142646e7,8.076617742103657e6,9.941410918715326e6,5.574195171712665e6,4.751001841193046e7,4.892879024951895e7,2.3067214792016406e7,4.389483788021247e7,7.909496965688611e6,3.9791058175925374e7,1.1630347792040585e8,3.5242002289199784e7,8.2840092787974e7,2.1490133311696883e7,1.5160845549019787e7,4.5400371815289045e6,2.6946571159410983e7,1.1393273329357749e7,2.9838513181056183e7,1.2145542660181023e8,2.200185365007771e8,7.979575635385288e7,1.8116925610504396e7,9.402602911140497e7,1.1130194845536398e7,1.1839317551616242e6,2.1268452392792782e8,1.3670415959308663e8,1.3800203969262207e8,8.843206385437657e7,4.7932361437219806e7,5.652217310349669e7,2.151653316675012e7,3.159954389061801e7,2.9991629431181353e7,1.4564230654057851e7,1.0449199518305149e7,3.326083287482898e7,3.16393800531419e7,1.744248377370912e6
2.4115401744165402e7,9.642203059582647e6,8.662654369542609e7,8.802290766951589e6,1.4685181902718978e7,3.9793088761971006e6,7.426421753012341e7,4.423037173702121e7,5.2654686817821614e7,6.223898201133981e7,4.205517372702828e7,2.6138495991038255e7,3.9735322706551524e6,4.1369883977927186e7,2.380202209012496e8,1.9274369240569156e8,2.96239829859118e8,3.3842289318525836e7,5.6214869447272204e7,1.6135918384819973e8,8.275072002866754e7,1.986307855178979e7,2.123063462999993e7,9.654348200167231e7,5.804234273609649e7,1.5320543310741523e7,1.3226012954121687e7,9.443235005899435e6,1.2662520350568991e7,2.184340045265316e7,2.5816795490350112e7,3.761235727404562e7,100445.73211467874,1.9101937467449065e6,1.0227086271169765e6,7.241814643230604e7,4.7766749136034094e7,7.376519711003843e6,5.192003145268013e6,5.716779087746299e7,8.164217668653175e7,2.7148278793566197e7,2.7536902975432243e7,6.953698600361875e7,6.984510012881772e6,5.5991776882634774e7,5.625028751360786e6,1.9971854444124483e7,1.0567216482368903e7,2.5567364868303888e7,7.63070292266301e7,3.1504294247521285e7,7.225108683656238e7,7.119233859108493e7,6.674103489764935e6,1.5092663053170094e7,1.7303728437191393e7,9.069599915577102e7,3.17232852849947e7,1.0747409296869627e8,8.470332939749435e7,2.256411413926758e7,5.7089000829064146e7,1.5275732864447227e8,1.9574982194080487e7,1.908108084013982e7,1.9888325623964034e7,8.01860467175566e6,7.389598098189235e6,1.0341319738569502e7,1.5389457823700158e7,8.550698817385243e6,776741.7914646174,742276.1606394824,1.347258410821383e7,3.9934630010799807e6,2.809746897833711e7,6.284868525501874e7,1.1975199921903074e7,1.2015481473270481e7,2.485946903832087e6,1.380199302588436e7,6.181209881418269e6,717395.7378153369,643211.3056251756,847385.4374950773,4.453497856353117e6,2.313021872714654e6,1.6576486446371402e6,2.0305858243587117e6,1.1410117029357117e6,1.5473786667918372e6,1.437824439587355e7,2.7886131929567046e6,886887.8063190053,1.8128621527576584e6,1.0028069195927253e7,514095.4881978394,5.111772095644131e6,7.802897232902389e6,1.0418389979681814e7,8.247586474598463e6,6.925547005131967e6,1.2926077843054486e6,5.598829827247435e6,2.9104942056612303e6,1.0043097723718989e6,4.676898362412034e6,9.851918672515236e6,4.712089418827618e6,3.1214281847539805e7,1.6679941237697314e7,1.839374997113419e7,8.199590299323412e6,1.8313402468047593e7,1.7343050336123332e7,1.852782095650428e7,4.255053127857605e7,4.477642247723495e7,5.698788937532954e6,7.059547415304843e6,1.2516110368131432e8,2.3319210028047755e7,7.798328340155681e6,9.606186515747033e6,5.390398714911661e6,4.54086724639987e7,4.690850483287959e7,2.246703697391646e7,4.260024166575787e7,7.692398758322015e6,3.917635475927386e7,1.1400661996796325e8,3.4568364967411935e7,8.110671682027662e7,2.1175576064498104e7,1.4994170721505385e7,4.525887798852164e6,2.695702937315464e7,1.1384146290066814e7,2.9847535535195757e7,1.2126124442793322e8,2.1913789752521008e8,7.927371776254748e7,1.80809061660885e7,9.428260034623697e7,1.1237496476964753e7,1.2021320627026865e6,2.132676746035428e8,1.3704564324484938e8,1.3840005139334798e8,8.861110154512855e7,4.80298977044365e7,5.657681301713008e7,2.153251436242825e7,3.1806362255185068e7,3.0156930567479454e7,1.4720864027967107e7,1.0555803041955456e7,3.3618337586591385e7,3.190668457250393e7,1.765308179763553e6
2.4088099580606952e7,9.625610398088245e6,8.646204900893879e7,8.763244006065354e6,1.4622826032168036e7,3.9666929484025724e6,7.387069369303514e7,4.3976552358075224e7,5.23526432579418e7,6.1831657647064246e7,4.179531378925174e7,2.610946969664012e7,4.0058564870062475e6,4.171516231633795e7,2.3798491333598438e8,1.9275678603051695e8,2.9619584028623974e8,3.38273150720998e7,5.619291193608267e7,1.6125225904330277e8,8.271523339227107e7,1.9860989853596207e7,2.1244749999963265e7,9.660479960102597e7,5.8121866450512595e7,1.5347639911980428e7,1.3234920259549757e7,9.455710208892345e6,1.266115101492968e7,2.1816518830352843e7,2.5790895051065385e7,3.7567276600500084e7,99911.7971017648,1.9072766472219059e6,1.0201124462752481e6,7.210767108946948e7,4.75862675769426e7,7.357360105029323e6,5.178393596523963e6,5.697384742983537e7,8.131392274928305e7,2.7003697594972104e7,2.7390777509236634e7,6.907372896036218e7,6.924827443851704e6,5.564330778321084e7,5.581225813629464e6,1.978166264774912e7,1.0468165151357524e7,2.5386749826472145e7,7.585586801127742e7,3.1314167640715044e7,7.179945393868053e7,7.074326041149175e7,6.658635065604877e6,1.5011950362827107e7,1.721310967626553e7,9.200889564979692e7,3.219382068245912e7,1.0900220302899322e8,8.611061333336069e7,2.2817443084544905e7,5.79307410081765e7,1.5504696050195011e8,1.9738806128056116e7,1.916550677707598e7,2.006758216517582e7,8.064182897829557e6,7.416353075447838e6,1.0390303745883362e7,1.5427124095473267e7,8.580389043316063e6,782097.3868607271,748196.9654522337,1.3588009520467022e7,4.0212082477958556e6,2.7820926526094392e7,6.219521615310572e7,1.1746360492461806e7,1.1784941908939019e7,2.4350766488600527e6,1.0966146389122866e7,4.821739980502292e6,574374.9556592978,538967.0407416711,676899.6522223171,2.9101885014239345e6,1.6700270736022193e6,1.181322955958288e6,1.6215194317978462e6,903350.855162879,1.2571132362096934e6,1.2446158206376381e7,2.357500113985798e6,732636.4944532748,1.5123026680302685e6,7.714169826488335e6,395255.64150788623,5.656249112839609e6,9.015466835470455e6,1.1696877160248658e7,8.690895888987826e6,6.561628916936563e6,1.2340202231553067e6,6.139314540253733e6,2.9860978008263432e6,329951.55753527844,2.572242699304194e6,8.969651419892814e6,4.445947838166782e6,2.9792980819999717e7,1.5639364603618005e7,1.761906780883276e7,7.466206810495187e6,1.768844727133506e7,1.6740504632219031e7,1.8007755054879617e7,4.156854235012701e7,4.379292966811562e7,5.564198945543292e6,6.898346178100024e6,1.22321060460605e8,2.2796905032851093e7,7.626282795629791e6,9.397613663094802e6,5.278218010489236e6,4.425744748692926e7,4.574375975019308e7,2.1932993429586627e7,4.148385726446709e7,7.545967411650716e6,3.862674444300967e7,1.11563191158002e8,3.38267588443022e7,7.936173514965498e7,2.0776339956833344e7,1.476043804247398e7,4.441778700437712e6,2.669940201748654e7,1.1276136769987887e7,2.9564072627238274e7,1.2004062570999116e8,2.1671987143322524e8,7.826975915258126e7,1.7845526856600754e7,9.326998373614608e7,1.113671271044931e7,1.1904868877653894e6,2.1154970527085388e8,1.3594404189450014e8,1.3734062515192375e8,8.788717150579761e7,4.763158730375974e7,5.6099011590139076e7,2.1332798117867395e7,3.155771280780107e7,2.990019586641507e7,1.4614105892929882e7,1.04783601893417e7,3.3374600001015186e7,3.1635833643088758e7,1.7512505515381831e6
2.393737255066627e7,9.56456342617665e6,8.584318755651408e7,8.688617848913752e6,1.4500387369761612e7,3.9377557934559677e6,7.328179021072008e7,4.359692656710133e7,5.1876120523575276e7,6.12999596915718e7,4.1470358252251975e7,2.5917904024022188e7,3.9970568477327046e6,4.1600563551677264e7,2.3605432279957283e8,1.9120260313448444e8,2.937840530687308e8,3.354483125947749e7,5.570888226834629e7,1.5991934701753235e8,8.204916441291355e7,1.9717258214962576e7,2.108135775617312e7,9.58468932672973e7,5.769356355368515e7,1.5215625231111178e7,1.3122302146511773e7,9.358882365555149e6,1.2529887439832058e7,2.1574722024492636e7,2.553768976677937e7,3.725773901902989e7,98943.81320742898,1.892223100331293e6,1.0104750119478598e6,7.144988392866021e7,4.712354753817244e7,7.293952858251545e6,5.137472202439253e6,5.65012493267556e7,8.04037341163506e7,2.6720955248651862e7,2.7087038540438995e7,6.827167807230219e7,6.838082342245579e6,5.504531286548896e7,5.531222606014987e6,1.9557920315473728e7,1.0348688585611492e7,2.518453002246591e7,7.48138150631447e7,3.0884382016830552e7,7.089055141227156e7,6.980829002197474e7,6.570740427712551e6,1.4798540917611104e7,1.685615084462782e7,9.122760218091103e7,3.1997235307416793e7,1.0817073922669141e8,8.536730168330924e7,2.266803905458527e7,5.782092796522354e7,1.5458694310568002e8,1.957286607013983e7,1.88974882538924e7,1.9787823021880604e7,7.859060495373537e6,7.334884513268192e6,1.0295049302797534e7,1.5274658237042842e7,8.524541869412217e6,777474.009288394,744901.6167798077,1.3541677872605113e7,4.004567089016948e6,2.6896825211950123e7,6.008204077549353e7,1.155004183817368e7,1.1599070173796015e7,2.394496418784415e6,1.0412381591111893e7,4.850510222155325e6,575204.3236055771,534843.9346972761,729115.6796366654,2.457949616456086e6,1.8532310245358134e6,1.3457436905014885e6,1.3762731949693984e6,772434.5624343159,1.1324436975053449e6,1.1882448735501096e7,2.2375760403346475e6,674133.5416550068,1.4187097812696802e6,5.1423169014558755e6,340481.98891806055,5.9583479315101355e6,9.5624231176269e6,1.2424378252956964e7,8.506728701579126e6,5.573892053825894e6,1.0337001839218638e6,5.666626148361794e6,5.161418005046475e6,954743.4875449167,2.1524352339572352e6,8.90689765621369e6,4.441375879626483e6,2.8917022910319626e7,1.5046451763566475e7,1.748453697718821e7,6.843307508877768e6,1.7300339987278808e7,1.6364267198127775e7,1.782235599709192e7,4.116251580679296e7,4.3374102272010855e7,5.508102733189504e6,6.831462008037621e6,1.2098029997773348e8,2.2563207602007624e7,7.548637609515511e6,9.303082047835432e6,5.228230146484974e6,4.378714614038615e7,4.524512174354851e7,2.163322937104546e7,4.086263496271735e7,7.476012639431173e6,3.832421487216001e7,1.1010087313202578e8,3.337778927698039e7,7.833751570758939e7,2.052566444961047e7,1.4611028811057817e7,4.377736622488491e6,2.6496083096718054e7,1.1193755246450115e7,2.9340919590579648e7,1.1912755004780428e8,2.150118246328813e8,7.759109503243636e7,1.7667911889665406e7,9.24230438522281e7,1.1035590227664433e7,1.177560617137139e6,2.100910630876718e8,1.350155705397244e8,1.3643394459379146e8,8.728634115703133e7,4.730111279233517e7,5.571553240785008e7,2.117363163672509e7,3.1321063488968935e7,2.9665564493466765e7,1.4498448723775797e7,1.0395913070591569e7,3.3110567867863677e7,3.1368812107171085e7,1.7359034139305295e6
2.466263493263514e7,9.796995385259483e6,8.826923339600448e7,8.772695459941307e6,1.4656430966957668e7,3.9965922059533307e6,7.297992598501258e7,4.341334187831574e7,5.1840975778634705e7,6.046660844778599e7,4.0826856486895315e7,2.691492959998583e7,4.414065339109779e6,4.619998167011248e7,2.4906442578299356e8,2.0213605853931507e8,3.100426101765581e8,3.53427437083309e7,5.883850468889631e7,1.6799052090771723e8,8.627469918494618e7,2.068430163001354e7,2.2369625905366354e7,1.0178337638770953e8,6.1537732724985085e7,1.6440007506699823e7,1.400675564921212e7,1.0183742001666272e7,1.3443583750635613e7,2.299422285325731e7,2.7031143491114605e7,3.8905226703465864e7,99787.19636850264,1.9639514887559027e6,1.0490939125082546e6,7.258696751655774e7,4.836100871960938e7,7.5219391366574755e6,5.269127816936487e6,5.762204499124487e7,8.320787438436587e7,2.710545469044162e7,2.7612347639026795e7,6.881674423627962e7,6.7942849792469125e6,5.53912142275781e7,5.392784073520225e6,1.902848525665574e7,1.0094435930560695e7,2.4576538947042007e7,7.731944291129649e7,3.1872197584886078e7,7.237544321186523e7,7.153587423683466e7,7.033059974271928e6,1.5447908346351512e7,1.856223816744159e7,1.1151483737799117e8,3.863469645459953e7,1.3116585336689508e8,1.0649108378725484e8,2.6538479793327253e7,6.792693973388284e7,1.832343891123896e8,2.2572404030710008e7,2.1807464334097326e7,2.3863958433581848e7,1.0006018317581438e7,8.216085086212668e6,1.1513388348530753e7,1.677294229680164e7,9.238872978569e6,868902.8458302008,833141.8947262795,1.5136373538334208e7,4.425457307096867e6,3.14038379928591e7,7.022514108302648e7,1.045263204294132e7,1.0398043752086844e7,2.1282617687715245e6,1.6039661495647246e7,8.722946200918145e6,855346.534029173,502146.9451450583,1.2830015816653678e6,1.1487677429201996e7,5.2301684279182255e6,4.0352970704481783e6,2.6625493858918417e6,1.517043857000634e6,1.605295110648045e6,6.740886468790509e6,1.831087853423454e6,779481.6606278385,1.403099630982183e6,2.413129757323331e7,762933.7295045583,1.0322268833941502e7,2.001342206155749e7,2.2651547640093274e7,1.5211139927241717e7,1.3370868392754136e7,2.8386297828446296e6,1.8328141631315645e7,2.982807475510335e7,9.133634562107585e6,2.4435417651518658e7,1.5803171700654991e6,1.642671249314012e6,2.041125264361231e7,9.01801846295189e6,9.984608555057883e6,6.294948995859469e6,1.3365131772329673e7,1.2598473029960766e7,1.3402003678316357e7,3.3173415204963434e7,3.544925890259702e7,4.417107990713289e6,5.521258763192907e6,9.907707671690948e7,1.843871645490084e7,6.194225232740884e6,7.663183309742506e6,4.338863275411208e6,3.440690392037794e7,3.59151173646187e7,1.7883073068789806e7,3.303198142382274e7,6.346016695731179e6,3.433274670078197e7,9.353179543113308e7,2.8388705369867746e7,6.635354901925161e7,1.7886913378537886e7,1.3070221723672098e7,3.9079410260044714e6,2.5041227869303253e7,1.0563149070178773e7,2.773569440349596e7,1.1189170446708035e8,2.0001335797494072e8,7.118070027832636e7,1.630250276573726e7,8.708863270873107e7,1.0621097035834393e7,1.1393965369685553e6,2.0104317648395157e8,1.2916458140751861e8,1.3089091434759413e8,8.337815439669453e7,4.515162584307637e7,5.3047328143776946e7,2.005526532123791e7,3.0191889684146482e7,2.8437060692456562e7,1.4112152753024321e7,1.0105533920741372e7,3.2228429778510764e7,3.0213929927820165e7,1.6864718364045343e6
2.5192434579131212e7,9.976346961284772e6,9.014544998225966e7,8.883061687405966e6,1.4847166631883813e7,4.0530475143240327e6,7.328489681621353e7,4.362728064243854e7,5.223067008286696e7,6.043652847830858e7,4.0719105101747505e7,2.7638501499876164e7,4.6621149132746365e6,4.894597309568103e7,2.581046853483514e8,2.0967575856237867e8,3.213414781287242e8,3.6606742057842545e7,6.103602533936287e7,1.7371485484070262e8,8.924144642453913e7,2.1352836437379535e7,2.324043114197924e7,1.0580320817510161e8,6.408573431440962e7,1.7251981709773604e7,1.4607361034765307e7,1.0741013694132524e7,1.40828315253338e7,2.402636024427126e7,2.810709830260951e7,4.010414473035693e7,101123.33213182175,2.0172741205199515e6,1.0795366834343409e6,7.380167375778238e7,4.947530852919656e7,7.70554937344705e6,5.3777257705644285e6,5.8653766218609855e7,8.56563620417044e7,2.758294457134498e7,2.819603565394817e7,6.989902967240597e7,6.857019219780319e6,5.614297511159466e7,5.356601451973376e6,1.894399771797125e7,1.0065919801003328e7,2.4392638305423662e7,7.981664226549831e7,3.2876498309808e7,7.412635341213873e7,7.346828056817754e7,7.382921054043034e6,1.603874419188473e7,1.9955627903857622e7,1.2381857672695453e8,4.261650884352485e7,1.4506953717939058e8,1.1924713780209862e8,2.8885385696432903e7,7.387983733012924e7,2.0018425526910725e8,2.4431671735556558e7,2.372393205057671e7,2.6451849132820662e7,1.1452348225617487e7,8.79289587258271e6,1.2292399004535174e7,1.7763163573301964e7,9.692913106650341e6,925113.0694791989,886531.0024998145,1.609249768893395e7,4.680680253551261e6,3.529080394119356e7,7.906026203367081e7,1.0096077608520033e7,9.961325163917378e6,2.0336549863394848e6,3.151750539592419e7,1.6533044772539673e7,1.6799919495588734e6,1.10396729173177e6,2.3765299260909664e6,1.9644778008143894e7,9.157844028081259e6,6.995281251693482e6,4.8306800146751525e6,2.7736107418834018e6,3.1330689226071313e6,1.7020570423085436e7,4.1545825406920244e6,1.5939990352215401e6,3.0103235880284277e6,3.908988711889416e7,1.3914013657937553e6,1.2987133116969924e7,2.6286598074546814e7,2.8932819973187722e7,1.9198391359326888e7,1.9122062839526407e7,4.0859797247204133e6,2.5829027408044133e7,4.533943885535895e7,1.4387675743630266e7,3.872300450537457e7,5.220461157656297e6,260250.98968182848,1.8703656511711866e7,9.325672560109433e6,5.913939554043875e6,9.30751819340954e6,1.2014993939927923e7,1.1341590688234136e7,1.1110070264373919e7,2.904557037301136e7,3.1355174911249686e7,3.85632672018646e6,4.843850642247686e6,8.812457704902762e7,1.6339804707588805e7,5.504979247988206e6,6.82761563820551e6,3.8810903461439833e6,2.961539190864468e7,3.1190840140878107e7,1.6153503943394722e7,2.951758467300613e7,5.767876808906516e6,3.2297409633144725e7,8.592860731376055e7,2.6114861226232894e7,6.080198696460423e7,1.6667889684651157e7,1.2336335164675498e7,3.720647707421123e6,2.437026176646707e7,1.0266195464135092e7,2.699352895391986e7,1.0847676057531995e8,1.9282113202705333e8,6.810372558588707e7,1.5689721201646378e7,8.478332408589636e7,1.0472079205734486e7,1.1299547895372596e6,1.9696260575538474e8,1.265110616761115e8,1.2838576563944547e8,8.159130729463416e7,4.41708438343243e7,5.180716105415518e7,1.9540257245553e7,2.9731970060242113e7,2.792329338127778e7,1.3984624233185759e7,1.0005851214024074e7,3.193710389348864e7,2.9776785954095528e7,1.6712623228911392e6
2.3394965208808895e7,9.227674370730838e6,8.265355180795185e7,7.911910326696881e6,1.3259432436675077e7,3.6833200558251115e6,6.525747615896287e7,3.846230905272375e7,4.582669421495499e7,5.299810178596787e7,3.61308204141384e7,2.5419038517164554e7,4.664505746529088e6,4.8809121772315204e7,2.372629996649642e8,1.93077481034948e8,2.953242765886356e8,3.352668785617381e7,5.5807760323745534e7,1.589799607687928e8,8.192975152891333e7,1.9771541279927157e7,2.1539716433261674e7,9.792840664040825e7,5.97882664573666e7,1.5994068644281905e7,1.3457876367596246e7,9.828370100241765e6,1.2747505248166248e7,2.1472333659889154e7,2.5371148187130336e7,3.658465502257387e7,88503.74469962607,1.8417241321301486e6,966476.7388185188,6.542729659535302e7,4.379500442428033e7,6.943007349970029e6,4.875556590795656e6,5.272057001245377e7,7.481244918129627e7,2.397097603726382e7,2.4381963777927723e7,5.947424492289369e7,5.685928452089833e6,4.831190447089155e7,4.636142574273423e6,1.574002763433996e7,8.366432728720277e6,2.147068072978369e7,6.736479190007304e7,2.7715841524138022e7,6.280181865884321e7,6.1970226081088446e7,6.462058303318247e6,1.3575486186496846e7,1.6586101165949091e7,1.2307313553220223e8,4.281267408607024e7,1.444712282307227e8,1.1964421972583629e8,2.850320267308356e7,7.574033257491328e7,2.0420730950461826e8,2.3559151104748037e7,2.183901901632596e7,2.5118090959335804e7,1.0558241902051572e7,8.14127101836691e6,1.1567004648032164e7,1.6411150263135035e7,9.206309684812311e6,897503.5514346245,872702.1793238966,1.5986207440670628e7,4.596052161345344e6,2.85489189069951e7,6.3761840589788325e7,6.942614423704474e6,6.921625078927407e6,1.3636268218043959e6,5.100775094636549e7,2.7163981783521175e7,2.8179107848873944e6,1.956130696074359e6,4.002338724140938e6,2.9303387426351007e7,1.4584914417761087e7,1.1094285171737026e7,6.999776360164352e6,4.074922253061485e6,4.812366046719008e6,2.974956654023674e7,7.010887495280256e6,2.517775580806745e6,4.927694091206544e6,5.295232588315037e7,2.0835329203169008e6,1.6972012665746726e7,3.447843627409928e7,3.828276420398058e7,2.1578958985321373e7,2.1948848231475554e7,4.82946647019108e6,3.2362876289285935e7,6.519291038960443e7,2.092785126098693e7,5.472547006921996e7,1.4080311913505211e7,4.059858738605316e6,5.46416420631166e6,6.15310895721456e6,9.160534472867258e6,9.54513026630972e6,4.585140850600634e6,4.101703797629918e6,8.3252826095356755e6,2.2244551470080465e7,2.4280346819503315e7,2.9153396195173375e6,3.7220220240957574e6,6.5005817384690896e7,1.2350833146860123e7,4.178168758125328e6,5.212009852640448e6,3.0302240423616124e6,2.181220870108987e7,2.276910746423783e7,1.0865610510749495e7,1.8390352142007623e7,4.573243737641755e6,2.724556852954261e7,6.053347072708697e7,1.8320800972189542e7,4.299397946238551e7,1.2401989206851842e7,9.850859344871173e6,2.6629126176789436e6,2.12049236129026e7,8.977164704507543e6,2.351917591729222e7,9.409869032824448e7,1.6553866708000976e8,5.709001498025863e7,1.2847883298808705e7,7.164412674771084e7,8.970174733570622e6,942027.9413988896,1.7470825024889e8,1.1232949306513345e8,1.1459957308338071e8,7.238444232880679e7,3.9103185773974985e7,4.58899798512004e7,1.7070142427883413e7,2.6196446640193895e7,2.438108359482124e7,1.2301812855783135e7,8.801876397555383e6,2.8095391848165777e7,2.580344457798838e7,1.4479434278368931e6
2.3668238803551484e7,9.37034401753705e6,8.400907138802564e7,8.179498324514133e6,1.3689898425308494e7,3.775649064528887e6,6.790329772088048e7,4.014959042646107e7,4.78277536752068e7,5.566662621743045e7,3.784042764915107e7,2.570026727426504e7,4.493433010427135e6,4.6962486580739506e7,2.382361220992008e8,1.9361019962410238e8,2.9652611031264096e8,3.371974275788222e7,5.609272227894407e7,1.6014116060393587e8,8.242050752455065e7,1.9863190619242262e7,2.1526126458446e7,9.786887289382814e7,5.951034226782776e7,1.5856738462929573e7,1.3435758625383275e7,9.74443638503257e6,1.2753989825700607e7,2.1618727398750715e7,2.5562233905580904e7,3.6983763356374204e7,92031.04024702095,1.8664715452418227e6,984744.9196425687,6.753887370969291e7,4.501099930438536e7,7.083524863205851e6,4.977744678299603e6,5.4102595419612356e7,7.68630635101205e7,2.4907460457995735e7,2.5308656063275717e7,6.237613591312439e7,6.054112452950232e6,5.054588144021759e7,4.91786838905285e6,1.6937328792625096e7,8.989678937360294e6,2.2639163645475723e7,6.988156855429974e7,2.8782276008478645e7,6.5507598627462424e7,6.4589020702811316e7,6.524669255431645e6,1.3996987444414852e7,1.6636175213561084e7,1.143507012859908e8,3.9881328885667495e7,1.3458992616459286e8,1.1016695593842386e8,2.695441259142199e7,7.093138774965608e7,1.908673227896538e8,2.2519022418469667e7,2.1051436101559136e7,2.362964354882083e7,9.6974940900161e6,7.945967487035885e6,1.1257765910752919e7,1.616787713061659e7,9.058673685603384e6,867510.4044570309,840240.0811796662,1.5359620150238855e7,4.448423807582785e6,2.739907592623111e7,6.108395743906461e7,8.325835542764381e6,8.321826226935655e6,1.671646193177668e6,3.376431713838637e7,1.8378488649369992e7,1.890074162784205e6,1.2807498107554873e6,2.7492486251367196e6,2.027467150749613e7,1.013542268786788e7,7.737519556976445e6,4.595988304952829e6,2.6828731328852265e6,3.1088866585572483e6,1.8082066713504784e7,4.408706694707226e6,1.606403292736339e6,3.129947662312753e6,3.675299766580943e7,1.3886310981318804e6,1.3816441003443599e7,2.737767340681717e7,3.0863413169315048e7,1.774987294721133e7,1.6099930384009073e7,3.5515567581845657e6,2.4515808752822965e7,4.778377664576882e7,1.5068454841355838e7,3.905790566373038e7,8.532821699476097e6,2.7765372252660957e6,8.439826889622558e6,1.4674389061594093e6,8.61417963556517e6,5.418198665213354e6,8.281493428781632e6,7.671821873600694e6,1.056003690094829e7,2.7183328262928713e7,2.9335220490697816e7,3.5918861618532236e6,4.535683774226923e6,8.021425639532873e7,1.5087245786046501e7,5.084491473880848e6,6.314617704259292e6,3.6217104163020076e6,2.7445756905901406e7,2.864540483316201e7,1.392023899000057e7,2.4741157631713774e7,5.370904143873615e6,3.0389622852836665e7,7.479799340241492e7,2.2663551138731163e7,5.312592658277087e7,1.4759617638196783e7,1.1235534946455477e7,3.173983682895664e6,2.278994253634617e7,9.637988078788303e6,2.5262527541205276e7,1.0154060265678892e8,1.801316012211122e8,6.310074521636989e7,1.4283306525033299e7,7.791662798591988e7,9.60873256047557e6,1.0154917400510615e6,1.8541729834626052e8,1.1918862608887002e8,1.2121593289993472e8,7.68801686903066e7,4.157626580663861e7,4.884017302194898e7,1.830105020954517e7,2.7772370764838833e7,2.5996470935884792e7,1.2989665299928887e7,9.29980327227751e6,2.9665828327750355e7,2.752157710539923e7,1.5380554455247049e6
2.5295422689149015e7,9.974357887818208e6,9.023117237263036e7,8.752664082854686e6,1.4644618145576483e7,4.017920769465588e6,7.152313028817132e7,4.252397271214956e7,5.100974611845939e7,5.847066773433591e7,3.9394977032516375e7,2.7847157910730015e7,4.9284674549766015e6,5.184708496604367e7,2.6252385012889266e8,2.1355888696619114e8,3.2687436157992256e8,3.718394938285554e7,6.2074502291412085e7,1.76126378144906e8,9.05706001172109e7,2.1666516185895216e7,2.374257432252883e7,1.0811734942135423e8,6.5724773735093385e7,1.7804609788633402e7,1.4961321676300017e7,1.1110147951987121e7,1.4435992647041168e7,2.4502217927043732e7,2.8578013275454298e7,4.0498404163754664e7,99365.56618437392,2.0297851473292592e6,1.08381621889184e6,7.298055601178858e7,4.924454758236358e7,7.709253518245243e6,5.365792367687813e6,5.824495678434677e7,8.560625136352803e7,2.7192245920980453e7,2.7876865394126393e7,6.848381258964053e7,6.637000648255429e6,5.499237642068669e7,5.129736675035178e6,1.8045582355701517e7,9.608160349528877e6,2.342164591095468e7,7.950388981763038e7,3.27138400377511e7,7.32485860542356e7,7.276195269832127e7,7.534686481215785e6,1.6083400381129535e7,2.067654505163751e7,1.3653536475030857e8,4.6852344795701355e7,1.5952186801463187e8,1.326786707380256e8,3.126920194550153e7,8.06613138823723e7,2.1911666890268856e8,2.6182443798963558e7,2.529681483827645e7,2.884728238139701e7,1.2753910514129162e7,9.245924501380447e6,1.2940536594465623e7,1.8483913841425177e7,1.0054833540929101e7,977980.9412355877,939917.1057770432,1.7085650286456853e7,4.931682208047497e6,3.797896431717984e7,8.519076300911167e7,8.973359901740693e6,8.759555106746139e6,1.773709426990051e6,5.0290277532972276e7,2.63060108681681e7,2.7116394638564046e6,1.8532326199519553e6,3.7963605416465164e6,2.9572686151041713e7,1.41618323815581e7,1.077584168531669e7,7.339965402006464e6,4.2367385777750965e6,4.921531467272147e6,2.9160044092895303e7,6.90863506335078e6,2.5497283425618117e6,4.910300043845981e6,5.642611732969995e7,2.1337585026584915e6,1.6740497837507293e7,3.463999462583656e7,3.772936358218317e7,2.3769591011268385e7,2.5374684958550997e7,5.467535581795065e6,3.468013671103974e7,6.513110825397183e7,2.0982864554271415e7,5.6099788600299865e7,1.1677364259626655e7,2.1763686084947633e6,1.5530733970424738e7,1.0647463450948035e7,2.505752178724052e6,1.2618844354152963e7,9.167861725860381e6,8.679164524137354e6,7.426509721946019e6,2.2203436398311626e7,2.4523436998674277e7,2.9220336276825876e6,3.720653244713002e6,6.898997968261142e7,1.2761082839220751e7,4.327152452121213e6,5.39921508630893e6,3.106948622778684e6,2.163874612041732e7,2.320262845584402e7,1.2827952264211856e7,2.274214266508172e7,4.767781638230451e6,2.8600372023267753e7,7.081520636494711e7,2.1556256842587274e7,4.991268229400533e7,1.4188863325920714e7,1.0851346645806061e7,3.2547262526464663e6,2.2775809349367145e7,9.588407029651655e6,2.5236261542274825e7,1.0080578469201049e8,1.7744282654392987e8,6.170523616190667e7,1.4262864703922084e7,7.877221001603821e7,9.916475391578844e6,1.0719406098017467e6,1.8645030071767223e8,1.1974875616965596e8,1.2188987563728034e8,7.71274767548448e7,4.1718217569987126e7,4.8832454557768956e7,1.830509530858109e7,2.828312538348445e7,2.641463016962259e7,1.3400759171067268e7,9.578415159783214e6,3.060394294661844e7,2.825028032273301e7,1.5963014219432187e6
2.325521618795005e7,9.251333013392815e6,8.271548702473202e7,8.185358263343756e6,1.3685704773975989e7,3.75853234562188e6,6.873806583970451e7,4.067076067225164e7,4.831638627019189e7,5.6861695196116954e7,3.8684598532674074e7,2.510089243807056e7,4.183468578178377e6,4.354649768039321e7,2.2970626247526374e8,1.8637957910946873e8,2.858598115374304e8,3.2551525192425482e7,5.404171643350101e7,1.54969726570617e8,7.969235569219145e7,1.9239430694861144e7,2.065954265366122e7,9.387060647430448e7,5.687676313091638e7,1.4998349165983526e7,1.2833410709766345e7,9.16020848896221e6,1.2127192920854308e7,2.0666697338199653e7,2.4582883923080508e7,3.5966146771708995e7,92258.01513434807,1.8240969995469311e6,962536.2856428968,6.725182356959459e7,4.4439003670881696e7,6.961803909838585e6,4.9133961752513535e6,5.367059258362034e7,7.535945546922143e7,2.4850934909984447e7,2.514664108854433e7,6.262428088887246e7,6.163266575612811e6,5.080263359309242e7,5.078369183553034e6,1.7572550177812524e7,9.30508510262409e6,2.33298305057289e7,6.85967975804522e7,2.8290925511706218e7,6.502414544115418e7,6.3898222672789395e7,6.209825663917372e6,1.3613765163177988e7,1.532440539517151e7,9.887587209444495e7,3.484785209646685e7,1.1710355643676372e8,9.399893442087184e7,2.4041080475818284e7,6.3296516526104674e7,1.6922308834118348e8,2.02721863287917e7,1.883902186908453e7,2.04786759507258e7,7.916328749166796e6,7.296947505790485e6,1.036338917743347e7,1.5090763462840375e7,8.550283631868448e6,800184.1400586466,774943.7126035235,1.4175480576295162e7,4.1389109691551877e6,2.32164459989617e7,5.156267309471603e7,9.412672154581454e6,9.490190658003155e6,1.9308070548578713e6,2.033245834458725e7,1.161349591247718e7,1.2051159911800567e6,840545.3927722172,1.8210267358286765e6,1.2025354709992433e7,6.487256057783039e6,4.964427139772833e6,2.3617581380307632e6,1.414081509687471e6,1.6921236036086052e6,1.1309945323068198e7,2.654814934350999e6,895607.8153040883,1.8242961818986656e6,1.962631791011925e7,768546.1990333461,1.0565884471045874e7,1.984412437449641e7,2.3291499439231195e7,1.2593736072638985e7,8.445405956883552e6,1.9308857151519412e6,1.528285532797748e7,3.0993046918711536e7,9.491520655635873e6,2.3438352203939334e7,7.858866865978706e6,3.656313256213579e6,1.7274558574521337e7,7.148930751730484e6,1.3470183594286881e7,2.8990548943102346e6,1.2106623225820778e7,1.1348809915003773e7,1.4211010337652585e7,3.393410497919135e7,3.6053497865825035e7,4.516316837247328e6,5.642974601472264e6,9.920812898711507e7,1.862176513676915e7,6.24614216153875e6,7.721003589197265e6,4.380123583934375e6,3.539052673459935e7,3.6617009373578794e7,1.731227852557635e7,3.187869907193309e7,6.342772200127245e6,3.386530977193918e7,8.987107632409316e7,2.7214709628027126e7,6.398255749353142e7,1.716341874388706e7,1.262856539104676e7,3.6229443265447756e6,2.4156424079521883e7,1.0223707745780483e7,2.676873225095505e7,1.0823374363334107e8,1.938237525103075e8,6.891727609573345e7,1.5561487006833006e7,8.30476636443873e7,1.0041890916419394e7,1.0585431101960477e6,1.941058257946162e8,1.247908012027583e8,1.2654987812656495e8,8.060160188316278e7,4.36235111728346e7,5.135234188172361e7,1.935405644216659e7,2.8914499428304926e7,2.7215798055186916e7,1.3415599992767079e7,9.615465021562694e6,3.0638411417653307e7,2.871470881490506e7,1.5929606443944306e6
2.3273700761960287e7,9.133132611797405e6,8.184960779478283e7,7.670689160601736e6,1.2875114993113602e7,3.604472499091517e6,6.256723069786871e7,3.676649518029788e7,4.387840701152414e7,5.017909320276501e7,3.42819055287104e7,2.536916399216605e7,4.918723447210197e6,5.158635853755411e7,2.394694554961682e8,1.952043864743537e8,2.9810346967750734e8,3.3780938988346584e7,5.63138017274654e7,1.5982057645068598e8,8.247002070567638e7,1.9902962700330943e7,2.1858895149701346e7,9.940891948827362e7,6.096055285710644e7,1.6433886031975882e7,1.3699598379775068e7,1.0132860537657466e7,1.2993683419967597e7,2.1745230654203363e7,2.559008912033336e7,3.659601448111978e7,85352.21355339658,1.8344394748695346e6,959095.8162794849,6.367685945446383e7,4.296417828404091e7,6.862880902127243e6,4.805951362062462e6,5.163687375295325e7,7.373438717554569e7,2.3197406475924067e7,2.3675106342247546e7,5.697879224100578e7,5.342373579538251e6,4.63202854271336e7,4.327008277859567e6,1.4475625948434394e7,7.7156129718727665e6,2.016973503703819e7,6.603797684178445e7,2.712834728970719e7,6.086452495643986e7,6.0242111220674366e7,6.556149566946297e6,1.3440977580642112e7,1.7350414731014527e7,1.3644024951843387e8,4.719956799794312e7,1.595435122734496e8,1.3392048643087313e8,3.0914853255658604e7,8.260835679234135e7,2.234918811475453e8,2.5305737965526946e7,2.3455582710845333e7,2.768539636716585e7,1.2111039648628099e7,8.5703904102511e6,1.217668201947755e7,1.7042709948496174e7,9.51371686143631e6,947613.4464119768,923781.8102890259,1.6941263231702816e7,4.8313918718905505e6,3.237732566180042e7,7.26018613352956e7,5.405487136343644e6,5.308559836476958e6,1.0105631164621803e6,7.23003170367298e7,3.799004015109282e7,3.9594540163699347e6,2.784528129371828e6,5.54219217857497e6,4.056239947408713e7,2.0079897200590733e7,1.5241057699216627e7,1.0015139516991958e7,5.8168917282263655e6,6.929308317775045e6,4.407592354979786e7,1.0213369376198916e7,3.6463280587034095e6,7.14570677061245e6,7.357851357260615e7,2.9503353380742664e6,2.0939048835902654e7,4.3463125607604295e7,4.759866014319012e7,2.6799259388049666e7,2.9885582975815844e7,6.538246935637237e6,4.256561434470903e7,8.696549827458552e7,2.8250837170026284e7,7.444259216147156e7,2.0962679286077015e7,5.929784196516354e6,1.0425181122473586e7,1.372779091541358e7,1.2294979667389372e7,1.5209987453304458e7,2.24768077561917e6,524321.9066054154,6.2040618207917325e6,1.6326865399956122e7,1.8104003114703313e7,2.109957207480885e6,2.74293840411369e6,4.625051685364152e7,8.99555235037283e6,3.062133108030619e6,3.849725481865053e6,2.2960924620198724e6,1.5378558761860618e7,1.5870641472407242e7,7.048995298978233e6,1.0514404654871726e7,3.570335389059262e6,2.328387431651699e7,4.2712615035311304e7,1.2901210782770598e7,3.0317887167886324e7,9.471581740889361e6,8.132924847320309e6,2.0568297261308942e6,1.9297657910111707e7,8.176963352565155e6,2.1420193477908447e7,8.506305354499947e7,1.4766769762560707e8,4.9685844550308295e7,1.1115177103953425e7,6.420943900910014e7,8.244745093573221e6,862344.5503562764,1.6196494912240514e8,1.0415523408164519e8,1.067311021291954e8,6.701227439848556e7,3.6148568481684625e7,4.234435329525538e7,1.5591006545111837e7,2.4366933378691085e7,2.2492542647052992e7,1.1529078416274615e7,8.239848766558269e6,2.633108352160307e7,2.383479022574641e7,1.347611490872255e6
2.325812509788433e7,9.13063685433638e6,8.181099495335485e7,7.677986146901687e6,1.2886157418902006e7,3.6061261163713145e6,6.2692269758879974e7,3.684319367318065e7,4.395879965652402e7,5.032455598114796e7,3.438243170177974e7,2.534064920182837e7,4.895983731875813e6,5.133596107224198e7,2.389600469216906e8,1.9476567563744706e8,2.974652907708048e8,3.3712034985298134e7,5.6190085756344095e7,1.595246850385375e8,8.23122767048998e7,1.9867632962671794e7,2.1804925156453244e7,9.915873910675944e7,6.07915632894223e7,1.6375817041822447e7,1.3660767705673695e7,1.0092031509295482e7,1.295155772914832e7,2.1682095552061748e7,2.5529213038120296e7,3.654234759640084e7,85446.3674504139,1.8324754149825328e6,958054.0045451672,6.3708941015570775e7,4.295311111780583e7,6.858663895972602e6,4.804743624870989e6,5.1646043702166595e7,7.366541626815204e7,2.321220868544774e7,2.3680402754347995e7,5.704347653068362e7,5.355211957140212e6,4.638067446801786e7,4.344439835518637e6,1.4541558361073019e7,7.7486932635312e6,2.0245259600847654e7,6.5962396668135315e7,2.7100373835997596e7,6.086291946016167e7,6.0218053238216e7,6.53363762521819e6,1.3414533004196538e7,1.723048523544408e7,1.352582160390725e8,4.6816506732900694e7,1.582116920576366e8,1.3267863456274879e8,3.0696279909508757e7,8.20261725435876e7,2.2184395568634623e8,2.513858703457309e7,2.328547869933241e7,2.7441724987791386e7,1.1964966442777412e7,8.52266139707593e6,1.2111811736595523e7,1.6966303879007086e7,9.479016771220138e6,942745.727023728,919024.547450995,1.685444761482372e7,4.80911678967368e6,3.1947821348173108e7,7.161565954517177e7,5.494179323760874e6,5.408366558752518e6,1.0321221896320481e6,7.077072606674628e7,3.721455698945766e7,3.877869921582333e6,2.725636480437352e6,5.432375513628902e6,3.974467311470478e7,1.96851573908318e7,1.4943052414294854e7,9.79510849190902e6,5.690037044101337e6,6.776155606096412e6,4.3054846701958545e7,9.98429977338615e6,3.564984316707678e6,6.986519928523776e6,7.205375728456236e7,2.887385936046552e6,2.064757942874617e7,4.27990373566685e7,4.6915332386438325e7,2.6388766780255333e7,2.9273512970704086e7,6.407457821005108e6,4.179627243411313e7,8.537842693730566e7,2.771755197556065e7,7.299752338380554e7,2.048500951917426e7,5.802752087832992e6,9.668073357564488e6,1.3183636482648449e7,1.2066529971883442e7,1.4780899545605e7,2.24768077561917e6,524321.9066054154,6.364253707952525e6,1.6804009019455258e7,1.8601006845756512e7,2.1747242900284734e6,2.821898189776602e6,4.773644194760611e7,9.263602463299248e6,3.151177295201015e6,3.958328866055603e6,2.354738522995105e6,1.5890857232437115e7,1.6420634021648018e7,7.340318964528013e6,1.1119940812328085e7,3.6492062114341566e6,2.3582952862504665e7,4.403627304028779e7,1.330189261356487e7,3.126652068197548e7,9.68488282928535e6,8.2572860291965455e6,2.096558828050605e6,1.942718177613842e7,8.231999177503654e6,2.156290196761087e7,8.568774996214867e7,1.4892494160184515e8,5.021310344938147e7,1.1233416112439163e7,6.469933509814113e7,8.288733272763697e6,866746.5974616747,1.6281168321739888e8,1.0469999187506656e8,1.0725333143896425e8,6.737220909626132e7,3.634644375988179e7,4.2584629988116995e7,1.5691191054381507e7,2.4482675566836327e7,2.2613712294503186e7,1.1574799276444305e7,8.273432363862089e6,2.6435482618597277e7,2.3956173969595652e7,1.3534460595363232e6
2.51815442484803e7,9.845431096688073e6,8.922052975427048e7,8.375756532648619e6,1.4045556899213748e7,3.8959470869014696e6,6.708499886476628e7,3.976132968645712e7,4.789282601475147e7,5.378528281185886e7,3.626019302755415e7,2.7892496727731712e7,5.400733129711785e6,5.698726899348537e7,2.677629125128996e8,2.1839458248767453e8,3.334572451246447e8,3.782844846040267e7,6.329905678619486e7,1.7853911561795393e8,9.199041316989747e7,2.20017497862876e7,2.4421238562846202e7,1.1126007982701646e8,6.81013108448028e7,1.8663417377785843e7,1.5462855446281588e7,1.1698838704572868e7,1.4948883511186402e7,2.5134047601772353e7,2.9132342326880734e7,4.073495136423568e7,94525.40987065849,2.02739292741992e6,1.0776745534808845e6,7.035870188563915e7,4.812066013885172e7,7.612246781135535e6,5.27035115397657e6,5.664920740053884e7,8.440116164653142e7,2.605268665453052e7,2.6878957539425418e7,6.479864971725244e7,6.120885127193032e6,5.197595969193807e7,4.61025977636371e6,1.6024581411391435e7,8.573802170106025e6,2.119303207029834e7,7.804313286687423e7,3.2045062681699064e7,7.064163942167251e7,7.054635670088299e7,7.751602887333793e6,1.601120628800432e7,2.2097457810804665e7,1.6007064257475275e8,5.465235878028756e7,1.861753425040268e8,1.577080338155692e8,3.559146934638616e7,9.311081414848655e7,2.5388025044381586e8,2.9317885096183047e7,2.8156490733681567e7,3.3305559893053897e7,1.5327676321945773e7,1.003041204525693e7,1.405815662691443e7,1.967413654799121e7,1.0640666811334431e7,1.0700705206439565e6,1.0338859080274049e6,1.8845521080192413e7,5.368151077264007e6,4.409151212692102e7,9.923687759997383e7,6.824281733207803e6,6.413318346109627e6,1.2817406540017019e6,8.80350863704624e7,4.573679487504346e7,4.765461551390353e6,3.35182123169553e6,6.597456285736936e6,4.9370741416960575e7,2.4043343243696865e7,1.823512392085331e7,1.250150595195038e7,7.233516053903899e6,8.590571769794839e6,5.441904477518014e7,1.2557236912904885e7,4.514002781842907e6,8.802994064793667e6,9.158863510281865e7,3.6393602380000474e6,2.3993090327392425e7,5.0798841560467444e7,5.473639408757146e7,3.2681366047990084e7,3.833190746579234e7,8.293448812828257e6,5.218480659901731e7,1.0392544091573165e8,3.397197267274922e7,9.058401043272889e7,2.482920753168166e7,6.47666924130554e6,2.2358851594265196e7,2.0676499290072266e7,1.1764245937130995e7,2.108872701484334e7,7.328172730558862e6,7.2514081519469265e6,1.0399818185923658e6,8.352993734776485e6,1.0681794454415672e7,1.0274628006285914e6,1.4473572989548247e6,3.003339370502545e7,5.476227184520813e6,1.9284587257795916e6,2.489717152951491e6,1.53417952164765e6,5.485963209341629e6,7.022619713376799e6,6.320971901959809e6,1.043415186523952e7,2.726987200340551e6,2.099004247937118e7,4.0454880063052036e7,1.2420382577117886e7,2.7990822578641526e7,9.099430127178892e6,7.753246240501678e6,2.3195668195291064e6,1.9345852087613557e7,8.137123792284355e6,2.145706109784904e7,8.443052641111416e7,1.4487157505017456e8,4.823429364600129e7,1.1234387055442566e7,6.579030381583078e7,8.680050541180657e6,942349.2628727383,1.635446406213933e8,1.0503119555306043e8,1.0771023214122644e8,6.743767779590237e7,3.63951922525185e7,4.241055030593479e7,1.5643479549428351e7,2.5065111439311933e7,2.3093083700383645e7,1.2070673720304647e7,8.60829586813895e6,2.756691868024382e7,2.48513243795752e7,1.4261714022097727e6
2.516648860249668e7,9.787946896377906e6,8.887641701862729e7,8.184788581121264e6,1.374250616495129e7,3.8333911394400974e6,6.46272829271514e7,3.826557233526004e7,4.625946543931899e7,5.117767328877195e7,3.446767793359367e7,2.8014317867754556e7,5.692684422139598e6,6.018340608785835e7,2.7213689483998996e8,2.2229612398560402e8,3.389520493184769e8,3.8398186073533885e7,6.436215986484698e7,1.808232504148777e8,9.325267849096079e7,2.228081452542323e7,2.4932515954359964e7,1.1363934658476844e8,6.980338203821236e7,1.928169138739366e7,1.5844770587853035e7,1.2138531274097644e7,1.5368941935469082e7,2.5726901803857658e7,2.9660998916669063e7,4.1061725073294014e7,92200.43855790042,2.034064849038866e6,1.08049947994088e6,6.915527599178372e7,4.775190434729645e7,7.590397831160958e6,5.232750061405851e6,5.592448211458819e7,8.442879862258711e7,2.55678957641981e7,2.6517929490331184e7,6.324699021100767e7,5.891786014759526e6,5.05941487153384e7,4.317797176149738e6,1.4976382008566659e7,8.043285178667805e6,1.990755608538988e7,7.827551537079103e7,3.2100755825183842e7,6.994372241440108e7,7.016404863341662e7,7.972706978670406e6,1.6203628715925943e7,2.346039352231968e7,1.7525775015534666e8,5.961990368750827e7,2.0330591858823702e8,1.7380824499892658e8,3.8365704678442255e7,1.0084743697620958e8,2.7562282480277145e8,3.1378593748430286e7,3.0182299209601913e7,3.632349552996048e7,1.7139583641506508e7,1.0583595749082685e7,1.4819443168343468e7,2.0526579844323725e7,1.103109988712588e7,1.1294768162596961e6,1.0933412474320212e6,1.99473258092518e7,5.643679026062491e6,4.922860714018446e7,1.1104189059661652e8,6.047873116575397e6,5.47302765200769e6,1.1119102620015165e6,1.1160420604143375e8,5.779184171135888e7,6.039394206602696e6,4.281420853661609e6,8.325023943859289e6,6.1738991711503446e7,3.0157369873958044e7,2.2848721529901274e7,1.5778444288909832e7,9.13097902118499e6,1.0908102625316894e7,7.033296185397734e7,1.610547974656245e7,5.75340508585724e6,1.125125880488441e7,1.1390446093208e8,4.587508520334447e6,2.8411450965984877e7,6.0721001881873906e7,6.510724550021324e7,3.8346760502397485e7,4.680202487748682e7,1.0122459037548387e7,6.322998618612111e7,1.279365296866475e8,4.2035675991427355e7,1.1214512238420314e8,3.294392639133862e7,9.076258800900226e6,3.2023309323922742e7,2.8530294421761677e7,1.8853482612267464e7,2.6993167990023617e7,1.033747427607673e7,1.0263129784925332e7,4.477485668150893e6,943199.8810267117,2.3334984684022474e6,131735.4813078516,77029.12268586649,9.298478240611255e6,1.23330750685552e6,517397.0171773209,762772.0355697976,586030.1594676087,4.516136042251969e6,3.545095117607755e6,4.1255950884292056e6,9.519388242695663e6,1.4980663529016636e6,1.639869738972531e7,2.6281821553793345e7,8.222297698217032e6,1.7618431166054443e7,6.362240663360054e6,5.945090268393131e6,1.8904841178178845e6,1.730220047162936e7,7.268640214618257e6,1.9203620569747813e7,7.464556588346465e7,1.2539708942732319e8,4.021994747445523e7,9.483654828128984e6,5.8233255572019555e7,7.973899640503814e6,873031.1326932907,1.4985947872757825e8,9.623024279519936e7,9.922077649228033e7,6.163962962323966e7,3.321266952805754e7,3.8562436070449494e7,1.4056205488917466e7,2.316783550301273e7,2.113796250377734e7,1.1300100565727213e7,8.044842119239193e6,2.5807337715203505e7,2.2882061980162818e7,1.3293612126517103e6
2.5173713097801212e7,9.776295717117075e6,8.883307165421349e7,8.138493806174238e6,1.3669200168814925e7,3.8181902617124813e6,6.398678343024497e7,3.788205090317059e7,4.5851090445601426e7,5.049471140883798e7,3.398894853201815e7,2.806631072804558e7,5.7758063658173e6,6.109562975645975e7,2.7357163698338854e8,2.235582289973202e8,3.407538436337397e8,3.858889811955948e7,6.4714861040509604e7,1.8160733904661575e8,9.367724127548447e7,2.2373020135783162e7,2.5093271949260868e7,1.143883848272487e8,7.032613559756343e7,1.9470828281445526e7,1.5964829759962033e7,1.2274495047099017e7,1.5503836771568934e7,2.5925954700070776e7,2.9840701228817917e7,4.11859610446681e7,91660.78889625476,2.037428316461362e6,1.0824217933584577e6,6.888912199172935e7,4.770350620181319e7,7.590962781934048e6,5.226064431107945e6,5.576730554954616e7,8.4562176625567e7,2.5468415992144253e7,2.6458623875734746e7,6.293080330325224e7,5.842348296596708e6,5.028670684557598e7,4.24052653123425e6,1.4716713558122456e7,7.913008013607784e6,1.9561883755470123e7,7.851691926818506e7,3.2189295532417662e7,6.989378774744591e7,7.021251218047547e7,8.048078965484678e6,1.6293806540956369e7,2.3907438352703303e7,1.79636427586565e8,6.10456724761292e7,2.082393247950846e8,1.7844056602131096e8,3.916579323232645e7,1.0304775010754445e8,2.818216781197649e8,3.1979285326733403e7,3.0789005745913938e7,3.720936440416456e7,1.7675421255813725e7,1.0749854349206116e7,1.5045368006461617e7,2.078544870758554e7,1.1146670119942773e7,1.1467154933794995e6,1.1104422207293988e6,2.0262678430808082e7,5.7229429340795055e6,5.082380107741898e7,1.1470479985419787e8,5.938272209822208e6,5.317482734630171e6,1.092146579892966e6,1.1825263292660739e8,6.1187850186506085e7,6.398212349858941e6,4.543178513167289e6,8.811047151504248e6,6.523046027901107e7,3.1879132640930094e7,2.4147883541972358e7,1.6706443991308544e7,9.66799790702946e6,1.156343439752816e7,7.482619237357019e7,1.7107100679092474e7,6.103717700708017e6,1.1942673482685959e7,1.2022959004605114e8,4.855550081711754e6,2.9652483471932296e7,6.351419055226026e7,6.802080804089032e7,3.996004747065936e7,4.922356773213607e7,1.064409552183076e7,6.636132985627679e7,1.3470366864510643e8,4.430958606050227e7,1.1823591889871244e8,3.5223522722295344e7,9.803398179554716e6,3.497340330400928e7,3.0805866829178337e7,2.0834984424101535e7,2.869493975798995e7,1.1469030249173438e7,1.1366946621950401e7,5.728972249196868e6,2.3347907993635964e6,305588.2965364408,441518.456391534,306987.8621635978,7.929194711063168e6,729523.5556151726,241487.9277964302,348572.2674723519,322028.8334933721,7.209676287551781e6,6.09318852661492e6,4.211848903186973e6,1.0800648841319853e7,1.1563132759223857e6,1.511718863381655e7,2.399858673866786e7,7.561284851880245e6,1.5949725888809247e7,5.714789044622914e6,5.458760742171128e6,1.8044470120546073e6,1.6738774277411878e7,7.028346737632714e6,1.8581980013130523e7,7.19413202870883e7,1.2001197072612257e8,3.80143904006837e7,9.013973313595215e6,5.6188598712846406e7,7.78540427055973e6,855439.7701432798,1.460797943440745e8,9.379780722012538e7,9.687262805414504e7,6.00362385064087e7,3.2333108568782758e7,3.749691659077259e7,1.3618301822816022e7,2.2649205018473715e7,2.0604097560738467e7,1.1092209490983782e7,7.892543077175485e6,2.533260363193448e7,2.2350681551449113e7,1.3035819491843404e6
2.508881109588791e7,9.763119299238091e6,8.859643326300061e7,8.169834484098709e6,1.371673750644942e7,3.826194405655558e6,6.462948044684144e7,3.825422439616309e7,4.621374908733481e7,5.122559481504513e7,3.4524802360957265e7,2.789910214102661e7,5.648661765233198e6,5.969636645641345e7,2.705977795411685e8,2.2100953233983216e8,3.370262622781231e8,3.818224315660946e7,6.398267872077487e7,1.79852925834792e8,9.275168172616169e7,2.2170754149469584e7,2.4784109013524167e7,1.1295140422894497e8,6.936776908272947e7,1.913821581858779e7,1.5739947371373262e7,1.2036985096501186e7,1.5252337853818066e7,2.553489652573841e7,2.9468379480422974e7,4.0861373121953405e7,91984.64201460105,2.0254271030550194e6,1.0752224333601785e6,6.896387485190903e7,4.7559554344822854e7,7.560396041410552e6,5.216206280938121e6,5.576984302080249e7,8.396376792898124e7,2.548113932937125e7,2.640573900276635e7,6.301846603079338e7,5.873414913236466e6,5.0451941096283145e7,4.32794213834853e6,1.4983019531153636e7,8.043353283994203e6,1.9964324521414805e7,7.772397552882627e7,3.1877667689073212e7,6.956256072286111e7,6.973412929001978e7,7.90355029638468e6,1.6074983310250852e7,2.3144713342348684e7,1.730155114328676e8,5.88978937824434e7,2.0077842382020652e8,1.714801132239613e8,3.7942308224713385e7,9.976757449382016e7,2.7255292297384137e8,3.1042245720318556e7,2.9819312898967836e7,3.58401607888897e7,1.685500911316412e7,1.0477288961269554e7,1.4678730807512205e7,2.0346931264245056e7,1.0952497195063943e7,1.1195225760691147e6,1.0838887667499904e6,1.9777668083747305e7,5.598831993299859e6,4.8308493960118204e7,1.0893943828783795e8,5.998425046618249e6,5.445346677360848e6,1.1001678557179198e6,1.0882705480901122e8,5.638262393385158e7,5.890773512488121e6,4.1734253044422558e6,8.124958640415859e6,6.026829161357301e7,2.9442892237688083e7,2.230961731437285e7,1.5382707352801774e7,8.902609254341226e6,1.0631091989449486e7,6.845735664362861e7,1.5686916776083887e7,5.605813926907418e6,1.0961393171610733e7,1.1118212939306839e8,4.474073168395626e6,2.7895977454110194e7,5.954452065973797e7,6.389712575450768e7,3.7617034014400356e7,4.5715918825040996e7,9.890422402513947e6,6.186572200219663e7,1.2509712074522988e8,4.10800583674345e7,1.0956092058930664e8,3.2025679553675674e7,8.797837690316727e6,3.064127793068002e7,2.752335362603351e7,1.811472568238921e7,2.6228715504515845e7,9.753498893779267e6,9.69719842823829e6,4.020993010079617e6,961784.8343872813,3.2216886856075884e6,29556.623824723276,232013.4344402747,1.0002821846637134e7,1.5453545667618695e6,631193.8920248079,912607.8056736849,682090.2874758791,3.4283344299563803e6,2.4105253764091125e6,3.9619257065352546e6,8.729945501053317e6,1.6182673900408302e6,1.684399475793517e7,2.6496418373714346e7,8.2704669074722985e6,1.7804732594931293e7,6.504411953258635e6,6.082191700944617e6,1.8938110580669579e6,1.7458453660899334e7,7.338060178771631e6,1.9376904471763927e7,7.542871663085634e7,1.2700462369536966e8,4.087482156730925e7,9.601579040197404e6,5.872585020311435e7,8.008376880280141e6,874509.2239591837,1.5087477809566393e8,9.688993642649204e7,9.985511988835263e7,6.208033551277151e7,3.345343615258636e7,3.8863721418180674e7,1.4177489475549899e7,2.328682006552628e7,2.1263969548562642e7,1.1337173560548173e7,8.073139955237069e6,2.589204021181685e7,2.2989494167339835e7,1.333394101948991e6
2.517837187326189e7,9.789682010046812e6,8.890884632247512e7,8.179988537995087e6,1.3735198651769225e7,3.8321403692825204e6,6.45321360224247e7,3.821027786329692e7,4.620515411911365e7,5.106982813495236e7,3.4388915158317596e7,2.8037980904220015e7,5.711116547124179e6,6.03861967124728e7,2.725621193665331e8,2.2266090269474933e8,3.3948506199877053e8,3.845625985331054e7,6.446678440619599e7,1.8107342915094233e8,9.338481187840505e7,2.2309716896965325e7,2.4976857442358844e7,1.1384543149755977e8,6.99411100152603e7,1.9329524760613833e7,1.5877031207599638e7,1.2172663148180384e7,1.5404971374531908e7,2.5782755303663544e7,2.9714129817129456e7,4.1107801909791e7,92149.86646231968,2.0357574846258403e6,1.0815099097434399e6,6.91421040923177e7,4.777110243698205e7,7.594617812292108e6,5.234047810516003e6,5.592253972458855e7,8.451205896099536e7,2.5564950926290154e7,2.6524384664354723e7,6.32308667531845e7,5.886870859595038e6,5.056777618288411e7,4.304939795558234e6,1.4936741434000395e7,8.023835775254111e6,1.984853052350296e7,7.838593686592016e7,3.2144053630920988e7,6.998780483846565e7,7.022929457435769e7,7.99333272990128e6,1.6234442767747197e7,2.356957162707385e7,1.7621660770295498e8,5.993110690362457e7,2.0438653780543837e8,1.7481659579545683e8,3.854285161364824e7,1.0132325064593968e8,2.7696690875175846e8,3.151408775686902e7,3.0322139236651123e7,3.652138696402207e7,1.7258101663733277e7,1.0622878163537027e7,1.4872345186559841e7,2.0589703453095466e7,1.1059110131380152e7,1.133409765583892e6,1.097185852600889e6,2.00175940692969e7,5.661645881627634e6,4.959038703272184e7,1.1187120262194343e8,6.036708423941787e6,5.452009945968361e6,1.1101251568700813e6,1.1297451160021985e8,5.849057567393005e7,6.113184506831686e6,4.335193679017034e6,8.42481145740655e6,6.246027157461864e7,3.0511636972623996e7,2.3116035122584425e7,1.5970773449403316e7,9.242194157129928e6,1.1043598030091157e7,7.12588121907845e7,1.6311934862653088e7,5.825770383156517e6,1.139389783176683e7,1.152187385178353e8,4.642948086740928e6,2.866692987953697e7,6.129816254507198e7,6.5707012486369714e7,3.868679621381171e7,4.731093816938334e7,1.0231840006878972e7,6.38829349986853e7,1.2933316704227321e8,4.250516423527805e7,1.1340588965549862e8,3.3409251804201357e7,9.222765766459422e6,3.2648630554580145e7,2.9006135117301602e7,1.925014745112383e7,2.735073664358314e7,1.0582082872606937e7,1.0501509501991242e7,4.727279471883085e6,943199.8810267117,1.8694946436431685e6,193633.92305291173,30488.66822451887,8.796882119509205e6,1.0616342991728396e6,452502.5263678544,677144.4755213613,533938.3425391965,5.064340454859174e6,4.0632513253579917e6,4.1456166174919163e6,9.79450292594459e6,1.4310365724285352e6,1.6147501316451127e7,2.587596273807371e7,8.106309694365963e6,1.7316740842279892e7,6.244758847478314e6,5.8540590593769895e6,1.8767176227487745e6,1.7197218065112546e7,7.223483763246709e6,1.908766989960971e7,7.413710903560466e7,1.2437795458791268e8,3.980302051527183e7,9.397719037324356e6,5.786227119433464e7,7.94119542328985e6,870208.5928526873,1.4915984396559483e8,9.577911952067024e7,9.87856440780336e7,6.134144870461758e7,3.3049233853015423e7,3.836311300122318e7,1.39746351305662e7,2.3074633993468333e7,2.1041521686708543e7,1.1264198847895095e7,8.018384631444212e6,2.5725347739987243e7,2.2788513032756455e7,1.3249835844277001e6
2.4689821669712733e7,9.591602372511484e6,8.693367397861513e7,7.940801197214301e6,1.3342860878834495e7,3.7389298313722475e6,6.26138578076499e7,3.69737067235277e7,4.466177406222622e7,4.9320442897428595e7,3.3324173168726433e7,2.74352406869113e7,5.6723432249298245e6,5.993527995133333e7,2.6673455783428347e8,2.1798038502275914e8,3.322129409098249e8,3.760602779423652e7,6.302505693846903e7,1.7703270741152218e8,9.13594361282073e7,2.1862489846674707e7,2.4483393710005935e7,1.1156889110135424e8,6.86477406984142e7,1.895418218840686e7,1.5547686627085458e7,1.1912785525242785e7,1.5041410107926253e7,2.511237304676462e7,2.8982318459148545e7,4.0159337093039505e7,89070.86439450775,1.9888777339362497e6,1.0523288326617426e6,6.706375863933082e7,4.634510811595276e7,7.397695607002211e6,5.104576532114646e6,5.442408453120839e7,8.18153552036809e7,2.4682144550925743e7,2.559274743653968e7,6.072590539900086e7,5.6097646970371455e6,4.8675973686496966e7,4.1380463067765436e6,1.4180905386079308e7,7.622516813797465e6,1.918215617651103e7,7.54182048438744e7,3.0915242193632886e7,6.727131244337635e7,6.748474097107558e7,7.762194697195468e6,1.564719327045949e7,2.2827341335344434e7,1.747030000477668e8,5.9490628569121286e7,2.026712253941842e8,1.7350991482618868e8,3.817421861281522e7,1.0086537953937547e8,2.754994170459271e8,3.11146379045999e7,2.976276366225033e7,3.601785570228427e7,1.7006919051410202e7,1.0424073167548329e7,1.4627485460167272e7,2.0186316324119516e7,1.0890343071272502e7,1.1199419935518887e6,1.0866172391218604e6,1.985333266386811e7,5.605821818818298e6,4.83471635562586e7,1.0908731116902843e8,5.296183568281632e6,4.708340649088933e6,950862.3003976602,1.1491667200857541e8,5.953902488911919e7,6.22585908423354e6,4.420366122231423e6,8.58481046250416e6,6.339517815035619e7,3.104096550656143e7,2.3515258778193098e7,1.6190413169541482e7,9.3733143316827e6,1.1214781166383775e7,7.259416057656571e7,1.6605462138874078e7,5.920557024416125e6,1.159028572360053e7,1.1654096555149709e8,4.711782388605299e6,2.9032756277516466e7,6.202369873900333e7,6.656858760755725e7,3.8780050448196694e7,4.7529373669496305e7,1.0291194014313491e7,6.4417314279789135e7,1.3119582706697676e8,4.3123652329252325e7,1.1490903940024933e8,3.4301997976586334e7,9.600305772152096e6,3.26253995477547e7,2.9350550005398665e7,2.0422949585891947e7,2.7512228888885386e7,1.0209142791851267e7,1.0164312733946066e7,5.612515021305719e6,3.241700869306797e6,2.762801530438214e6,477648.5130247413,503322.5137466373,6.300853018587036e6,740280.5458840298,280227.2499885295,452630.7279862385,463991.0512144035,6.829980157748717e6,5.364359134031686e6,2.7248983299353975e6,8.05890654501913e6,1.2422023851622555e6,1.5296153732953057e7,1.8310482310239673e7,5.807425256925713e6,1.1923189389268607e7,5.09331958644442e6,5.288066435058697e6,1.6067934380072574e6,1.654077973042498e7,6.962854805948573e6,1.8369672218987968e7,7.121397327170375e7,1.1888392784124412e8,3.7520424151545554e7,8.753616006216446e6,5.4946381267515205e7,7.598751589579603e6,826056.9853571435,1.4454667377320492e8,9.285345450459652e7,9.594693230765526e7,5.945240059739499e7,3.2005906550001245e7,3.716470549097423e7,1.3463709487124722e7,2.2302978374335498e7,2.026936163823602e7,1.0883089156645684e7,7.746853923971387e6,2.485536245490821e7,2.1896026094154418e7,1.2736985814485732e6
2.4937901839717865e7,9.687154365184624e6,8.791166166274409e7,8.045031838178371e6,1.3514743914806303e7,3.780533947802096e6,6.335612448046051e7,3.746236403715253e7,4.529615399375795e7,4.996262938138744e7,3.369309209059718e7,2.7756166595711164e7,5.720278412736067e6,6.0474044804237515e7,2.7015791233063483e8,2.2076758282583287e8,3.364888067957555e8,3.809910262409146e7,6.3871224781739295e7,1.7933404523363405e8,9.252378909776641e7,2.211905645741234e7,2.478674317450556e7,1.1297090087263791e8,6.94775759907929e7,1.920780673038215e7,1.5754521892750736e7,1.209008952132724e7,1.5270540015582144e7,2.5517861719332498e7,2.941206967857171e7,4.067896251830685e7,90432.11635997365,2.0136049981432096e6,1.0676629319125926e6,6.801665127230656e7,4.704535861386302e7,7.496893147960538e6,5.167357829398286e6,5.512311359902104e7,8.321730255398826e7,2.5091616347379137e7,2.6040697879561227e7,6.187605174296006e7,5.731966062784245e6,4.952073197611653e7,4.195033931320385e6,1.4470463203956451e7,7.778937862856607e6,1.9396814442391027e7,7.69938554361189e7,3.156372356963752e7,6.862009553455593e7,6.888164744069119e7,7.904310442117985e6,1.5973560533966446e7,2.3353484198705137e7,1.7695504607842585e8,6.01978114273493e7,2.0521413758572516e8,1.7574294192568946e8,3.8632556818627186e7,1.0184581256315386e8,2.783502236273061e8,3.152063924545122e7,3.0251222839326907e7,3.6572861495636135e7,1.7315189861823227e7,1.0580931499407213e7,1.4827922060001688e7,2.0477864241128083e7,1.1014831612598488e7,1.132611484190651e6,1.0977801667453162e6,2.0043767037516635e7,5.661020741844924e6,4.951409734052064e7,1.1173085877785368e8,5.630660635171484e6,5.027963407524884e6,1.0241600901654589e6,1.161647040292726e8,6.014858740510229e7,6.2892723897960875e6,4.465055093933479e6,8.667072667634234e6,6.409509709826485e7,3.135160215435645e7,2.3749792209845662e7,1.6390620644103374e7,9.487149371153692e6,1.1347937089936364e7,7.342301600629939e7,1.6792590056993786e7,5.990040152655926e6,1.1722678560073206e7,1.179969154214195e8,4.766912370334522e6,2.9267291683856174e7,6.259972862377822e7,6.711731937106937e7,3.927775609490048e7,4.8233111419862784e7,1.0436616518070698e7,6.520167501918964e7,1.3253096812517248e8,4.357557107896059e7,1.161965611671365e8,3.461224886185161e7,9.651343670605607e6,3.3608781642465115e7,2.9931435541491948e7,2.0482024206975147e7,2.7999627950296693e7,1.0765976364512999e7,1.0694507312321218e7,5.548651683110061e6,2.331231121567438e6,1.37820183436348e6,400098.51082252985,329340.7155332812,6.300853018587036e6,180070.3409715126,125798.17552360934,307325.5901727036,380529.2463591508,6.672326096280554e6,5.345749104581908e6,3.473072811275533e6,9.339710871395992e6,1.2022641336367668e6,1.5263416762520045e7,2.12809902334045e7,6.723562395322776e6,1.4021504912246978e7,5.433059468383595e6,5.396545699530472e6,1.712023317215564e6,1.6673057473006545e7,7.009543134728701e6,1.8512497801447906e7,7.173263147545268e7,1.1974522858813776e8,3.788384946876652e7,8.910767323496113e6,5.5693178676759906e7,7.705040065255388e6,842117.08756887,1.4554494241227266e8,9.347419638997075e7,9.655417964346398e7,5.984152131977315e7,3.222282619551289e7,3.7394355163962156e7,1.3567012919303548e7,2.2509888339486357e7,2.0470899540583074e7,1.100226654323933e7,7.8302933241555765e6,2.5127359034605365e7,2.215909291142898e7,1.2904945533573616e6
2.4934949382625263e7,9.681497027638284e6,8.787802534934653e7,8.028447427527582e6,1.348833584680998e7,3.774916503543685e6,6.314024211003613e7,3.733234523633758e7,4.515563046454438e7,4.973551906682657e7,3.353543071111983e7,2.776593503208741e7,5.74520323346286e6,6.074754632907729e7,2.705398446343753e8,2.2110793321888274e8,3.369689920198896e8,3.8149186405222274e7,6.396528183676148e7,1.795344257154376e8,9.26337559239975e7,2.2142734768778697e7,2.4831053182499904e7,1.1317772577500048e8,6.962465290747716e7,1.9262152210904907e7,1.5788113592391314e7,1.2129413555165084e7,1.5308591943495752e7,2.557294027555507e7,2.9460328881342553e7,4.070763323561112e7,90236.82194418786,2.0141645125766518e6,1.0679732186250845e6,6.791468880696452e7,4.701690519880713e7,7.495124773339433e6,5.164001483746556e6,5.5059935006693706e7,8.323391843867311e7,2.5052817506626017e7,2.6013989822700348e7,6.175641031778448e7,5.714362095635728e6,4.940872036588598e7,4.1696437671853956e6,1.438359519982102e7,7.735175001742629e6,1.9284009508333143e7,7.704393943768016e7,3.158094755465638e7,6.858153762616172e7,6.887368898790108e7,7.925541420974402e6,1.5996606304009778e7,2.348647421520111e7,1.7828245735794738e8,6.062991884628146e7,2.0670885785642853e8,1.7715007798145714e8,3.88738703659091e7,1.0251287510954118e8,2.802293131453215e8,3.1700907564526595e7,3.0432927024671704e7,3.684058897928255e7,1.7478319583661642e7,1.063016569783166e7,1.4894880364528747e7,2.0553524723940343e7,1.1048479178265858e7,1.1377488836171706e6,1.102895949748008e6,2.0138319090721395e7,5.684643509375458e6,5.000056900258747e7,1.128486288475705e8,5.5948127744527375e6,4.977519172667747e6,1.0179970882415547e6,1.1821653140654905e8,6.119653679383429e7,6.400010146299031e6,4.545861302175342e6,8.817049477923267e6,6.51720033265918e7,3.188276129304026e7,2.4150564647663496e7,1.6676980721476007e7,9.65286015362045e6,1.1550204782794205e7,7.4810744478215e7,1.7101850410202567e7,6.098179701507038e6,1.193613361479179e7,1.1994730910460831e8,4.849616440610795e6,2.9649256284691285e7,6.345947208225222e7,6.801422665790127e7,3.977308909967198e7,4.897908872901221e7,1.0597296976282315e7,6.61657549340247e7,1.3461683394640896e8,4.4276616105003975e7,1.1807428692875984e8,3.531672662767269e7,9.876223831030438e6,3.453319895328426e7,3.0637930271068823e7,2.1095113307483688e7,2.852578464521509e7,1.1131250871862827e7,1.1049637480831917e7,5.934862658622748e6,2.9705180583778224e6,1.3856809550555025e6,496359.0007742358,426369.1863247062,6.300853018587036e6,382092.63051017496,31227.530145461114,155681.1961707032,303988.70075549127,7.519357350015755e6,6.197128583266817e6,3.5529990110218553e6,9.835713158187147e6,1.0956796033227933e6,1.4863953511077683e7,2.058762209253422e7,6.523902961488144e6,1.3517122852633724e7,5.220891459728821e6,5.240230290549669e6,1.6839632537613122e6,1.6493694908632345e7,6.933305668644136e6,1.8314694400829725e7,7.087432126134996e7,1.1803880058491293e8,3.718300595620366e7,8.759534925334712e6,5.5035300844616644e7,7.643713757734657e6,836288.5963618382,1.4434057820477843e8,9.2699673851425e7,9.580652865312675e7,5.93314269261084e7,3.194289029739824e7,3.7056037554078765e7,1.3427635834415484e7,2.234301751503554e7,2.0299301009285297e7,1.0934623250391113e7,7.7808167763972385e6,2.4972893970571846e7,2.198696490120449e7,1.2820657021669352e6
2.49517764807888e7,9.68345719317828e6,8.792270249608095e7,8.020282910647794e6,1.3475797979940241e7,3.7726326082274737e6,6.298419380086786e7,3.7241925129883796e7,4.5066658308749035e7,4.956054961660664e7,3.340750866117269e7,2.78014304018409e7,5.7739555901623e6,6.106411458772942e7,2.711971104914695e8,2.2167241346823972e8,3.3779311426288605e8,3.823896242671208e7,6.412751761029854e7,1.799200108663077e8,9.283734902588627e7,2.2186978965870317e7,2.4899727036569454e7,1.1349721395862593e8,6.983832250715335e7,1.93369282743133e7,1.5838362389275461e7,1.218308054454796e7,1.5365199977186278e7,2.5660951364539575e7,2.9543361707736213e7,4.077812185649921e7,90152.35731142519,2.0167112046706905e6,1.0695245207421903e6,6.788992748420864e7,4.704528521168516e7,7.501357818826551e6,5.165692018820522e6,5.5053090212190285e7,8.336495958552916e7,2.504746925471043e7,2.6023954837978277e7,6.173154518574612e7,5.706949788739705e6,4.936599532921883e7,4.1489144658764107e6,1.4320966045286587e7,7.704495149542165e6,1.9188574926037166e7,7.722409164062442e7,3.1651725526795782e7,6.86542400070728e7,6.898111311025105e7,7.958385196976129e6,1.6046560808220915e7,2.3662957529116448e7,1.7979200565604952e8,6.1119110774966925e7,2.0840905692621046e8,1.7873799623666158e8,3.9152117184039846e7,1.0325880431544848e8,2.8233794481947076e8,3.1913924963609602e7,3.0654330176941846e7,3.715337756414101e7,1.7666665263793375e7,1.069209820648099e7,1.4978010232043484e7,2.065274292538555e7,1.1092103605811015e7,1.1439030740747321e6,1.108906063699107e6,2.024811347076146e7,5.71268117415591e6,5.058372131096565e7,1.1418547568972696e8,5.590727402248226e6,4.958180122013832e6,1.0190350653875887e6,1.203740873888761e8,6.229624489767398e7,6.516141371551926e6,4.630483997373276e6,8.974039019034835e6,6.630782194470034e7,3.2440249437799625e7,2.4571210876628775e7,1.6980160765402954e7,9.828142573169997e6,1.1763704924568508e7,7.626903095152324e7,1.742700390916569e7,6.212192426297104e6,1.2160808342798013e7,1.220193555002434e8,4.936961651841609e6,3.0050813147858143e7,6.4367203315520115e7,6.895702452108693e7,4.030926481440576e7,4.978333247657217e7,1.077002354579087e7,6.719486515797761e7,1.3681483412180355e8,4.5015639230346665e7,1.2005988532838646e8,3.604848214768536e7,1.0106217029422142e7,3.554187862577093e7,3.139375617799088e7,2.1716739046984803e7,2.909268516155704e7,1.154606466458139e7,1.1451737453496562e7,6.321711239433612e6,3.6131613591203974e6,1.650231879941548e6,592108.9300952967,526417.6718768326,6.300853018587036e6,770153.6203745042,128445.96854561144,58617.4861628755,224302.6526507124,8.373133246983488e6,7.067676854577266e6,3.728124820070687e6,1.0466146214396589e7,987091.3987676674,1.4462916121390305e7,2.0280392863165796e7,6.440871078471384e6,1.3296304140276283e7,5.046690177995184e6,5.094337923152102e6,1.6663336371322474e6,1.6325141800197134e7,6.86086829304311e6,1.812854760264162e7,7.005863664479586e7,1.1640446093871547e8,3.651384319233843e7,8.622044180482788e6,5.443999537241437e7,7.591147282081897e6,831804.1292295954,1.432162953727888e8,9.19748978952109e7,9.510732846155523e7,5.885253411197389e7,3.168038211594539e7,3.6736155254427016e7,1.3296665244824555e7,2.219285561029778e7,2.0144089473128654e7,1.0876625184607537e7,7.738092154602619e6,2.4840441325675726e7,2.1836343484206542e7,1.275009756125026e6
2.5121935010911364e7,9.738738186185015e6,8.85458104159233e7,8.057821184662038e6,1.353971305056245e7,3.789677259860621e6,6.302985377273315e7,3.730104629096087e7,4.5208275359068e7,4.9512421295665756e7,3.331656494944293e7,2.80532221915169e7,5.864993194269827e6,6.207222952326238e7,2.745176318019863e8,2.2444233852530804e8,3.419478580974266e8,3.870624304835593e7,6.494812616194574e7,1.8202504357414755e8,9.392142041703014e7,2.242425115391594e7,2.5217536145264484e7,1.1497096443717717e8,7.076617753024781e7,1.9642205851322558e7,1.6062945660844319e7,1.239978149499052e7,1.561638936588858e7,2.6078180538507868e7,2.9962009050076075e7,4.121587864876767e7,90697.08916403279,2.0357036002678475e6,1.0812716271838006e6,6.834677686021596e7,4.748652004953768e7,7.56865214129271e6,5.203111567262123e6,5.541234604193088e7,8.441825351583132e7,2.525702907147835e7,2.628914572625624e7,6.230195846400359e7,5.757479358254863e6,4.97284338143726e7,4.133176581343032e6,1.4340553736968815e7,7.7220484368055975e6,1.9088791201338585e7,7.848725983866492e7,3.2164123760472927e7,6.955224308048311e7,6.998386833004057e7,8.109318988089044e6,1.6336489389632067e7,2.4346760527464896e7,1.8443390553027222e8,6.2611550539704844e7,2.13640538055325e8,1.8354998573651686e8,4.003034051397239e7,1.0548351191909628e8,2.8866808188284016e8,3.261529805029153e7,3.141880437626254e7,3.816169144357946e7,1.826022146475492e7,1.0916668737945909e7,1.527398649197793e7,2.1033937279844254e7,1.1257592500581041e7,1.1646587682298326e6,1.1285369080747964e6,2.0599638732104905e7,5.8058992775269e6,5.25349542612455e7,1.186416946956847e8,5.783224570672496e6,5.113074150203285e6,1.0663677501406188e6,1.260128270300183e8,6.5157176535321146e7,6.817811707951893e6,4.849601026098316e6,9.380124530111695e6,6.929655938206798e7,3.3891161228024654e7,2.56660291953695e7,1.7784627871307604e7,1.0292302419318214e7,1.2326423187550478e7,8.007442279709074e7,1.8276500738023393e7,6.511917420905568e6,1.2749264617449952e7,1.275594354467551e8,5.167469123877903e6,3.110002325197856e7,6.6762130595647745e7,7.14196856024353e7,4.180252747748775e7,5.200229969651724e7,1.1243719079321599e7,6.997590486974904e7,1.4258746713954937e8,4.6958200905055724e7,1.2531528924204727e8,3.790810061317755e7,1.066968503572259e7,3.8378516378727086e7,3.344169110975885e7,2.321006446926505e7,3.0653121582197532e7,1.279003954995104e7,1.2652620699058853e7,7.2350096607271e6,5.155738150417478e6,2.8315562335750447e6,821935.2162666558,770936.3447972186,1.1708989900493171e7,1.7711076906201653e6,465822.0584028363,416593.7024636825,134413.94261280386,1.0443114919456411e7,9.241393598931469e6,4.593465802594189e6,1.259656817076567e7,737642.3059392245,1.3549139047208097e7,2.196899170691348e7,6.970061294150712e6,1.4538576760602515e7,4.925958056089377e6,4.842371995867412e6,1.694678958793922e6,1.6016997819446756e7,6.722660196359089e6,1.7786279804990977e7,6.850329277941006e7,1.1320471807428865e8,3.5225568712138794e7,8.406702706615984e6,5.3519581341076426e7,7.531067197311473e6,830630.1981216568,1.4120845776517543e8,9.066775360767214e7,9.38485035510135e7,5.7977747051248625e7,3.1203180650137395e7,3.613579331764321e7,1.3057120800415957e7,2.19651191945125e7,1.9903129513130136e7,1.0809931436290968e7,7.686612275988631e6,2.468803056189981e7,2.164002455473961e7,1.2682366496531293e6
2.5011729062878903e7,9.75117438227615e6,8.838723836466777e7,8.200096984794682e6,1.3762648347132016e7,3.833752086993045e6,6.522356011768334e7,3.860230623522081e7,4.655859353443561e7,5.190360879400866e7,3.5016215327639215e7,2.7749446570296973e7,5.532850565100554e6,5.842255552186147e7,2.6793246269496465e8,2.1872273739281768e8,3.336858481310134e8,3.7818677121760115e7,6.332853422072949e7,1.7828595454610723e8,9.192307182457319e7,2.1988637031796556e7,2.4505779606011383e7,1.1165862295360169e8,6.85027727561622e7,1.8838908783710048e7,1.5538074497813383e7,1.1824196424390733e7,1.5028259677736022e7,2.51891474320856e7,2.9138167141349766e7,4.0572700375532456e7,92315.88672783416,2.0147792965423362e6,1.0689826836964404e6,6.905186736026691e7,4.7445212033015266e7,7.534149072541683e6,5.207942181826631e6,5.578212391996939e7,8.346340435546052e7,2.550571808741281e7,2.6373271775979184e7,6.314747505428704e7,5.908698915773994e6,5.063302565915759e7,4.409016239221193e6,1.5242075479503194e7,8.170933546915967e6,2.0333294164301418e7,7.707632922671244e7,3.162485251212498e7,6.932220537772803e7,6.936491039181302e7,7.776755051455619e6,1.5890728023063652e7,2.2476453202829465e7,1.670141978151367e8,5.694892013463404e7,1.9401331454290572e8,1.6516957934630427e8,3.683256432013888e7,9.678518188860017e7,2.6412974991531444e8,3.019404804436519e7,2.894798229911316e7,3.460441359171338e7,1.6116677574224018e7,1.0232161920146914e7,1.4347833937969685e7,1.995279524750618e7,1.0776534170604233e7,1.0948477190111862e6,1.0597532775937158e6,1.933645074419013e7,5.485948577990083e6,4.607703162538011e7,1.0382374934512614e8,6.128558022772618e6,5.640743141083774e6,1.127499336082488e6,1.002708558975029e8,5.202073981535398e7,5.430165185390378e6,3.8378186855876106e6,7.502232075715853e6,5.5763460013633326e7,2.723136952008794e7,2.0640906294128444e7,1.4181171127912693e7,8.207852505601807e6,9.784775275139233e6,6.267645180647413e7,1.4397791123780511e7,5.15385190593221e6,1.007065416996158e7,1.029699210414477e8,4.1277800341486163e6,2.6301141149383813e7,5.5939715026143126e7,6.015305472830677e7,3.5490815000366345e7,4.2535529782100335e7,9.206797125000574e6,5.778469949675269e7,1.163752368281655e8,3.814800194398973e7,1.0168509825503021e8,2.912480071383715e7,7.8881768553402675e6,2.6765440466832805e7,2.4553365535350878e7,1.5661583657526476e7,2.3995879821333345e7,8.299643898977137e6,8.272683972867459e6,2.5065543893021257e6,3.849454663957318e6,6.141967380785896e6,400258.1753477423,708453.9291771501,1.6699004312308788e7,3.008815095852389e6,1.1163609632536566e6,1.5067028210363737e6,1.0117922888775624e6,2.456664279271364e6,1.5531034123228102e6,4.33371681979427e6,7.821307870399963e6,2.0412792310999085e6,1.8411111098601602e7,3.030741467525818e7,9.379481514701093e6,2.064001284958228e7,7.331509514493565e6,6.665391840880175e6,2.0015367598263833e6,1.8113623616376888e7,7.619466565220815e6,2.0100283235374063e7,7.860168382982846e7,1.3337277015561295e8,4.3493331690356776e7,1.0148842743457446e7,6.10650300520941e7,8.214698759972509e6,892754.5008038138,1.5522619965825945e8,9.969508218586704e7,1.0255828985408334e8,6.393463134170026e7,3.447020153225228e7,4.010340389037513e7,1.4686162783448927e7,2.386793719517598e7,2.1866557778617997e7,1.1561529119452745e7,8.238430992948746e6,2.640439811943057e7,2.3576406801544636e7,1.36093988118041e6
2.4898425408202104e7,9.70005143321512e6,8.790029660528027e7,8.126082893335843e6,1.364226933221028e7,3.8061075252548335e6,6.4536849784783915e7,3.816861951701605e7,4.604076806400234e7,5.1240713697374515e7,3.459187898712012e7,2.762365683141151e7,5.553536413719622e6,5.86426595927947e7,2.67036289975052e8,2.180420674237847e8,3.325711330228056e8,3.768098988446531e7,6.31046828972997e7,1.775891585284028e8,9.158572994950753e7,2.1914294322424233e7,2.444412391357432e7,1.1137612061101438e8,6.837772318743333e7,1.881492872790384e7,1.5500915321191711e7,1.1808594440653663e7,1.4986848263068324e7,2.5094411400146823e7,2.902316437555097e7,4.038811915882379e7,91376.29163542656,2.0047075862376895e6,1.0625693997126487e6,6.845439488489723e7,4.7080939257485405e7,7.486801423845154e6,5.174494349199372e6,5.536583475008898e7,8.284623356615804e7,2.5254432009544965e7,2.612303926124527e7,6.241647964719593e7,5.822086150270088e6,5.00602215535183e7,4.341407087776308e6,1.4963873041655043e7,8.025803418788164e6,2.0051268701776672e7,7.641526369173309e7,3.134709421176209e7,6.862707403425431e7,6.869439445585984e7,7.745603001701595e6,1.577444996087878e7,2.2439833130820617e7,1.6819374883908728e8,5.734811087975725e7,1.9534298383640736e8,1.6648844781707484e8,3.702733511708614e7,9.746196513459815e7,2.6598810213098726e8,3.0309533465427138e7,2.9021920885045182e7,3.479092284023355e7,1.6239520951584999e7,1.0241929951950228e7,1.4368086614792017e7,1.994569080583978e7,1.0777213484036831e7,1.0977490585649868e6,1.0633349532729741e6,1.941019118469556e7,5.50100178194939e6,4.6296900239206396e7,1.0434566656319346e8,5.878856250326515e6,5.3749975017103255e6,1.073257089848589e6,1.0309427172883974e8,5.347854903026234e7,5.584663554587487e6,3.951248843898903e6,7.713543995272109e6,5.7225343393771954e7,2.79703608502027e7,2.119851688243805e7,1.4561436848763058e7,8.429005827511657e6,1.0057520433307115e7,6.458723053701694e7,1.4822921577119896e7,5.300485180130705e6,1.03625223172518e7,1.0551908959674172e8,4.239110058716651e6,2.6832481799276557e7,5.71092132076919e7,6.140065946416037e7,3.608190136878774e7,4.343497947332939e7,9.404007771831742e6,5.901922987157746e7,1.1922704014502342e8,3.910377543380194e7,1.0420386625573502e8,3.015060682425062e7,8.239248990826874e6,2.7709083216416754e7,2.541512096274007e7,1.6654905335491043e7,2.4622600719550516e7,8.494536820357647e6,8.477941776591612e6,3.182180374422309e6,2.996825704367442e6,5.147990722110928e6,279106.6206949605,563720.4693757647,1.3007396532111034e7,2.390717208123395e6,912464.1787808797,1.2612979309636888e6,887973.8479543863,2.456664279271364e6,1.067961777271425e6,3.729746982476149e6,7.137925974299478e6,1.8700866832388702e6,1.7747224460339557e7,2.71888056924757e7,8.439985253778674e6,1.839656455063972e7,6.802412723091971e6,6.355712931203741e6,1.8970970578070618e6,1.775691844815326e7,7.471942624874006e6,1.9708235234691232e7,7.694337409949145e7,1.3014667885182142e8,4.2163284522514716e7,9.826364006662123e6,5.963858568254866e7,8.06536127499089e6,875697.852692592,1.5278584519960183e8,9.813485098865801e7,1.0104909500133437e8,6.2915443379313275e7,3.390939311559531e7,3.9439477605831556e7,1.4408803018525971e7,2.349987508987069e7,2.149269039954377e7,1.139665780993706e7,8.1195020850761095e6,2.602797944135129e7,2.3173937667666584e7,1.3394643415432319e6
2.3808846916001193e7,9.256638680114808e6,8.348253450257847e7,7.586724238180009e6,1.275783738929132e7,3.5963442436636956e6,6.0200374260425545e7,3.537379480886497e7,4.2553837105843514e7,4.728623444779894e7,3.218389205174594e7,2.6282966942383282e7,5.481745892805394e6,5.779916790984929e7,2.541933043672954e8,2.07744225350998e8,3.165458496859967e8,3.580399189055029e7,5.9925521371883616e7,1.6865149153576657e8,8.711135701880278e7,2.092688685584498e7,2.3363122130522124e7,1.0638959389293158e8,6.556162247535901e7,1.8003606800799314e7,1.478106679192919e7,1.1247401180651493e7,1.419158440852963e7,2.361863376748883e7,2.740776123476303e7,3.8281879983983435e7,84429.57886199986,1.900280693040137e6,997431.167179428,6.377483201921637e7,4.38803337859654e7,7.0461669683508035e6,4.884266154789309e6,5.199776984634657e7,7.680871988620709e7,2.326486136070169e7,2.4025798908771146e7,5.67608581273373e7,5.194950399626299e6,4.5788909395335026e7,3.9647940967951203e6,1.3256747876729112e7,7.118892787682338e6,1.8546225596116453e7,6.976228849029678e7,2.859079420601166e7,6.251172244320703e7,6.25226576524064e7,7.237124915679049e6,1.446369139811725e7,2.084508974401806e7,1.65736060989955e8,5.666117851568786e7,1.9254041704142174e8,1.645779310639144e8,3.6360613245491855e7,9.68862586233859e7,2.63980755657765e8,2.952926007405104e7,2.788169358180473e7,3.384579820957938e7,1.5799765698207099e7,9.82517437890351e6,1.3858976768244639e7,1.9083930401207756e7,1.0418222755862148e7,1.0706845553714833e6,1.0427884585877083e6,1.9100320320773173e7,5.390092251374771e6,4.3860601342875764e7,9.891942241767855e7,4.1741608288054587e6,3.675891071870505e6,703953.4449953343,1.0972717653872125e8,5.698122208727149e7,5.959836146030664e6,4.233232003700533e6,8.236168621926512e6,6.047984026410348e7,2.9730382841420162e7,2.2524996315308776e7,1.5370333724856127e7,8.906033516769852e6,1.0667645085205745e7,6.919416093568684e7,1.5834246788705837e7,5.634995840060152e6,1.1044877623846626e7,1.1056358925899994e8,4.484345739983003e6,2.800361436494907e7,5.955154900042223e7,6.4167840889685065e7,3.673997848669464e7,4.4687561872100405e7,9.700987368585184e6,6.1176439276606634e7,1.2555353591934656e8,4.122348629412193e7,1.0954521261289316e8,3.3008127970054936e7,9.381823808131145e6,2.9073027510232072e7,2.7154629660911784e7,2.0245210369299635e7,2.5595596661249936e7,8.295306156717827e6,8.332501794782274e6,6.297518868821554e6,7.667965853533883e6,7.8239469780625785e6,1.0086134008819072e6,1.2645593923487577e6,1.4527230025762089e7,3.415021952625576e6,1.150218581522913e6,1.4628217834894664e6,970427.6700855859,9.449784512782423e6,8.200481386528138e6,1.0852474041531614e6,4.364175413440296e6,1.6831187397502668e6,1.6072571080307724e7,1.1986465720450688e7,3.711145422137837e6,7.948753157472463e6,4.540859877860865e6,5.212160401555646e6,1.2952594068374967e6,1.6298180451643119e7,6.893174839727571e6,1.8112173212332416e7,7.048817898856327e7,1.1816866225708517e8,3.730165153071741e7,8.431378229897602e6,5.3179916443834886e7,7.295940079132753e6,776161.7180136244,1.4241899411893284e8,9.155974084132095e7,9.465432677787209e7,5.867386648899634e7,3.156862012868257e7,3.675432172890815e7,1.327082233152711e7,2.176237388983392e7,1.9759823601994943e7,1.0536343198803231e7,7.506723025953315e6,2.4064072232005935e7,2.116757846566177e7,1.2238315851687116e6
2.3776795379288055e7,9.269542242315007e6,8.348906556509636e7,7.663164758446729e6,1.287802357387783e7,3.620194657484863e6,6.128860508529324e7,3.603154857022962e7,4.325475509285038e7,4.84704468476621e7,3.3005542764688447e7,2.616880442112969e7,5.334125043508623e6,5.617468631303268e7,2.5142531449100006e8,2.0532363349357218e8,3.130713789157148e8,3.5433811169075295e7,5.924531628641915e7,1.671119550097925e8,8.628240131741108e7,2.074618385169974e7,2.3058178045326196e7,1.049694525211764e8,6.4580902823748074e7,1.765131155487258e7,1.4554540544358365e7,1.099380245356853e7,1.3936963038345113e7,2.323951767711425e7,2.706192988544215e7,3.8028152453128904e7,85340.46839374106,1.8926941007455303e6,993154.2163475283,6.420116030215615e7,4.39326541051623e7,7.039236134027355e6,4.892018442566506e6,5.223432692907181e7,7.651039583398876e7,2.342927233950552e7,2.411812068650412e7,5.731331808651759e7,5.286569756101564e6,4.632115696110952e7,4.100734498615035e6,1.3736733519564027e7,7.359682135623001e6,1.914442883209288e7,6.928372431331226e7,2.8414267327000238e7,6.2574729057347566e7,6.240634241141213e7,7.094081270191153e6,1.4289540181203006e7,1.999968507701134e7,1.5786229033237505e8,5.4109550791200094e7,1.8367972275270468e8,1.562647514063504e8,3.492184174309839e7,9.299244994927971e7,2.5297491509538192e8,2.8439567510527555e7,2.676316551845546e7,3.222911849962229e7,1.4814485190337848e7,9.518490055077663e6,1.3444660713250522e7,1.860423758590965e7,1.0205952433585027e7,1.0395074937167097e6,1.0120940654941109e6,1.8537124113698453e7,5.247704129439463e6,4.084923274009522e7,9.20036052560149e7,4.520714501738089e6,4.1426718466611826e6,781453.0319828509,9.829524279730968e7,5.116171004153404e7,5.3455317354707e6,3.7860276259803358e6,7.406684833782287e6,5.445281082067537e7,2.678003423822504e7,2.0298836623816304e7,1.3757750290048784e7,7.974190239901391e6,9.533792238750098e6,6.1469958745330006e7,1.4111403628187947e7,5.029871621813377e6,9.85360011529798e6,9.9531478280456e7,4.020418821604373e6,2.5879644661572035e7,5.474124048753261e7,5.918044100311698e7,3.388706836663317e7,4.038845421403542e7,8.778563175635116e6,5.569732536209187e7,1.1390087645577161e8,3.730420554160299e7,9.899887756432804e7,2.9170590726815462e7,8.202253798252619e6,2.3542795289453324e7,2.3091336175174873e7,1.7172289182770144e7,2.254984040230457e7,5.920000461008677e6,6.039414182791576e6,4.973643194719069e6,8.465146208387306e6,9.59919506554897e6,1.063314641995957e6,1.4294347985366678e6,2.055608879853778e7,4.393846682204071e6,1.5234317498902024e6,1.9648057810149398e6,1.273229757097044e6,8.159670320392706e6,7.508684744532947e6,2.0880171110510395e6,3.628311576290871e6,2.1927954381475686e6,1.8212646493575774e7,2.1155495402273603e7,6.439309155538665e6,1.4647584266559202e7,6.046194114686554e6,6.113685498762706e6,1.5240006047540314e6,1.727204413872579e7,7.306092902812004e6,1.918538845586011e7,7.515513677925682e7,1.2748522043963349e8,4.117467578653161e7,9.293419148977162e6,5.682591757976366e7,7.630358293662178e6,808489.2725133973,1.4888555628586793e8,9.571744285000297e7,9.865608459982197e7,6.1414458414368846e7,3.3074120130603872e7,3.85748454475345e7,1.4025915545288766e7,2.2657200078021634e7,2.0686761617427647e7,1.0896259568130963e7,7.770355243701895e6,2.4885930350144345e7,2.209886936304303e7,1.2691184420624687e6
2.50234431304595e7,9.669713219488833e6,8.802278115996061e7,7.915933057916378e6,1.3311552352837754e7,3.7387036751169865e6,6.133736731422782e7,3.627970646962773e7,4.408463129059733e7,4.778438663689072e7,3.2126349177588403e7,2.8025904726720106e7,6.019970555120641e6,6.377154790927953e7,2.7617557604761595e8,2.2599151987913597e8,3.440420866527044e8,3.891305316498888e7,6.536173557502164e7,1.8275892771703246e8,9.434770744142084e7,2.2511146387400787e7,2.543437792575019e7,1.1599008090170132e8,7.15333073853395e7,1.9944783450540725e7,1.6236186489967927e7,1.2623464352515908e7,1.5819273645456456e7,2.63580002470103e7,3.0182791785201333e7,4.126789568180567e7,89031.23693288685,2.0325148621208626e6,1.0794689059662474e6,6.740307106185056e7,4.711849462507094e7,7.5297095708914725e6,5.16224118730279e6,5.478612960226032e7,8.421952724010493e7,2.4899160284595117e7,2.6010168038239177e7,6.126158917557975e7,5.618723121637711e6,4.878187601203164e7,3.9448227412825925e6,1.3701285564739088e7,7.398305071009056e6,1.8252568461915664e7,7.855153116923799e7,3.2168315955947444e7,6.904154251656318e7,6.968309456804454e7,8.224104310624327e6,1.6435453476331234e7,2.51677959121996e7,1.928844184323551e8,6.536303076680022e7,2.2314608749488991e8,1.9255022961352885e8,4.154910512424557e7,1.0974395775206058e8,3.006580790980556e8,3.373581576815237e7,3.2543442854864556e7,3.9851806340234205e7,1.930500741856943e7,1.1213420337518362e7,1.5677917456444683e7,2.1475381093335524e7,1.1451017229486391e7,1.1960582854115567e6,1.1601171315781984e6,2.118693092495223e7,5.950334632470745e6,5.566368693971174e7,1.2583814385054524e8,5.671240354636501e6,4.930568092495601e6,1.0642807333567648e6,1.3967109278876597e8,7.213951608216715e7,7.555916669779815e6,5.38864337589562e6,1.0380667900197262e7,7.645301930294102e7,3.742948076230783e7,2.833570699656253e7,1.968490290528046e7,1.1392375576527668e7,1.3670579416289095e7,8.931791878120564e7,2.0335688466237076e7,7.230973681792099e6,1.4169728004548341e7,1.4047831369107252e8,5.716844925181919e6,3.363949866167148e7,7.246595101385869e7,7.738371682610805e7,4.504975463860393e7,5.6914253138595596e7,1.2302632695432458e7,7.634278076190215e7,1.5644980000252622e8,5.1616887074467234e7,1.3777554881979924e8,4.262947938147711e7,1.21917649676603e7,4.453388153202409e7,3.8130690444315635e7,2.7384914582033984e7,3.4128736987185284e7,1.5291295749883568e7,1.5076098434422871e7,9.887779938745799e6,1.013338851184523e7,7.817334630542169e6,1.4993352945089745e6,1.5886597893289546e6,2.410210335413718e7,4.302388044007442e6,1.2909188572902472e6,1.4095757424922204e6,567150.8347887658,1.6199211200510649e7,1.4964140896905342e7,6.125546352584439e6,1.668001124576646e7,447804.6230725027,1.0790130338304061e7,2.318166682742944e7,7.319906662793152e6,1.5740251142173095e7,3.9164957793264687e6,3.781548258485908e6,1.5652677904713931e6,1.474020210318917e7,6.181685261627203e6,1.6378501474483673e7,6.242282620944587e7,1.0117484661657465e8,3.031043748091884e7,7.351422563229405e6,4.883443075640718e7,7.084994661854215e6,788097.2798526202,1.3257419456361201e8,8.51196649908599e7,8.848555180636707e7,5.432963427776439e7,2.9201001362172734e7,3.372443216893075e7,1.2064005005064782e7,2.0753701831174877e7,1.866370503607516e7,1.0310861132501835e7,7.322443060727498e6,2.3548400559030894e7,2.038752614871775e7,1.2061061357721274e6
2.509909804324575e7,9.578747401660461e6,8.795251164675812e7,7.609789315417277e6,1.2822366943657367e7,3.6259215096028694e6,5.645974917268109e7,3.3527770491326164e7,4.136216935419218e7,4.2722278101214275e7,2.834456286990021e7,2.8569751028358895e7,6.700167001613048e6,7.127553980433896e7,2.898248752908062e8,2.378491922985498e8,3.611956700691756e8,4.077163463594563e7,6.880153197555214e7,1.9052792150314194e8,9.845580968985243e7,2.336181745981813e7,2.6896604788634468e7,1.2283752554112217e8,7.617338496963392e7,2.1654061620230503e7,1.7348577092752587e7,1.3888121029168122e7,1.713471544553934e7,2.842223505454709e7,3.203111364196536e7,4.258737905128389e7,86152.91071634373,2.0724052014953096e6,1.1086238799668334e6,6.6066853781725004e7,4.7428039142447345e7,7.602353836936429e6,5.138366847440869e6,5.39245859260171e7,8.71626666253087e7,2.4632090111787483e7,2.6181029111714076e7,6.0747373586483195e7,5.514354628696766e6,4.7564235603570454e7,3.3771377080893037e6,1.2341104389789116e7,6.738407293755984e6,1.5523272813813798e7,8.353795525567448e7,3.414628162389927e7,7.115889516196261e7,7.279412729211886e7,9.037653900518892e6,1.7775800024508208e7,2.982772563582404e7,2.3011437680430698e8,7.73863699202618e7,2.6498776588040692e8,2.3186281810249847e8,4.832224456383482e7,1.2799715692730659e8,3.523120852554402e8,3.8898614049181685e7,3.801404175771081e7,4.760465386429498e7,2.406372724581434e7,1.270991906814068e7,1.7663776601512507e7,2.3823745913584664e7,1.2440070687430969e7,1.341745158303524e6,1.3026867624160363e6,2.3796892131988026e7,6.607931576909619e6,7.090183429605432e7,1.607747810008983e8,7.702331922318463e6,6.937977218407411e6,1.6159486301944556e6,1.951559102888225e8,1.0044130468337047e8,1.0546020512610273e7,7.569789700422628e6,1.442580604902036e7,1.0560279971197487e8,5.1770201220298156e7,3.915564533399634e7,2.7460767951604225e7,1.5889212150222352e7,1.9153677654077742e7,1.2686728601774906e8,2.8703103496445864e7,1.016087419847479e7,1.9947856783338368e7,1.9351207848281255e8,7.958565923421292e6,4.3922611926514626e7,9.567339822152166e7,1.0153671484925221e8,5.862612921230336e7,7.742088333137673e7,1.6706874182773387e7,1.0258495982711443e8,2.1282191165778878e8,7.057389441081926e7,1.8864898901047334e8,6.160223381102502e7,1.8234648261225816e7,7.086653013598403e7,5.762775100982103e7,4.387789748431687e7,4.8671557940906264e7,2.6636037198514972e7,2.6023627556527305e7,2.032862961631723e7,2.9628665347924095e7,2.72981563057166e7,4.168431530454838e6,4.78811521083904e6,7.927274892150907e7,1.4589504500361996e7,4.677661588831692e6,5.516530328115316e6,2.7825536809467766e6,3.902568568371179e7,3.7931462348547585e7,1.562408248741021e7,3.700414474268624e7,2.8820783541040793e6,1.5610398186170384e6,6.13120071286868e7,1.8735525721769996e7,4.378581266689311e7,7.843061352135789e6,2.5146533632728774e6,2.1815089990001745e6,1.0102639935256606e7,4.178540027259327e6,1.124773591051834e7,4.008033571142011e7,5.704702118636492e7,1.3490646071039071e7,4.452958998490481e6,3.366944378059364e7,5.694832867497178e6,685841.4987047479,1.0087108614291714e8,6.467921997649257e7,6.866261945220894e7,4.085087741941994e7,2.182494039616606e7,2.475698377345302e7,8.440952653119585e6,1.6513583467831995e7,1.4355182447105221e7,8.659951667054953e6,6.108277355983413e6,1.977780493261023e7,1.626562069157179e7,1.0126069872035949e6
2.3541022163729496e7,9.122424228516016e6,8.227709184311599e7,7.368008617315984e6,1.2403810615174513e7,3.5161887755875234e6,5.797352266563718e7,3.398650604379879e7,4.094496027757243e7,4.507722187546811e7,3.0736465079412322e7,2.6032021459520165e7,5.605166926201628e6,5.9147336227056965e7,2.5347796072598752e8,2.0736725785102022e8,3.1567553393711686e8,3.566728208867809e7,5.974980997532277e7,1.6777728627404734e8,8.672744745770591e7,2.08367878684694e7,2.337214514160067e7,1.0644767888712166e8,6.576541508133314e7,1.813552980534844e7,1.4812666107268615e7,1.1352178599147012e7,1.423666629539132e7,2.3613977452968128e7,2.7326285551404428e7,3.796806373549037e7,81713.55871902153,1.8796670634802214e6,984505.6891085992,6.211905838838011e7,4.299009164246394e7,6.935690837465817e6,4.79865202291279e6,5.0865105970148884e7,7.555552474907699e7,2.2587649415750466e7,2.3396813481172234e7,5.47799595608347e7,4.948546555382854e6,4.4164073979077026e7,3.732511701052663e6,1.2351284496998278e7,6.6520910408261595e6,1.756130728238082e7,6.860296750262801e7,2.8089080373963073e7,6.092276738533508e7,6.1111487639860824e7,7.252026987987556e6,1.43163431255495e7,2.1329795013486527e7,1.728974032558941e8,5.8998870902751856e7,2.0057309362191424e8,1.723273999443966e8,3.7602117691702686e7,1.0054306066891012e8,2.7424430946856374e8,3.040066752011016e7,2.8709673809003726e7,3.52188704907365e7,1.6687668382641431e7,1.0021657873299042e7,1.4134641055160498e7,1.9333132856170565e7,1.0529055651279157e7,1.0939733533135166e6,1.0672053551991708e6,1.9564811941270065e7,5.498627357510222e6,4.640187643427569e7,1.0480088178180817e8,3.570405403566124e6,2.945501047721772e6,587189.5432289308,1.2297944696305019e8,6.375276518873239e7,6.6762496535597835e6,4.757498123977761e6,9.206606372096792e6,6.739443410885629e7,3.3155484683788635e7,2.5108571638726197e7,1.7209720398252297e7,9.971090003575448e6,1.1971609859101892e7,7.820577263019167e7,1.783801980924442e7,6.333366382805629e6,1.2425756134646578e7,1.2300295360939048e8,5.016179985111955e6,3.042104963249571e7,6.4986373556539886e7,6.985345656993234e7,3.9769550420988895e7,4.936297578250208e7,1.0709884006050332e7,6.724247155298395e7,1.388913336282998e8,4.5711941499769464e7,1.2154154161025085e8,3.763569534441144e7,1.0879783003197648e7,3.530966775357021e7,3.1808930688159935e7,2.4364270567216065e7,2.8966291722219728e7,1.0957797986161387e7,1.0897652860499956e7,8.786551633207198e6,1.06490523253255e7,9.718532981261605e6,1.470508398119207e6,1.7207134051340334e6,2.128110744770974e7,4.561769885625498e6,1.4529591700381264e6,1.7347594748569657e6,1.0118001478017868e6,1.440695490158494e7,1.30320289723211e7,2.613082236134686e6,9.63947263049156e6,1.3885979331908629e6,1.3749860606400535e7,6.812440133263418e6,980347.2349605164,1.172591313161424e6,2.5813400214887355e6,4.0809574620203474e6,953812.3513532716,1.497650037035693e7,6.344509077110218e6,1.6658863634530358e7,6.432099844089504e7,1.0616763837818396e8,3.2378653783836428e7,7.241538639625712e6,4.796029192351744e7,6.767525168044222e6,718952.0839274238,1.3341921288725118e8,8.57992759703027e7,8.908701771262987e7,5.490457354703184e7,2.949535053705324e7,3.429053246640569e7,1.2243421025847381e7,2.0430788400355462e7,1.8400990470138073e7,9.956136538000545e6,7.086488421040616e6,2.273933914702071e7,1.9730044822921507e7,1.1490469923460418e6
2.34699841874822e7,9.095145880190164e6,8.199728658812027e7,7.338486884652076e6,1.2355101018184556e7,3.5043843543656305e6,5.776764874436477e7,3.385036595943961e7,4.0766806954961814e7,4.4901639533272155e7,3.0637174131301396e7,2.593994138814063e7,5.591638602096308e6,5.899570955048692e7,2.5249591554014316e8,2.0656789673187116e8,3.144489841914855e8,3.552582843649698e7,5.9507168218667716e7,1.6711687726466838e8,8.639330859263939e7,2.0763122470059898e7,2.328518115498228e7,1.0604584911567208e8,6.552774033871817e7,1.806322570338713e7,1.475347812533549e7,1.1301827972044496e7,1.4171283385274751e7,2.349811976173949e7,2.7203180121697232e7,3.781892680566288e7,81326.87765276576,1.8725734502459946e6,980106.2260758711,6.184750622080587e7,4.278952267435682e7,6.907266058533046e6,4.7807035234305095e6,5.0665750652576126e7,7.51532258779302e7,2.2470691107589453e7,2.326850401606981e7,5.445129263404744e7,4.913719838953899e6,4.3923557531946026e7,3.717349730650853e6,1.2271397541231085e7,6.608694905856826e6,1.750519204497954e7,6.815096093449602e7,2.790301285023948e7,6.053561313024803e7,6.071040072514589e7,7.211572638089491e6,1.4222931971717902e7,2.118444293144112e7,1.7229593418512428e8,5.8808984803791076e7,1.998911144193916e8,1.7173787832031667e8,3.747670505219606e7,1.0027708856572445e8,2.7347360166728854e8,3.0288528654698364e7,2.8575275871636268e7,3.506959676277268e7,1.6608038848058281e7,9.97771265107142e6,1.4078371547037506e7,1.9250623102999564e7,1.0493566375492167e7,1.0904136619810304e6,1.0640723483448226e6,1.951138733549154e7,5.483033300789782e6,4.61005910920566e7,1.0412081913145246e8,3.4723399663939285e6,2.8519773131546746e6,565596.254198045,1.2278737895936403e8,6.3660176463657275e7,6.666835397230478e6,4.751252701932746e6,9.194503838162025e6,6.727681919744162e7,3.3106643156712513e7,2.5071523825310886e7,1.717607455286326e7,9.952120872379484e6,1.19503408738263e7,7.808970395054884e7,1.781068282383582e7,6.322568874277881e6,1.2405823688864507e7,1.2273915943044102e8,5.007075100884097e6,3.0374206673832007e7,6.487195074665619e7,6.974567770420663e7,3.9656673591436304e7,4.9219689564460315e7,1.0680507748162348e7,6.7084820312609024e7,1.3865535157574108e8,4.563329683349284e7,1.2131214053769958e8,3.760962304729524e7,1.0886365283706414e7,3.518481181423966e7,3.173217221678458e7,2.4418161291048173e7,2.8879480855217863e7,1.0897084509509932e7,1.0837985634215904e7,8.88168243129108e6,1.096885803176539e7,1.0081458457295237e7,1.5112039658763371e6,1.7747939369688835e6,2.222239123634991e7,4.745191031262012e6,1.5158891167986083e6,1.81392877686377e6,1.0569000798892777e6,1.4679621478273837e7,1.3319143975151202e7,2.663683511419454e6,9.660109984131033e6,1.4436107850509805e6,1.3833477424141241e7,6.812440133263418e6,980347.2349605164,1.8438226256335545e6,2.5711151939617535e6,4.084088800047488e6,924933.5197857926,1.4953531719210874e7,6.337612990110805e6,1.6634347893038556e7,6.4251140932898335e7,1.0610349641843897e8,3.2369517738976724e7,7.214753161589473e6,4.7802692772979826e7,6.740659649229856e6,714605.1331617733,1.3321520783173226e8,8.56743757171136e7,8.896182461176412e7,5.4828792866518594e7,2.9453030431078568e7,3.4249649391076595e7,1.2225018464101596e7,2.038156120545957e7,1.835454946557522e7,9.925386211582404e6,7.065130785016623e6,2.2669162982907742e7,1.966492339438187e7,1.1446552113182542e6
2.3654158701589897e7,9.167600694888167e6,8.273063297464743e7,7.420867684410548e6,1.2490657727317093e7,3.536943966315206e6,5.838143104350802e7,3.425134404927127e7,4.127984973813674e7,4.544229204698767e7,3.095410552022709e7,2.61731957688937e7,5.617199499722341e6,5.928404391126408e7,2.5487451721522185e8,2.0849280570119706e8,3.174184760952857e8,3.587024320211748e7,6.009464214416851e7,1.6873789815657377e8,8.72103699579006e7,2.0943642097699184e7,2.349189367539914e7,1.0700001364131917e8,6.608296621651501e7,1.8228204429773584e7,1.4892710304783916e7,1.1415924859012041e7,1.4324384541859291e7,2.3773912988632508e7,2.7500612312693704e7,3.8191401800966024e7,82396.78922068857,1.8906072313097874e6,991287.4791434671,6.2585203748339936e7,4.331575721900135e7,6.981033582086858e6,4.828181470239284e6,5.12030219599655e7,7.617836755216561e7,2.2786117664229967e7,2.3608086828027956e7,5.534113550192668e7,5.009937311271899e6,4.458492094252766e7,3.766364409885235e6,1.2511379182736987e7,6.737635650597433e6,1.769366468217218e7,6.92869761536825e7,2.837198099928466e7,6.154196148439898e7,6.1739645342167914e7,7.306863988216723e6,1.4452629384255398e7,2.15026007799613e7,1.733401590294165e8,5.91346137930306e7,2.010799365538115e8,1.7272210036223653e8,3.7708070818661936e7,1.0071283630901079e8,2.747540250802634e8,3.050821442715383e7,2.8849861892126642e7,3.535026110513424e7,1.6749279653870352e7,1.00715743637116e7,1.4197326665799363e7,1.9433412417701066e7,1.0572105825174352e7,1.0976296034334574e6,1.0702135092898926e6,1.9613526042098653e7,5.514311413925749e6,4.6677385411265366e7,1.0541497525150366e8,3.7322806309665507e6,3.1081658805095362e6,621286.877319597,1.2253666977598806e8,6.351871722038362e7,6.650968489411681e6,4.738122698408481e6,9.171440201138163e6,6.718708536041817e7,3.3039772823130224e7,2.5021563507369135e7,1.7157903453125626e7,9.940377822386105e6,1.1931336620686978e7,7.788530810454053e7,1.776881394868679e7,6.310986702303019e6,1.237955816676856e7,1.2270182568718895e8,5.000332092758375e6,3.0355884327070072e7,6.485270961619227e7,6.969699639933965e7,3.976251986709906e7,4.931026812279208e7,1.069638600530639e7,6.713499171667363e7,1.3850303708059838e8,4.5580311677923895e7,1.21216340711858e8,3.74250360193551e7,1.0790899043975482e7,3.515305694164442e7,3.166817508622347e7,2.4071058873746004e7,2.8906263010597493e7,1.0902433783247245e7,1.0845744436067792e7,8.521589429457162e6,1.0006452309325818e7,9.053690966973795e6,1.3850746765602403e6,1.6141191109587643e6,1.9424250932775088e7,4.213020448465893e6,1.337176946560526e6,1.594230972092721e6,938564.0265059378,1.3752785389638854e7,1.23599305807244e7,2.4289486719219564e6,9.355208628726823e6,1.3216026757551215e6,1.3763965442487e7,6.812440133263418e6,980347.2349605164,1.1295515454970426e6,2.7203038942063497e6,4.142459650556598e6,1.011330888687576e6,1.508232033141352e7,6.384771312776214e6,1.6774181896583883e7,6.4763601164194375e7,1.0693167245962372e8,3.2670501702154506e7,7.346134394906755e6,4.847139813402809e7,6.834109022054537e6,728116.4721981948,1.3420372002313122e8,8.629353534854585e7,8.95706497525783e7,5.521980890618966e7,2.966966149401132e7,3.4484680000878796e7,1.2326390402826568e7,2.057313873161209e7,1.8541110795541756e7,1.0030940572130835e7,7.139412519283221e6,2.2910086677483644e7,1.9900251495773457e7,1.1592759627086504e6
2.3345501581553232e7,9.004936281847779e6,8.132745008728644e7,7.148053625599834e6,1.2049347038241742e7,3.4365230952966e6,5.547541508502491e7,3.2461220752199277e7,3.923958906871093e7,4.254046833554541e7,2.9023348298056737e7,2.591893551763826e7,5.801083610043602e6,6.130234095876437e7,2.5499773815094543e8,2.0887847478427383e8,3.1760818475211275e8,3.5843631635857135e7,6.013723211762824e7,1.682768441943776e8,8.705279393042177e7,2.089574304868422e7,2.360150357765606e7,1.0753478626841687e8,6.662850310433824e7,1.84993140762885e7,1.500709383518562e7,1.1628558112996852e7,1.4474541122488836e7,2.3929271358580027e7,2.7545918578468967e7,3.792314993406058e7,79090.41718757781,1.8695984365303768e6,978747.7264697455,6.059707559914045e7,4.2328567546216376e7,6.859693532108309e6,4.727860763721983e6,4.984099733479933e7,7.500822482550116e7,2.200037774196212e7,2.291536684308705e7,5.308021099245783e7,4.726248011707726e6,4.265492562491159e7,3.457950197948438e6,1.1370135012713557e7,6.153570128363226e6,1.6368434729680333e7,6.845262299434176e7,2.7995256727278963e7,5.996204588656993e7,6.0454360065194316e7,7.39099270341298e6,1.4409785974965837e7,2.2462077949296333e7,1.8406288319632396e8,6.261283243832546e7,2.1309842347957823e8,1.8425136724405256e8,3.958360189471564e7,1.0607478890875477e8,2.8986403863832974e8,3.1860178965266887e7,3.020132651143249e7,3.747440212867947e7,1.811521562323268e7,1.0404979019658884e7,1.465223794652528e7,1.9887811427810207e7,1.0764551478329174e7,1.1339528421735796e6,1.1074184295603654e6,2.031246491784595e7,5.680786181078848e6,5.0833635418024875e7,1.1500335174387702e8,3.482630787820817e6,2.7341221655316376e6,628842.4305027004,1.4121514733354792e8,7.305238828593631e7,7.659152877731601e6,5.475164155714047e6,1.0535843664264033e7,7.69542638608687e7,3.786336326754706e7,2.8660158996738605e7,1.97619084364367e7,1.144724806044007e7,1.3773423449660929e7,9.057479228208564e7,2.0591890765260607e7,7.296741412056631e6,1.4326542919373835e7,1.403595501717112e8,5.75205760198367e6,3.376685178928576e7,7.254034747790162e7,7.771850779071668e7,4.412607230915103e7,5.602437854484095e7,1.2141729564798469e7,7.577863301602592e7,1.5733922365559664e8,5.191997479744684e7,1.3819358822212288e8,4.3896790510832615e7,1.2871221646322198e7,4.4121076091452494e7,3.828167399865011e7,2.9773588741049208e7,3.373909636523851e7,1.481993609822588e7,1.461751256231907e7,1.205364601412377e7,1.5722524603244323e7,1.4114709376020053e7,2.2016337136157127e6,2.5327037193753207e6,3.610372885856318e7,7.103014338574343e6,2.2472354551162273e6,2.6328507420208603e6,1.3836683733261963e6,2.125560149490531e7,1.988573168971608e7,6.037494132417414e6,1.680230454881516e7,1.4308239755893548e6,1.0727414586424774e7,1.5743522385274962e7,4.762834668005592e6,1.1836320527082274e7,1.3620427405205702e6,2.5832960222335043e6,732443.1309750702,1.3254584843874674e7,5.624869668336676e6,1.4764009962951424e7,5.6219603514677115e7,9.029522354369146e7,2.5850512436695535e7,5.708672337235014e6,4.131896498499749e7,6.123307452366156e6,654461.0385518993,1.2178214600976993e8,7.833932011759984e7,8.188500645111495e7,5.001175668940368e7,2.6805454009517808e7,3.107617386041159e7,1.0905850966307038e7,1.875122850128654e7,1.6679698767436245e7,9.247531467783181e6,6.570903204392292e6,2.1121341528618567e7,1.795105588825227e7,1.0592358056033514e6
2.348760928660599e7,8.988301264690833e6,8.165465299870506e7,6.996991708761464e6,1.1811153287683964e7,3.3843112147980845e6,5.2764410125477985e7,3.0928343076305974e7,3.775769503845495e7,3.961640830694148e7,2.6849289598855693e7,2.6365121421624567e7,6.21573349783072e6,6.588899746476637e7,2.644547954751841e8,2.1702237367685768e8,3.294839413468294e8,3.714208728097998e7,6.2516697119762026e7,1.737934183280254e8,8.99493492190053e7,2.1500758481401224e7,2.4589368984592184e7,1.1215540859899347e8,6.970853823082311e7,1.9616720873632602e7,1.5750848975116475e7,1.2454522254927505e7,1.5352361560884884e7,2.532738469201213e7,2.881860494209401e7,3.8907579305927455e7,77735.5351042674,1.9026921257464497e6,1.0018259653986546e6,6.009742181986831e7,4.275228018919167e7,6.938944860056628e6,4.736334745454872e6,4.956627578017618e7,7.727970890725102e7,2.1959741747153077e7,2.3158045316985346e7,5.307037367900129e7,4.685298900739188e6,4.213276769156966e7,3.1178144586091386e6,1.051696621779891e7,5.744968820952681e6,1.4767311470531516e7,7.205827113579217e7,2.9432481577432275e7,6.168443018347973e7,6.2820929200618036e7,7.938495953126034e6,1.534937906705388e7,2.5517683338183552e7,2.0681539209780064e8,6.993229191307065e7,2.386573184481319e8,2.081845465206184e8,4.374268786488469e7,1.170763739448782e8,3.210877916120426e8,3.5069418836580686e7,3.366211560769315e7,4.2290907449249364e7,2.10668320268912e7,1.1359666562566325e7,1.5910743793254104e7,2.140370903852241e7,1.1398203257310022e7,1.2246897489160753e6,1.1953464886969207e6,2.1912055605470154e7,6.087653826759932e6,6.051496790169127e7,1.371797841626501e8,5.101126195919453e6,4.395725917230737e6,1.0712704256668703e6,1.7326436461979097e8,8.936866088488632e7,9.38169566074553e6,6.729580897629244e6,1.2862158013936214e7,9.384813985593615e7,4.6134122615438685e7,3.490066487302881e7,2.4284168413283944e7,1.4060151553248037e7,1.6952328945152573e7,1.1223626635927998e8,2.5422669060395554e7,8.993269722173352e6,1.7666523202648e7,1.7131435301790705e8,7.052693732832785e6,3.9712608874817416e7,8.601261740519132e7,9.168206898545729e7,5.218293523350621e7,6.8159636991253e7,1.4741182705790685e7,9.116817550462468e7,1.8999247646316567e8,6.2903796740119845e7,1.6775815800570694e8,5.470065195206612e7,1.6245665053836482e7,5.976419144066311e7,4.969603635075148e7,3.88310737870461e7,4.233463784092258e7,2.1701150642519288e7,2.1253409821885467e7,1.751459095501287e7,2.5054331896084774e7,2.2992065052432526e7,3.5108260741393915e6,4.048908839699321e6,6.392345164518593e7,1.20316800614393e7,3.8465064942191187e6,4.532309180218226e6,2.31959218674096e6,3.2954738161699347e7,3.1685097895807546e7,1.1818124929903403e7,2.897357217587205e7,2.3559733638179055e6,5.865428749716723e6,4.24454304472322e7,1.2901830464263106e7,3.0737586512718327e7,4.405410254135685e6,1.1100210987292328e6,1.2699352749108714e6,1.0483107012350647e7,4.443800119993743e6,1.1706695349884085e7,4.288496541145054e7,6.364845009973602e7,1.4778307615927946e7,3.445452652764067e6,3.1480926556318387e7,5.263044344056342e6,589127.1927791139,1.033128579012456e8,6.6451489245929904e7,7.042328655902807e7,4.217102096869386e7,2.2502560592853248e7,2.5861511127741322e7,8.754690042389976e6,1.6250573740720145e7,1.410105283664254e7,8.275927862240929e6,5.85558404548598e6,1.8902384174054503e7,1.5453567310057858e7,942850.5796143826
2.1870663868134577e7,8.43786594290489e6,7.551002611825106e7,6.530871639497443e6,1.1031468745476628e7,3.1905301107378695e6,5.1195448479237825e7,2.9619738808588263e7,3.550875011722083e7,3.889996780428043e7,2.6988153851869334e7,2.4011111493264593e7,5.531773096678259e6,5.829296613189988e7,2.3481566979221195e8,1.9246899368299046e8,2.924047141262135e8,3.2934509248153444e7,5.515488001778788e7,1.5467169751156065e8,8.01724360240978e7,1.9376828202612754e7,2.1819907850357004e7,9.930696127418308e7,6.177397603286672e7,1.7035494408282127e7,1.3799420815981254e7,1.0615888382858431e7,1.3147744452826055e7,2.157116811268766e7,2.502422028088387e7,3.484089769149077e7,70982.0193359126,1.7225636017854805e6,887581.0787631425,5.491885658897671e7,3.814863034765826e7,6.268727077619113e6,4.354131933802931e6,4.5681569638208784e7,6.6670231858903386e7,1.954991833682858e7,2.023321843707852e7,4.617163470524514e7,3.988734169890478e6,3.7598692754747376e7,3.147183848665595e6,9.680421942217752e6,5.234244377575362e6,1.5236618934296597e7,5.913967859818093e7,2.415778632971315e7,5.189428222293713e7,5.212919730857789e7,6.574393119088883e6,1.2501346318034237e7,1.9677088632680185e7,1.7280843390960214e8,5.903530658748859e7,2.002764457837854e8,1.7335022251461807e8,3.7173768813417606e7,1.0100019025719956e8,2.752180618136909e8,2.9684708484878425e7,2.7614570075925674e7,3.467101280307873e7,1.6690908352775943e7,9.538620103395103e6,1.3539123378760403e7,1.823731763047016e7,1.0046798762508966e7,1.0634203161857333e6,1.0454215370253978e6,1.9255894593639743e7,5.369739526099612e6,4.553310165391522e7,1.0309127642000154e8,1.5562933922345939e6,861625.6906605366,306724.4033017338,1.3948488177980626e8,7.22427753252803e7,7.58127802212808e6,5.431561636588706e6,1.0438101710058479e7,7.569350140208408e7,3.740220719860084e7,2.8306917795993157e7,1.9402261775581278e7,1.1247390367015082e7,1.3566432695218466e7,8.975732508038235e7,2.037483470008638e7,7.19746610632669e6,1.4155903925645405e7,1.3717850752637458e8,5.657575290071118e6,3.311541242046381e7,7.096345944386226e7,7.625142715740417e7,4.2334677602709174e7,5.4022003536910586e7,1.1734158562658135e7,7.359089270531645e7,1.5458329380038851e8,5.1024569804695316e7,1.3548689898103952e8,4.408616991372397e7,1.3207320185134195e7,4.354804540707751e7,3.784229857892926e7,3.139460702942539e7,3.2737711203264557e7,1.479378028008553e7,1.454598590257972e7,1.4124338946217733e7,2.1475447762041643e7,2.0486740899033844e7,2.9466644278143276e6,3.49884459154399e6,5.235620813933803e7,1.0288804437408967e7,3.331912046162169e6,3.9961203694394194e6,2.188193615559975e6,2.6674763148413863e7,2.549324689448737e7,7.916484770634491e6,1.9468339444314633e7,2.6286586832258427e6,1.371587335366598e7,2.674093803934799e7,7.876104949296632e6,2.0227842831817806e7,3.366905406088545e6,3.423153768524493e6,292578.4651656517,1.2978681442140946e7,5.571692396770341e6,1.4476117024393005e7,5.590243882018314e7,9.181287702034123e7,2.731974811801527e7,5.447526011768163e6,3.874322158631814e7,5.590736503827081e6,563378.4773860272,1.1853845102338988e8,7.63920270214276e7,7.986917428379099e7,4.888211316170055e7,2.617366623871205e7,3.0549136866004765e7,1.0671905568823697e7,1.7829989955673162e7,1.5835695224782681e7,8.632807478455005e6,6.146406667937312e6,1.971854880155541e7,1.6685645083478551e7,970255.6729281945
2.2446003055822182e7,8.337736388370261e6,7.743382177099545e7,6.06570800596126e6,1.027834916864758e7,2.9791573305947375e6,4.011461030441693e7,2.403041902800614e7,3.0937818756900083e7,2.7682106110225294e7,1.7614450413285773e7,2.6206234564219475e7,7.331151947010091e6,7.829628775245616e7,2.8058354800499135e8,2.3158813924656016e8,3.4991728519011426e8,3.931632837351764e7,6.687897284057271e7,1.819960272438225e8,9.430848179714838e7,2.2221015600721687e7,2.646274497747829e7,1.2111301921548608e8,7.60076602883893e7,2.2280226724481612e7,1.7349888546419907e7,1.456936131977597e7,1.748645086255833e7,2.8745104452683434e7,3.152071803570665e7,3.9871424847929984e7,69774.12009100379,1.8960102692627548e6,1.0238278547303008e6,5.5121043951322444e7,4.197643682548698e7,6.789798572204524e6,4.463090615246283e6,4.555500023105434e7,8.170746489295489e7,2.103776923082209e7,2.324874778660911e7,5.2721783583238065e7,4.832750475531155e6,3.949433710806217e7,1.9008764860436704e6,9.254421047789931e6,5.14586455936694e6,8.365938872282099e6,8.297876634696145e7,3.3823819287045635e7,6.6766302527841195e7,7.012547706462385e7,9.43592316219284e6,1.8146319863885645e7,3.494618165835121e7,2.744935427804491e8,9.158328392676374e7,3.143519816317829e8,2.801093662957217e8,5.573466004372232e7,1.4936355094020104e8,4.129355253876847e8,4.41687305143909e7,4.370613219640598e7,5.658754644074998e7,3.0141528621407896e7,1.3993246478938121e7,1.9319928167804997e7,2.5365289981105443e7,1.2898805424467316e7,1.4681891133607586e6,1.4333779800730366e6,2.6270670067478187e7,7.156710150324005e6,9.092063342316116e7,2.0689876002217087e8,1.2717474870615384e7,1.2274369940848893e7,2.855940035505874e6,2.7996297165689325e8,1.4374597333414942e8,1.5129196010677647e7,1.0926860770462373e7,2.063035214623783e7,1.497875250371283e8,7.365109585413007e7,5.56579972305559e7,3.924678819412187e7,2.271135822683264e7,2.750742744974634e7,1.846653227699866e8,4.154478109170706e7,1.4635749675293246e7,2.8795670290439907e7,2.7313627303784806e8,1.1362641332208334e7,5.917173008833212e7,1.3005494255201572e8,1.374503681718692e8,7.790154755027045e7,1.0754999426138806e8,2.3189363709779594e7,1.4126941976526028e8,2.9779046949287575e8,9.919823801398669e7,2.6522187393042138e8,9.136712891885939e7,2.7979267415540572e7,1.1215753423783946e8,8.788121190022227e7,7.105495881495476e7,7.059911990415472e7,4.4891634284838334e7,4.359391791727066e7,3.8100361392422035e7,6.356975286199592e7,6.1465636499796905e7,8.785769309259955e6,1.0369645456187243e7,1.743187501197332e8,3.2407868900510874e7,1.055501522567134e7,1.2662327773070557e7,6.688972564824083e6,7.807685826495309e7,7.717616438396886e7,3.2217715079343818e7,7.136207977480517e7,8.006246874818841e6,2.054382567442173e7,1.3580133089851606e8,4.118364114790975e7,9.756733621067744e7,1.9706210741096936e7,9.139339901015246e6,4.197691924767334e6,833655.480505705,391498.60359889263,218805.4747755579,7.517564818975111e6,3.547502228947188e7,2.536811888434172e7,6.314708265774063e6,1.46665623201986e7,2.5854508028156282e6,475468.8503074445,3.2010035910627224e7,2.0749296338819414e7,2.622862609056764e7,1.224947534882617e7,6.049191103371657e6,6.383908114579222e6,604802.3574505511,6.420708794024464e6,4.345163269205775e6,4.423454667371226e6,3.026247379375117e6,1.0102216862195985e7,6.545879882455233e6,525347.3299592672
2.3050660508484293e7,8.568325921688776e6,7.983652769980626e7,6.331392216976165e6,1.0714075147846157e7,3.0809939807305336e6,4.202714025885526e7,2.533526026919441e7,3.262943724574092e7,2.94827037219355e7,1.858233445853007e7,2.699985237642098e7,7.46992055937271e6,7.98323235529249e7,2.890696114259187e8,2.3850365604517856e8,3.6051475299556285e8,4.053613342775704e7,6.896876846501386e7,1.8769021336635205e8,9.719361040374653e7,2.285911926766197e7,2.7218985656488907e7,1.2460411625750223e8,7.808921898905939e7,2.2910773852531277e7,1.786236137142887e7,1.5002363994333167e7,1.8043246139180522e7,2.9722273603247985e7,3.2571001738431986e7,4.115686068443453e7,73307.35945379661,1.9571979771997214e6,1.0616903446673022e6,5.754068673622975e7,4.372570337761416e7,7.036121731960525e6,4.618659948887684e6,4.730255198549502e7,8.513333046831495e7,2.2080822738307405e7,2.436982269042652e7,5.564633527043483e7,5.1443602899388345e6,4.168823994375216e7,2.0810852772340411e6,1.009398493032156e7,5.591957911603991e6,8.975952358235681e6,8.667599946738416e7,3.534705129070881e7,7.003892696852483e7,7.345971291359697e7,9.769530807894416e6,1.8902433511141483e7,3.608882580868e7,2.8053116823693687e8,9.353140950727041e7,3.212173411774246e8,2.861567324304462e8,5.69681809023485e7,1.5225979850316337e8,4.211785367596566e8,4.521992188295886e7,4.4884507643697284e7,5.797164478157436e7,3.0878073169805437e7,1.4377952729742019e7,1.9823293056096453e7,2.608321256474864e7,1.3218380145263806e7,1.5017672829858572e6,1.4639479944516907e6,2.680508532026923e7,7.307786740365326e6,9.34106994185804e7,2.125335948208803e8,1.3190602368217584e7,1.2704058184814282e7,2.9485346230018293e6,2.846175057434996e8,1.4610494459841654e8,1.5376666801504854e7,1.1104376506592194e7,2.0963597361079816e7,1.5231476594856587e8,7.485864495605269e7,5.657037331752589e7,3.992509986876463e7,2.310184646680691e7,2.7975178009749364e7,1.87733589885414e8,4.223640942636377e7,1.4883120805434277e7,2.9277919527797576e7,2.7793519151798844e8,1.1556216994837139e7,6.012269148872491e7,1.3221970369183506e8,1.396658029287973e8,7.938360343094376e7,1.0958635718418555e8,2.362183218193496e7,1.4379914118656728e8,3.027626904654589e8,1.0086160708454701e8,2.69753193121959e8,9.2787803031759e7,2.8375844740169674e7,1.1431258852860391e8,8.947512572701666e7,7.20161931296505e7,7.193465970693651e7,4.579478132288991e7,4.447178301598512e7,3.858115994311904e7,6.429326503363349e7,6.21333878841603e7,8.890340925562305e6,1.048613720494797e7,1.7666014780689907e8,3.2801074008477014e7,1.0681798466536717e7,1.2811465068431215e7,6.759002133613496e6,7.906871542852505e7,7.818298438165157e7,3.2804848318560284e7,7.267283041126496e7,8.083427622481469e6,2.0456632280682497e7,1.3850161357140413e8,4.202133110108248e7,9.943625499727651e7,2.013318957248067e7,9.327010207226032e6,4.338406539580886e6,942526.0075080651,226156.69809590155,893840.1330044935,7.110457677791669e6,3.515328583409717e7,2.5800170712975293e7,6.668078152402627e6,1.763461389494009e7,2.9861377620937335e6,524928.7406404129,3.250971159487251e7,2.0845787433624122e7,2.6206246635754906e7,1.215557345241382e7,6.063206745777381e6,6.017219418616465e6,871416.4628497997,6.976120358202513e6,5.060074306296974e6,4.766211250556322e6,3.2666807046931544e6,1.0883999509926844e7,7.512849255286957e6,580325.9061931154
2.2519504107713003e7,8.362502456461363e6,7.773294952876528e7,6.09509853571312e6,1.0326018079070795e7,2.989026823818985e6,4.024814278674304e7,2.4151530867017403e7,3.1125622868747126e7,2.7825739972617436e7,1.7645603171169423e7,2.632116627617783e7,7.365066184159555e6,7.86733844857927e7,2.8205143883145267e8,2.3280103282065728e8,3.517546995277161e8,3.95262469616302e7,6.72475777374018e7,1.8295114816024816e8,9.479336385948929e7,2.2323931201500002e7,2.6598259219436854e7,1.2174351753042687e8,7.63936792328043e7,2.240775327750486e7,1.744657027105411e7,1.466131765311744e7,1.7597993754687116e7,2.893845997485646e7,3.1714806302297145e7,4.007618252580786e7,70245.25561594132,1.9050506083343436e6,1.0299303541954036e6,5.5437501552267216e7,4.2240991807462886e7,6.825378326288066e6,4.4829467683864e6,4.5770144218667686e7,8.230823902781405e7,2.1196140619763285e7,2.3432879977309823e7,5.321295629602765e7,4.890562987069025e6,3.982854395396105e7,1.9176525840283749e6,9.405141830009658e6,5.225420545564304e6,8.3817059484009715e6,8.3721625214171e7,3.412912158276722e7,6.737423957313783e7,7.076999778417115e7,9.506831356257081e6,1.8303776416699946e7,3.524354091540833e7,2.7623686300797206e8,9.214213895279522e7,3.1631683390308726e8,2.819076004838349e8,5.60668841250638e7,1.501911655919236e8,4.1529426293509966e8,4.443866806208369e7,4.401014543202899e7,5.697426062535151e7,3.0366520362854645e7,1.408415857181448e7,1.9437714826547932e7,2.552285097560978e7,1.2964412395842431e7,1.4761615543268411e6,1.440810435693395e6,2.6402752707193915e7,7.191995148047382e6,9.1684846334974e7,2.0863920458198267e8,1.2894210598239066e7,1.2446219783721063e7,2.893618879470649e6,2.81998730862336e8,1.4478139265879977e8,1.5238368927272618e7,1.1006128998937333e7,2.0777705952296805e7,1.5086733552363282e8,7.41769870548898e7,5.6054905608847365e7,3.953608253109378e7,2.287836679436963e7,2.7709924029142853e7,1.8603437779580203e8,4.1850749639383435e7,1.4743609986729879e7,2.9007580563572496e7,2.751314512812284e8,1.1445692649057906e7,5.955701743432153e7,1.3092935897091046e8,1.3835367347133964e8,7.844478760749643e7,1.0834886941066357e8,2.3360015471496593e7,1.4227534362311026e8,2.998852147236113e8,9.990207245983103e7,2.671217166317679e8,9.204097595910141e7,2.8186660449710906e7,1.1314142771881902e8,8.860075462785885e7,7.160665827817635e7,7.11544816656693e7,4.532022066856263e7,4.400794817279265e7,3.843432725304241e7,6.417119304042963e7,6.205953720958675e7,8.868828013769913e6,1.0468065684362313e7,1.7607485756025922e8,3.2727140412200782e7,1.0659783819350082e7,1.278872987057681e7,6.7557136333514135e6,7.880013853623886e7,7.790604213984613e7,3.2563718443477448e7,7.20945059684407e7,8.091099039850846e6,2.0802683950315602e7,1.3738738947669622e8,4.1667223158046484e7,9.869279520874028e7,1.996407242608277e7,9.282542378736116e6,4.25833562587447e6,833655.480505705,337679.37764310825,212041.51131050164,7.91440992814871e6,3.6561522276239686e7,2.5927351947235744e7,6.478870687504007e6,1.5462967703593824e7,2.6341487990412135e6,484256.3179201353,3.1048524482437074e7,2.010185429424776e7,2.5597289871990465e7,1.180115811419251e7,5.809286416440883e6,6.051206897600874e6,571206.443078809,6.375369305093476e6,4.339851569248489e6,4.4289982719170805e6,3.0283505831425986e6,1.0114635071848173e7,6.613548694070997e6,529947.902868051
2.304429866810924e7,8.600103677762367e6,7.974895278193022e7,6.363501360033472e6,1.077159067226973e7,3.1067443109435122e6,4.306016247854863e7,2.5742436385138433e7,3.284519046282474e7,3.0295035275005057e7,1.947284190844765e7,2.68018760946859e7,7.286901962864246e6,7.77901056601927e7,2.8444673828022236e8,2.3455717000673783e8,3.5469709925871944e8,3.988435683959974e7,6.77585361572294e7,1.849102937262003e8,9.577233112141797e7,2.2588500368934892e7,2.675568093335421e7,1.2241486532014468e8,7.667306861016487e7,2.2370792532881144e7,1.7498028771841783e7,1.4586129370073067e7,1.7580768424203377e7,2.893921944593365e7,3.187303128157586e7,4.064487537908953e7,72935.2253073063,1.940220091873664e6,1.0461102109322839e6,5.733065670462244e7,4.31981882820299e7,6.977545297894444e6,4.608600160058668e6,4.72785342092699e7,8.323900022416319e7,2.177052220873675e7,2.3889868860029694e7,5.4310810264395684e7,4.949108792078231e6,4.104106877097013e7,2.142470433039461e6,9.650999237907829e6,5.359524179208037e6,9.576203877847414e6,8.365407478166668e7,3.4111046432377346e7,6.790674607039087e7,7.101663408159284e7,9.451156853331044e6,1.8222692701420024e7,3.441366155709765e7,2.6973625028661466e8,9.008532121240072e7,3.0912819328918284e8,2.7478172360208905e8,5.5019403544150904e7,1.4716293166788918e8,4.0664448239761007e8,4.370277805880861e7,4.31745781765072e7,5.5640772075033486e7,2.9431421164487984e7,1.3908960514684755e7,1.9220896113573126e7,2.533745148829123e7,1.293263307367239e7,1.460185516837409e6,1.4241603230648926e6,2.608576957296532e7,7.126494914324279e6,8.849179408101441e7,2.0128169423021057e8,1.1917990307830853e7,1.1422229046488175e7,2.66501894229335e6,2.687903151846733e8,1.3804355350808102e8,1.4524977192968242e7,1.0483027150851306e7,1.981299939490308e7,1.4399916205787927e8,7.077707812875235e7,5.3491228448272265e7,3.769896891838683e7,2.1815208527377836e7,2.6407348960196607e7,1.7700521213231716e8,3.984680443879744e7,1.4045588503593072e7,2.7627321069562554e7,2.6274669603730497e8,1.091555430826328e7,5.722181474816816e7,1.2564547620392013e8,1.3284582807672931e8,7.548567087848902e7,1.036616630743444e8,2.2352734460614186e7,1.362908853521119e8,2.867253039822348e8,9.546318336337158e7,2.5523786947611552e8,8.738511977794047e7,2.6657418551346842e7,1.0653211712447076e8,8.381037469520268e7,6.731490951082774e7,6.770715423095402e7,4.23552276179789e7,4.1156655519733034e7,3.5591473441234306e7,5.8702748622393e7,5.654476098120329e7,8.1248617170703495e6,9.568560228342373e6,1.6064180699457577e8,2.9844013485352963e7,9.708118267973857e6,1.163117283258983e7,6.123433193879171e6,7.251937930850202e7,7.1580059627085e7,2.98247728004049e7,6.6464182510665e7,7.257285448600397e6,1.7445484505096976e7,1.2483940793711774e8,3.787625634775092e7,8.967523337461625e7,1.7890810279899947e7,8.00267376495416e6,3.8700447097470826e6,1.6090977214627978e6,632178.4231607892,1.862584418811365e6,3.4640587826602366e6,2.143104002035842e7,2.0064531642552122e7,5.356592267048022e6,1.3856393335097773e7,3.032841735063559e6,500661.0335938203,4.229995776302051e7,2.720601327935447e7,3.242457448291589e7,1.6364775411249941e7,8.350222030137227e6,8.833164555431658e6,1.7934862696389367e6,8.077469289441325e6,5.969335912927646e6,5.135404644393954e6,3.542666712001743e6,1.1728252305474268e7,8.083045155619303e6,604432.2524200008
2.3440453708763324e7,8.805552757450677e6,8.127142798414165e7,6.611874963221618e6,1.1183898563358985e7,3.218753983002984e6,4.61222909400592e7,2.7402398168250863e7,3.4518746342952356e7,3.303905551743081e7,2.1617763898020506e7,2.7037829175417908e7,7.087741293870487e6,7.556624019829181e7,2.830584741818911e8,2.331328522088687e8,3.5289621353943753e8,3.9709534320831686e7,6.731564939081511e7,1.845110109915297e8,9.553995404289663e7,2.2599258388161346e7,2.654537520536658e7,1.2136985575653844e8,7.586129596414751e7,2.195495555894485e7,1.7279602909084834e7,1.4233300410682745e7,1.7246737109164838e7,2.840890537599418e7,3.1522265042257965e7,4.074094677212039e7,75105.77248478273,1.9563259970700287e6,1.0490518634693422e6,5.8814831314184874e7,4.367183003542809e7,7.062321853273472e6,4.70305838031846e6,4.850578095373432e7,8.2840048448694e7,2.2098170702063646e7,2.4009883031976733e7,5.459939260846374e7,4.913989889924611e6,4.179897752062599e7,2.4035734728172957e6,9.789017193426453e6,5.428371198850938e6,1.1019713520941485e7,8.1771215952551e7,3.335316639298198e7,6.714999829912667e7,6.98054342263702e7,9.19357504664074e6,1.773058073686807e7,3.260886084423554e7,2.5676185120263037e8,8.594762208712886e7,2.946577411131209e8,2.6089295766976005e8,5.2770074730170436e7,1.410178923032238e8,3.8914148016688657e8,4.202068385793641e7,4.1297668939462624e7,5.291259749422886e7,2.7658576159855846e7,1.343624971947051e7,1.861561075854323e7,2.4660115207356278e7,1.2696820411317918e7,1.41699975564064e6,1.3815491896392351e6,2.5300602077175483e7,6.939685915774203e6,8.250579400794275e7,1.8754248061732125e8,1.030036135378528e7,9.752083325863782e6,2.2915059389325264e6,2.4689917281968904e8,1.2688232156471986e8,1.3344621929413496e7,9.619915480375696e6,1.8217182095430873e7,1.3255193594059917e8,6.513382328346884e7,4.923476264280408e7,3.463779808298179e7,2.0044714199318387e7,2.4244300438306168e7,1.6211383753687426e8,3.653508006794818e7,1.2888369790239979e7,2.5342892529955e7,2.4197560341235998e8,1.0033192483136848e7,5.326471375508818e7,1.1669281175354028e8,1.235311929721193e8,7.03240057250409e7,9.568100902933711e7,2.063998310244795e7,1.2612554247711174e8,2.6470087582096425e8,8.804410498806472e7,2.35336414229535e8,7.979808772687662e7,2.4206382879163757e7,9.573931581402484e7,7.595245950397673e7,6.0531041328955635e7,6.1940222968990214e7,3.756171745384079e7,3.65411879315637e7,3.1197769069342434e7,5.037740175576537e7,4.818728113026191e7,6.988640139857231e6,8.200649403499121e6,1.36996791364787e8,2.545028022522296e7,8.259710394114163e6,9.872458985821173e6,5.169421571854593e6,6.286128967047241e7,6.185115379989788e7,2.554212692471682e7,5.759472696566817e7,6.00893102846218e6,1.2684651604201721e7,1.0526523555043693e8,3.195286358184913e7,7.56383022165188e7,1.4679149583627718e7,6.067527705212997e6,3.2470031544306106e6,3.8790180644047065e6,1.596621323654863e6,4.395573850917459e6,1.0948059119828185e7,9.79833804703321e6,1.148990691194857e7,3.729422503446797e6,1.4342450680957157e7,3.5495848783251e6,514506.54725329543,5.8266039742018804e7,3.743559457919778e7,4.232346416826278e7,2.3055099930351634e7,1.20293781643514e7,1.3181302890523251e7,3.5945889047783776e6,1.0269521968188955e7,8.086506875450079e6,5.999635660237264e6,4.176240714126833e6,1.3702607336804803e7,9.954999175450828e6,693563.5429133123
2.3461529342744153e7,8.884665607841473e6,8.137853919938399e7,6.755315172613064e6,1.142045667577714e7,3.286951112712885e6,4.883956280306157e7,2.877311215720456e7,3.5693405262700565e7,3.563431143815544e7,2.380036162209765e7,2.6726193540338717e7,6.713313972053611e6,7.14042653989593e7,2.747161785251034e8,2.2593611028224954e8,3.4239608955271053e8,3.85504535333844e7,6.515038373515775e7,1.796471677599582e8,9.301933170659398e7,2.2110740644747935e7,2.5680055971056893e7,1.1728784242504494e8,7.315996106804305e7,2.092414170924328e7,1.6600327760648016e7,1.344453421574972e7,1.6396048946287202e7,2.700621433202749e7,3.0289122241784643e7,3.9892224971257634e7,75766.52746058095,1.930711491131741e6,1.0257847912646699e6,5.912980180219988e7,4.3100870418360256e7,6.993449713596133e6,4.710008805775635e6,4.8849807850059815e7,8.003556158784333e7,2.1886457518833842e7,2.347434935448982e7,5.3359419122967534e7,4.725999562544659e6,4.155167463999256e7,2.6758225290214494e6,9.765854337474672e6,5.39456098346131e6,1.2573358493712611e7,7.698424017308979e7,3.1410677417400036e7,6.4206575858815804e7,6.620242558865003e7,8.620759841734651e6,1.6594239804935576e7,2.943678541468222e7,2.3509365074407727e8,7.90096167779155e7,2.703737476527106e8,2.3803225667457336e8,4.885744489497494e7,1.3067938526041394e8,3.597267664150454e8,3.899881541619089e7,3.794943084003568e7,4.828294829202165e7,2.4783212450641878e7,1.2524266611305937e7,1.7433448149339728e7,2.322540689072403e7,1.2132881212317966e7,1.33372318436064e6,1.301183231315791e6,2.3840653155659758e7,6.5725998656590395e6,7.284617267217657e7,1.6542863404366845e8,7.89685329561e6,7.299482990260322e6,1.7423869329662423e6,2.1492179747717512e8,1.1059126367496625e8,1.1623522623420618e7,8.364425256461742e6,1.5891512475320818e7,1.157489864435222e8,5.6883911060295425e7,4.301083132586915e7,3.014229496775786e7,1.74462211127158e7,2.107775683774184e7,1.404467419816554e8,3.1708396202457894e7,1.1196789458861964e7,2.200891781697933e7,2.1130275062742957e8,8.739074216163415e6,4.7388198804491706e7,1.033868204850289e8,1.0971881585485353e8,6.2456337905500084e7,8.373442886940804e7,1.8079733127420343e7,1.1095863768761805e8,2.3227617118188038e8,7.7131733278574e7,2.060042655406587e8,6.88863674553039e7,2.073880295893603e7,8.00918946288958e7,6.453925758538859e7,5.10598179376081e7,5.342338664869524e7,3.0657035653458945e7,2.9886140388107333e7,2.5196129102447048e7,3.919470069037427e7,3.702486048299841e7,5.455901999757365e6,6.365879446016479e6,1.048799650856963e8,1.9531068276761364e7,6.311347213390756e6,7.511917421676161e6,3.901871669017083e6,4.972517690811998e7,4.860564329250988e7,1.9557815504871454e7,4.512223649953607e7,4.366710635907247e6,7.276388267908763e6,7.787340104004194e7,2.364579192706949e7,5.605685920294243e7,1.019395752882079e7,3.417324203257808e6,2.3436532104149475e6,6.728603453053316e6,2.8424715335730636e6,7.561135468363287e6,2.486339662946756e7,2.7871096495173726e7,2.4811350511181806e6,1.9573236059911107e6,1.9419710518029235e7,4.177933758470102e6,525246.76453646,7.79597512292216e7,5.013683676212506e7,5.464818074153861e7,3.142764396061783e7,1.6610550875028426e7,1.8742121038942594e7,5.832668414477311e6,1.282271651898827e7,1.0612875305001156e7,6.94694505863737e6,4.877250030628943e6,1.5866922458652422e7,1.2153434787891315e7,790500.7666903972
2.2106333343203045e7,8.374470977525198e6,7.60301542369231e7,6.195531432283914e6,1.049956336102024e7,3.0688278703276506e6,4.514084504519592e7,2.6221742107154254e7,3.2267817623937115e7,3.2389952185680125e7,2.2137543940383837e7,2.492440782361384e7,6.388529845791467e6,6.779778393062554e7,2.549874514132564e8,2.0982898178750914e8,3.177503342318808e8,3.571641792745722e7,6.0276910725475e7,1.6646761565183088e8,8.633905885652968e7,2.0640671226109065e7,2.3914634578010503e7,1.0912840135044922e8,6.828440574387404e7,1.942895250281713e7,1.5394673009935232e7,1.2407570497124286e7,1.5069952098811723e7,2.4677328442963514e7,2.7818791358606223e7,3.694088599392292e7,68195.43111691216,1.7917638724761505e6,938981.6485772325,5.387122396016528e7,3.916412181547962e7,6.439199277616827e6,4.365666446715508e6,4.503691984791647e7,7.20613671742715e7,1.9569686804548882e7,2.0924062013043094e7,4.673168669884148e7,4.001553845107926e6,3.673575290706543e7,2.386682288009447e6,7.964418203157807e6,4.428748264044792e6,1.1661635212817544e7,6.804851578147809e7,2.7730844649158463e7,5.648547571346585e7,5.823223021445929e7,7.812250849624814e6,1.4752641320384484e7,2.6570118197888568e7,2.2064268958570066e8,7.436944378366138e7,2.539640587490338e8,2.2358126077164617e8,4.591279844267071e7,1.2386284793473165e8,3.402559939722878e8,3.647608844869413e7,3.507677686108463e7,4.4926128329901345e7,2.2985131660121012e7,1.1594850492178401e7,1.6225104015906522e7,2.1503872680163216e7,1.1379056986723522e7,1.253959773976609e6,1.2289068455474211e6,2.258152288414411e7,6.216519735643778e6,6.663137091767371e7,1.513710191037236e8,6.545567335215592e6,6.087262371619464e6,1.4902094160417013e6,2.0467495293299848e8,1.054155899147325e8,1.1081668146123864e7,7.977621468467982e6,1.516399369002687e7,1.101359889217361e8,5.422919163358603e7,4.100450154239136e7,2.8628227338421334e7,1.6576068413849037e7,2.0040807563208535e7,1.3373163566209613e8,3.0190320398039807e7,1.0650063897616092e7,2.0947192498120524e7,2.0049541957385594e8,8.308803002628937e6,4.526926826760723e7,9.853158972232993e7,1.0478633335529904e8,5.900543403688297e7,7.90335554335669e7,1.7085216508850228e7,1.0519336731153695e8,2.2121682798223892e8,7.343295476479168e7,1.9587188039773306e8,6.5879128621244736e7,1.9950352670321155e7,7.526317399391757e7,6.100153583154219e7,4.928179769625733e7,5.037057888911814e7,2.8637585942703094e7,2.7918183058575545e7,2.4504724280443907e7,3.859083076407313e7,3.66593030482625e7,5.351504417951995e6,6.276064123702036e6,1.0217268875893854e8,1.918269119231533e7,6.208421031881984e6,7.40672190435012e6,3.8883306916115135e6,4.844988148853324e7,4.730070831800809e7,1.8459221978472147e7,4.2526387311441965e7,4.42238076147488e6,1.0028924191950988e7,7.272500214585142e7,2.2007040753134858e7,5.2632544055453986e7,9.400074932331808e6,3.326827649973057e6,1.9513649829665064e6,6.993788539624894e6,3.067586103422827e6,7.889522225671629e6,2.771676613061633e7,3.777475599588861e7,8.173069082772907e6,830296.6914246331,1.6241172944533577e7,3.6487907282407368e6,424675.63625233213,7.863834778809577e7,5.077220352429921e7,5.5205513688194185e7,3.2028527215747878e7,1.690772118190948e7,1.9418674838967867e7,6.030656452410113e6,1.2299123378601957e7,1.0108373891765527e7,6.464306932954296e6,4.550745750513365e6,1.4766239887818059e7,1.1074879397540515e7,709263.3789818933
2.1111782921056066e7,7.893778840429883e6,7.205415240231737e7,5.567923946105865e6,9.468475481932813e6,2.8094015969101954e6,3.823946422047095e7,2.218696603639942e7,2.789065480587162e7,2.5833854858592674e7,1.7540135182873767e7,2.41106757218716e7,6.703456568190303e6,7.131814787217619e7,2.5356908317803302e8,2.0924685836940402e8,3.161005555180551e8,3.545689085106403e7,6.009658205184177e7,1.6446096695024073e8,8.539886805962126e7,2.032915769993071e7,2.3962058515571892e7,1.0947811095452791e8,6.887195619158839e7,1.9921019363327738e7,1.5564705842581721e7,1.2868401838303765e7,1.5426787185701218e7,2.5179923981036767e7,2.794902741040534e7,3.612710283757091e7,61645.78416131146,1.7315242419829105e6,912851.2543167924,4.958495681781588e7,3.7229127141571e7,6.148323090833561e6,4.1086769469271433e6,4.176983092495227e7,7.077028602353138e7,1.8233228935393326e7,1.9944155584606793e7,4.396474686629766e7,3.796406082710152e6,3.363635202363718e7,1.7112145526182048e6,6.653635955425976e6,3.7680516204879405e6,8.544281227278933e6,6.93509707365644e7,2.8225317806363434e7,5.57142826897055e7,5.835458751433528e7,8.126888029535824e6,1.524854996358976e7,2.94556452613917e7,2.42410860939513e8,8.129563285185064e7,2.781789995065452e8,2.470584250080115e8,4.960454935865889e7,1.3412553705954878e8,3.695093895948435e8,3.91809397135767e7,3.80902234376372e7,4.94616483319071e7,2.6012114138118368e7,1.2311175020815419e7,1.713988573847088e7,2.244919786292359e7,1.168311124183917e7,1.3205994127942899e6,1.2958301608882102e6,2.3827078412823778e7,6.503120703798171e6,7.690033446432945e7,1.7497947180784687e8,9.540695482543519e6,9.211877262467176e6,2.184605655960568e6,2.4343671018851697e8,1.2516996752471785e8,1.3171328466160078e7,9.506642510314474e6,1.798774891239542e7,1.303786948250099e8,6.420981743548134e7,4.853165195873863e7,3.404797660606179e7,1.9710594852388065e7,2.3872234366867278e7,1.6014449192519513e8,3.606062474763596e7,1.270048081430887e7,2.4995521887497157e7,2.3721232111313257e8,9.8705944258638e6,5.2213111574392945e7,1.1426441203400387e8,1.2114409540397137e8,6.803315828534135e7,9.311056124772508e7,2.0105815895137668e7,1.2309623618856733e8,2.6008921427493566e8,8.653590753030264e7,2.310255206249073e8,7.93501693707177e7,2.4307405891084198e7,9.462902428539687e7,7.503000656777239e7,6.136851742154128e7,6.061025190316526e7,3.730024775308048e7,3.6255002878014594e7,3.235602424343344e7,5.3428413909435704e7,5.1523927417176075e7,7.379983013563846e6,8.712709101907428e6,1.4460364772011277e8,2.703268974660262e7,8.794968332747841e6,1.0544517132475596e7,5.581398531533484e6,6.572969141675164e7,6.4728412256315954e7,2.625157068339699e7,5.863031731096746e7,6.623746409980982e6,1.7097571021656573e7,1.0859942619432263e8,3.2876483164481983e7,7.83021816542178e7,1.5340462582024468e7,6.853688227024564e6,3.1291598372743647e6,3.6625229946113485e6,1.8291733193632362e6,4.2455803364450205e6,1.6165792224280735e7,3.2754899265484832e7,1.828344838193981e7,3.661931475864935e6,5.302116865472922e6,2.099549825699745e6,327401.0710743444,5.251959104033312e7,3.421516633894457e7,3.9019216652803384e7,2.1399060982869823e7,1.1053910468835961e7,1.2829298595323123e7,3.343719151472637e6,8.086642223520649e6,5.843228230338639e6,4.62059462825924e6,3.212421151371872e6,1.0556169114818381e7,6.5792188570878105e6,485141.454454062
1.8544360329721726e7,6.823324447353644e6,6.1991382436746724e7,4.328516290093634e6,7.425333141812927e6,2.303246191061413e6,2.72810510324778e7,1.5381358804983417e7,1.988702224970583e7,1.5773180472186247e7,1.128277152719648e7,2.1259507101256624e7,6.626431795480442e6,7.053972917035657e7,2.3039112905459517e8,1.9088116877698413e8,2.8729130748625743e8,3.2091743710816763e7,5.4616104635877796e7,1.479723696986212e8,7.707461816393636e7,1.8355852844747115e7,2.2042974509140227e7,1.0077551816871662e8,6.3993713813620836e7,1.8786490949840635e7,1.4420074791616447e7,1.2240002420486225e7,1.440379468949012e7,2.3318061109478682e7,2.5485619731095344e7,3.2065417451426357e7,47365.26988288037,1.5165964342957628e6,795150.8364463204,3.971075605410748e7,3.1217406490326554e7,5.254563189588438e6,3.4676085423934446e6,3.430218185240206e7,6.172335338639997e7,1.4642909854005223e7,1.6559065885929247e7,3.551469564244554e7,3.118454002736602e6,2.6082070189457487e7,729376.6761377719,4.751234349477575e6,2.717909666045543e6,4.668271681142281e6,6.300324855243998e7,2.5588428134309806e7,4.8351603323419355e7,5.175970574814008e7,7.6647114605164e6,1.4134672115940053e7,2.9800190804530215e7,2.4842481333326805e8,8.30614893353872e7,2.843783279004691e8,2.5479429302872893e8,5.001988814300436e7,1.3645672898212075e8,3.764121962833984e8,3.913326719610634e7,3.817565054755839e7,5.050487585648628e7,2.7251623205931593e7,1.2054027790168261e7,1.675167307410792e7,2.1567372367619038e7,1.1131085316245006e7,1.2967559124294582e6,1.2789787126661176e6,2.3592216740299422e7,6.372562936554398e6,8.154334482016979e7,1.858639324801416e8,1.1999618746094236e7,1.1873792897375181e7,2.765430841072723e6,2.71028638331973e8,1.3923234415516207e8,1.4665089308483837e7,1.0610655653550886e7,2.0004112678540662e7,1.44498968821812e8,7.125657645093341e7,5.3839917941915415e7,3.7847085452153705e7,2.1911157662660733e7,2.658807498921982e7,1.7931646366440096e8,4.028858011827326e7,1.4162117469203716e7,2.7896613625697438e7,2.6235047863290864e8,1.0967834319513049e7,5.6701850312177576e7,1.2449958626574396e8,1.3181229552426256e8,7.334304652174582e7,1.0228697119496813e8,2.208047099996388e7,1.34766133111153e8,2.8670923414868367e8,9.556366330007833e7,2.5512709119882503e8,8.950289520544584e7,2.776786011743326e7,1.0957866192285782e8,8.557605511327292e7,7.145148531708144e7,6.778217348617671e7,4.429670221500221e7,4.295736285933839e7,3.9481790121709526e7,6.766331920873436e7,6.602725596988746e7,9.30790353707196e6,1.1059231336513828e7,1.849539972355203e8,3.458943570291378e7,1.1297404318493277e7,1.359869884897099e7,7.263871794391378e6,8.177903503879744e7,8.096042244229233e7,3.33096617442013e7,7.281184572713025e7,8.887884786624318e6,2.6746119385471433e7,1.417284095762799e8,4.2876241995920144e7,1.0210606503762752e8,2.1025987839848954e7,1.0597299024412032e7,4.176210322180399e6,5.971310131661367e6,2.8647060394523344e6,6.689071523703686e6,3.2724864638969567e7,7.49741912923705e7,3.6379625963354915e7,7.608921426416659e6,1.9418134593831614e7,634381.7357842523,216497.17227622203,4.703569097367857e7,3.1156999696599647e7,3.4066543250769675e7,2.038278441536554e7,1.0681224960453194e7,1.3590784491339255e7,4.655855382550529e6,5.056163879188805e6,3.7992084477167763e6,2.453704070777319e6,1.6996141151241697e6,5.611219784707445e6,2.0600703773474938e6,177092.1892615845
1.714207225705874e7,6.383817412827821e6,5.632742187381818e7,3.878484126034921e6,6.692741739275083e6,2.1560431751687904e6,2.738140064164536e7,1.4540805713942688e7,1.7469810473510846e7,1.6659047197070858e7,1.3313313969932329e7,1.8930506273430187e7,5.921170598552083e6,6.2699184284968756e7,1.9934472742055663e8,1.651883580153262e8,2.4841445305324247e8,2.765213386209714e7,4.679046345805482e7,1.2785787525032115e8,6.686459094689933e7,1.6208004485224668e7,1.9169238120032582e7,8.739078570198916e7,5.579616246320638e7,1.6068564608043931e7,1.2358883942359827e7,1.0280258576453937e7,1.2014281012622703e7,1.916287049176693e7,2.1332590977494437e7,2.7800779406971034e7,38827.46282325843,1.3325375584661458e6,667493.4870574257,3.388252399349205e7,2.5822927444959138e7,4.540134714515864e6,3.0928103655247753e6,3.0415858112386722e7,4.882328090588651e7,1.1428862363458905e7,1.266227909574798e7,2.4958559298892405e7,1.8155232662491095e6,1.9327332185769934e7,1.0235149232584643e6,1.285559124782762e6,853125.1985464502,6.813837267685104e6,4.6789794506001785e7,1.891945358897111e7,3.502514724084718e7,3.762099994079371e7,6.142935238741447e6,1.0721369433344964e7,2.372198717624119e7,2.1339465409560046e8,7.179593174110615e7,2.4478513369546565e8,2.189462313812255e8,4.32239337321648e7,1.1970640315051222e8,3.287297555604553e8,3.355817467115965e7,3.191131053121252e7,4.26932472703858e7,2.2849295790256083e7,1.0145221181610215e7,1.4277018054020729e7,1.8224290856718224e7,9.740026910289494e6,1.12995790495136e6,1.1241107006803355e6,2.084747059011604e7,5.6339270135220755e6,6.6806073293131925e7,1.5238525765762705e8,9.448214024167797e6,9.537704190833552e6,2.2365502894524215e6,2.3545126047653338e8,1.211169232403099e8,1.2758908940303357e7,9.233735716174839e6,1.742690075957982e7,1.2544794448118435e8,6.201407556020553e7,4.685984604228491e7,3.2766184463519413e7,1.89790241784008e7,2.3047897332876697e7,1.5565928651247278e8,3.497770464503189e7,1.2281347956648994e7,2.4209570327501424e7,2.2694273224299407e8,9.509146641557278e6,4.965588695517981e7,1.0858328067711857e8,1.1534874206048979e8,6.322304302152953e7,8.788617909644122e7,1.9004442580387097e7,1.1656204990772608e8,2.493887163835664e8,8.306401063062784e7,2.213587997469981e8,7.807196488721819e7,2.43625682676608e7,9.357102389958957e7,7.353854944144537e7,6.28025321019349e7,5.809798208467923e7,3.767276466941413e7,3.652532596933112e7,3.48529051191149e7,6.02371992803995e7,5.8990764449657075e7,8.264646310080707e6,9.854053905816803e6,1.6348728806340593e8,3.073927092053023e7,1.0050390555096164e7,1.2116118653628487e7,6.514361739148264e6,7.226614617859766e7,7.14752580367998e7,2.8813345693367302e7,6.2731240824061766e7,8.038800014116956e6,2.61912401634901e7,1.2242764292745896e8,3.696008428780088e7,8.845512498013389e7,1.82728650701246e7,9.645388750913793e6,3.42189041545647e6,8.929104932115048e6,4.0947093770068563e6,9.998925637147533e6,4.392627841101294e7,8.836446192600778e7,3.71888349261757e7,7.200853859450084e6,2.462146693800766e7,1.7603731485025669e6,61649.1330793469,7.432786314533886e7,4.857471610621422e7,5.1188006301781036e7,3.1603433149854228e7,1.679716265020875e7,2.060310066549544e7,7.167282859630451e6,9.217880547740387e6,8.027771147265677e6,3.8842132864780687e6,2.7959362901218063e6,8.8788863385488e6,6.685493476330302e6,330792.75904873066
2.2124736993320394e7,8.109435740832591e6,7.651521174870765e7,5.88681744748263e6,9.959643968359884e6,2.8520388108874257e6,3.641790764085101e7,2.259023967881983e7,3.0061188493135355e7,2.5238733324835e7,1.4712371773649948e7,2.6429269699997693e7,7.814888884913288e6,8.372066943053937e7,2.909094135027111e8,2.4052846045439118e8,3.6296069247434986e8,4.077557077363536e7,6.96831665807928e7,1.8799918026720098e8,9.73583164076496e7,2.2737516432720974e7,2.75253804690664e7,1.2619255991427258e8,7.933924321962002e7,2.3650793459419243e7,1.8237665993978422e7,1.566440469809203e7,1.868273855860612e7,3.078720180434056e7,3.3249199323350057e7,4.0879889013993256e7,70303.40301125881,1.9206085561687688e6,1.0579800812714437e6,5.508347318146027e7,4.307530060762499e7,6.873712981860352e6,4.427186708710076e6,4.4968706945525825e7,8.659673240658358e7,2.180837995815426e7,2.4515312070334703e7,5.660992756788859e7,5.454016770784494e6,4.129908228397207e7,1.8072650667701669e6,1.0971259548563896e7,6.025325783469021e6,6.629641622350787e6,9.149285754025258e7,3.731406053299037e7,7.280889972522533e7,7.70625037014273e7,1.0301833039275605e7,2.004962806681122e7,3.971570061915931e7,3.048238654069125e8,1.0122932787269509e8,3.482349266169706e8,3.1222966792614174e8,6.112111850586531e7,1.6353008476401162e8,4.534218890303731e8,4.8332767550255075e7,4.846325218216363e7,6.314067872774207e7,3.428128702182047e7,1.526681643707337e7,2.093901471375403e7,2.7340996878671054e7,1.3613420633758161e7,1.5788799366658817e6,1.539493893181873e6,2.819230210834393e7,7.631942663926903e6,1.0512105174035841e8,2.3940166885783857e8,1.6550485543657478e7,1.6138794034068758e7,3.7082419321608595e6,3.2664920340923107e8,1.6752487635297704e8,1.7642456034588438e7,1.2762196025746059e7,2.4025295241814476e7,1.7426978734489653e8,8.568108449848753e7,6.4732428689620934e7,4.58041843319314e7,2.6501832507299248e7,3.2130398435925867e7,2.163710698214681e8,4.86014914411073e7,1.7106641793564476e7,3.366768668987088e7,3.1778126571527356e8,1.3250145670343876e7,6.765127911813489e7,1.4928597151207104e8,1.5740204566073897e8,8.922176757294995e7,1.2489765509518687e8,2.690578951970416e7,1.632451517271729e8,3.44924106578815e8,1.1507330856563249e8,3.078895810414169e8,1.0739484788748007e8,3.310698851467687e7,1.3528975383583474e8,1.046797816034644e8,8.516152176569144e7,8.305484345850605e7,5.5162203189064816e7,5.348862285424743e7,4.715603711309152e7,8.06107854620627e7,7.853416508159472e7,1.1116048101502582e7,1.316792614013728e7,2.230262485389608e8,4.1418283515610814e7,1.3523499824542124e7,1.6263303865001326e7,8.633735903566929e6,9.795841895159832e7,9.722063723568454e7,4.121765506754635e7,9.006085782525896e7,1.0542516480001481e7,3.0031214469244584e7,1.771217158318335e8,5.371486929784187e7,1.2710440259386909e8,2.650820790576078e7,1.3186785371220723e7,5.613051006182528e6,4.686470776683861e6,1.9770139933268754e6,4.997961475418321e6,2.8933065297838707e7,7.801464336887424e7,4.3032197713119e7,1.0395249714461038e7,3.079137333892836e7,2.981631244837186e6,579462.7759924551,3.6736356712313523e6,1.1358970570065193e6,6.570585251793317e6,2.4541036382894474e6,1.4447180061035866e6,3.3708186130332192e6,3.0457812696231105e6,3.476819223430599e6,3.446176986724926e6,3.384830634936968e6,2.2576943630089993e6,7.725122387135849e6,6.237638744417399e6,490074.7429468495
2.2289030207988605e7,8.171802246167644e6,7.717209976796553e7,5.960536955309629e6,1.0080350682741847e7,2.879867531866492e6,3.696050767990026e7,2.2960555067364547e7,3.0536100446412906e7,2.5764742582623243e7,1.5001954723268615e7,2.6647493039215602e7,7.855618745612149e6,8.417113552819191e7,2.9326644082628846e8,2.4245138464163786e8,3.6590455839032197e8,4.111414880820421e7,7.026402765089804e7,1.8957718812610716e8,9.81581237682439e7,2.291401073711783e7,2.773613983020638e7,1.2716593829589485e8,7.992147228420575e7,2.382836973072607e7,1.8380952798766278e7,1.578664500229351e7,1.883872428200966e7,3.1060006131108925e7,3.354148556665462e7,4.12351033087628e7,71282.67211504267,1.9374612815123464e6,1.0684398760068822e6,5.575252501823565e7,4.3557927117939524e7,6.9415938031752445e6,4.469915400028048e6,4.545009721695162e7,8.754214609660412e7,2.2095868077884197e7,2.4823673060986407e7,5.740984504431512e7,5.5378551712704245e6,4.190267608160096e7,1.8602900048720636e6,1.1190377984470716e7,6.142524405785906e6,6.826298550427052e6,9.251119288892981e7,3.7733316465138905e7,7.370575305772857e7,7.797724162662326e7,1.0395182434229106e7,2.0258906838691853e7,4.0042521566783905e7,3.06633038577312e8,1.0181378433159791e8,3.5028990167576057e8,3.140541370317595e8,6.1486134898242e7,1.6440372003102496e8,4.559043522923051e8,4.864006887585578e7,4.880511765690138e7,6.354986016924633e7,3.450234545308242e7,1.5377074312233277e7,2.1083546537123512e7,2.7544783824728664e7,1.3703967167626187e7,1.588604982556986e6,1.5484096710664653e6,2.834893577427254e7,7.675752304133145e6,1.0586106243038866e8,2.4107892225837797e8,1.6689957834961168e7,1.626827500934238e7,3.7365868182900404e6,3.28228164431514e8,1.6832700128077483e8,1.772676104403477e7,1.2822936998036312e7,2.4139041124485444e7,1.7511990943331724e8,8.609075101829375e7,6.5041859575402476e7,4.603169460803065e7,2.663298056429024e7,3.2288233838626828e7,2.1741834537219366e8,4.883689605240027e7,1.7190342784742936e7,3.3831393423092626e7,3.193764682055791e8,1.3315278858944902e7,6.796768808117107e7,1.5000335491399035e8,1.581403310748073e8,8.969463672789146e7,1.2555901008180942e8,2.7046669132922314e7,1.6407417270134988e8,3.4659144559349996e8,1.1563157602532345e8,3.0940359913140106e8,1.078925957841097e8,3.325205488142732e7,1.3601893894909224e8,1.0522076718666159e8,8.552743106675908e7,8.349549776277024e7,5.546969212008252e7,5.378690929278313e7,4.735582253428971e7,8.094212617135297e7,7.88524622611542e7,1.1162630144148972e7,1.3221794205801027e7,2.2402683022749388e8,4.15949694347719e7,1.3581037754828745e7,1.6332014119206684e7,8.668520831715502e6,9.837949051211435e7,9.764560509697826e7,4.143563630706829e7,9.053754005303782e7,1.0584474191413237e7,3.0110991994995877e7,1.7811116768443418e8,5.401890251672483e7,1.2779927576118118e8,2.6664327497946758e7,1.326304893336146e7,5.656422825294411e6,4.750258202024831e6,1.9822983650954973e6,5.059902521276011e6,2.9098694868450798e7,7.837895221302746e7,4.327470373689562e7,1.0494956667008977e7,3.1367540748556376e7,3.088418347504767e6,592158.8953471774,3.6736356712313523e6,678500.1063751645,6.162416007166994e6,2.4541036382894474e6,1.4339827157803169e6,3.2000733270570724e6,3.0909859060352817e6,3.728780569840187e6,3.707411617423295e6,3.499169615204053e6,2.339751460852716e6,7.985987142719989e6,6.533550125349109e6,506596.06481954263
2.2348720192636225e7,8.164617349972761e6,7.756910086753419e7,6.002365365660129e6,1.0138286865923261e7,2.8733827305947784e6,3.667531882505782e7,2.3108081817652058e7,3.098287720493205e7,2.600616363486686e7,1.4678595439748827e7,2.6928369616683755e7,8.0310515118679255e6,8.613736366327278e7,2.98588541182427e8,2.4693178736068413e8,3.725961048156159e8,4.187574131372281e7,7.165959503002581e7,1.9290237695706877e8,9.983685681890799e7,2.323377635210503e7,2.8247169582793653e7,1.2957973279523423e8,8.143835993135273e7,2.4396849062781274e7,1.8778522362310007e7,1.622449537775436e7,1.9343243218041763e7,3.193560307505291e7,3.434428190895396e7,4.18900802509836e7,72756.68390380568,1.9618580631025217e6,1.0897919340456405e6,5.657079812792992e7,4.444406359957816e7,7.040189709734831e6,4.505673180724176e6,4.58335469473753e7,9.00528125380972e7,2.269179181673656e7,2.5578185315008663e7,5.9614019283740446e7,5.836357042752901e6,4.325955119337198e7,1.9538581425476691e6,1.205723708802195e7,6.591311581936798e6,6.787045720843185e6,9.616909691208659e7,3.923741902275522e7,7.656667345467919e7,8.109539057344297e7,1.0744665003572416e7,2.1047172272948384e7,4.17613242897011e7,3.1711605042572886e8,1.0515094825955862e8,3.6202535980605733e8,3.250740258940296e8,6.3384228668248415e7,1.693002944692742e8,4.6990174396818256e8,5.013382634967201e7,5.0515301747505374e7,6.583984631507343e7,3.591681868699946e7,1.585267805736526e7,2.1689751873342678e7,2.8314969987031203e7,1.3994099812855206e7,1.6295374249647888e6,1.587141971103806e6,2.904455682951112e7,7.852253832681233e6,1.107158292887501e8,2.521738888856764e8,1.7954226237772863e7,1.7530730132718902e7,4.0144915653377557e6,3.433451476693517e8,1.7602411639523247e8,1.8539931685353376e7,1.341614714819844e7,2.52372533689492e7,1.830641776732681e8,8.998748202171527e7,6.798151682745089e7,4.815993739941249e7,2.7862870836261038e7,3.378655197866401e7,2.2766691963824606e8,5.111958461761343e7,1.7990646208006673e7,3.540831068658824e7,3.339023782515884e8,1.3927529606613798e7,7.073321529801555e7,1.562780013041237e8,1.6464325541546652e8,9.343284368781449e7,1.3123954059941043e8,2.826275424969631e7,1.712579871127411e8,3.6190592498162246e8,1.2078753619971336e8,3.232740000915009e8,1.1304843086339141e8,3.489102273027877e7,1.4348133853978583e8,1.1064535707839414e8,9.001375654561028e7,8.754856910702445e7,5.877227285720918e7,5.697017696247127e7,5.021331263991436e7,8.629238732211252e7,8.420356741804023e7,1.1895016200549513e7,1.410003610333761e7,2.3935356369060633e8,4.4424953683220655e7,1.451298315389536e7,1.7461890117845364e7,9.277401018858522e6,1.0464258025803016e8,1.0396058101825926e8,4.429113042375128e7,9.648689131257077e7,1.1376759626589637e7,3.3051219873551648e7,1.9121800577344108e8,5.799697279723877e7,1.3715848880268583e8,2.8817882104629487e7,1.45332176883889e7,6.114766291041114e6,6.208636321102931e6,2.576691221790111e6,6.662034112635351e6,3.5858302472257845e7,9.162263162277947e7,4.877078188082002e7,1.1798965435010727e7,3.698683735001194e7,3.491526941641754e6,645212.8933194882,1.0623435414420823e7,6.371737109463988e6,3.699309822500628e6,5.555460425428429e6,3.710407771771501e6,5.665728787004965e6,4.22434197999099e6,3.94493878249749e6,4.735592559341571e6,3.4934303182236585e6,2.340033791099305e6,7.970678252147782e6,7.426307313776871e6,538064.4179730983
2.2479995421873517e7,8.25598344273159e6,7.788063752801938e7,6.0434608271684e6,1.0219848042134635e7,2.9192017906212197e6,3.781416315357724e7,2.341322284544512e7,3.1013324460331682e7,2.6414150404679097e7,1.5538459977715554e7,2.6824685626775246e7,7.840509972938176e6,8.39946204513603e7,2.9429476878991866e8,2.4323546368299216e8,3.6717199606624776e8,4.1263480994606204e7,7.048607090400746e7,1.9036069942865613e8,9.855674804424746e7,2.302091911348172e7,2.7813874606829185e7,1.2750470462161808e8,8.00944143763944e7,2.384064389373328e7,1.8414712614239506e7,1.5777477304675313e7,1.8848436641087603e7,3.1080556062497806e7,3.361543879561992e7,4.1448329424918756e7,72037.09072339578,1.9501672085865156e6,1.0740134354628138e6,5.633239356229947e7,4.38580596889856e7,6.9932135904892655e6,4.512521906246553e6,4.59416705648158e7,8.782862044467485e7,2.2252386612180192e7,2.4945568135162003e7,5.7639076732789144e7,5.536488016268945e6,4.21964022748858e7,1.90159046637718e6,1.1159750493483488e7,6.1315022669548765e6,7.135941675841882e6,9.245374397871473e7,3.771068425570447e7,7.380122049324264e7,7.799469976058982e7,1.0383174622565962e7,2.0232085830123425e7,3.980883076457882e7,3.0494164830336136e8,1.0128561939432392e8,3.484339083634259e8,3.121760535798379e8,6.12279159110573e7,1.636467562127054e8,4.537236837088841e8,4.8463352541867785e7,4.859158948632734e7,6.3199755193029575e7,3.424541317477799e7,1.5337423599300498e7,2.1037865440506577e7,2.7513563940531645e7,1.370957885061264e7,1.5854271264208313e6,1.545011748562513e6,2.8283179228533376e7,7.664333430453259e6,1.0495818434199928e8,2.389972275068163e8,1.6388183562177943e7,1.5954076848680383e7,3.6671412877272153e6,3.24464645079576e8,1.664081448625759e8,1.7523485830869388e7,1.2673682348337142e7,2.38643346075045e7,1.7316801663888815e8,8.512380487187031e7,6.431288327262548e7,4.5508643030007176e7,2.6330283130681153e7,3.1916988967446335e7,2.1483773386529905e8,4.82648127864474e7,1.6991274647812445e7,3.3437578919922695e7,3.1586053743692964e8,1.3164383838931765e7,6.731356501182134e7,1.4851924980479923e8,1.56595058469652e8,8.886957658418196e7,1.2423276577059689e8,2.6761798516737245e7,1.623863632153302e8,3.4286412208181125e8,1.1437287953340627e8,3.060335890064172e8,1.0655694963233884e8,3.281067619533956e7,1.3410103120176822e8,1.038394260277225e8,8.428006093901761e7,8.250978568872637e7,5.460222184301743e7,5.295317809688671e7,4.651992258033948e7,7.932395290437707e7,7.72177866074629e7,1.0942667943079224e7,1.2955520990075266e7,2.1945863045463488e8,4.074112302334297e7,1.3299056913195657e7,1.5988837953097867e7,8.480760085778855e6,9.652688682482506e7,9.577849225555171e7,4.062519578055126e7,8.887702929981588e7,1.0336118152035553e7,2.9096649302669667e7,1.74380272271029e8,5.289136719357886e7,1.2511988342191766e8,2.6043793742150325e7,1.2877574467675162e7,5.537644923761249e6,4.290546688378291e6,1.768509800032569e6,4.544770524279865e6,2.6779345298039276e7,7.385213042946924e7,4.150212161998134e7,1.0129147774340434e7,3.0014964391320977e7,3.0911871950935484e6,589445.3567656793,4.629225931414314e6,2.4288935275141327e6,8.220429764700668e6,2.4541036382894474e6,719391.4649550744,2.1636359534455673e6,2.7309806198249985e6,4.1020223691674415e6,3.752668174770438e6,3.6763463783648284e6,2.466934125614795e6,8.391107494982328e6,6.649688644194442e6,519034.5978411032
2.238046824591618e7,8.226581045498759e6,7.74460266722113e7,5.998066638560375e6,1.0148034739314323e7,2.9075539642689335e6,3.765944220065978e7,2.3215909392687123e7,3.068465244659035e7,2.6146194289690413e7,1.5519381529123465e7,2.663853629511719e7,7.77116184671074e6,8.322098068437447e7,2.916502260928473e8,2.4103827443889126e8,3.6385698335654056e8,4.088491228293743e7,6.981219625266941e7,1.8865927353031614e8,9.769512822617958e7,2.2844130008629344e7,2.7567035085518267e7,1.2635033299176046e8,7.938225374488056e7,2.3594551726921424e7,1.823329968034705e7,1.559550526126804e7,1.8631703229147773e7,3.0704285564208157e7,3.3249542703015555e7,4.109196689364819e7,71187.96187629056,1.9351168194118896e6,1.0630449546456225e6,5.579539682413917e7,4.338440924482763e7,6.93311462995204e6,4.481907869867959e6,4.5606625455376565e7,8.668301994133021e7,2.1955576148001876e7,2.4593521077754803e7,5.666531555194132e7,5.416093772091516e6,4.1549968259808354e7,1.8581328013978756e6,1.0826476013932483e7,5.957139423611684e6,7.090405163243696e6,9.09558138806004e7,3.709477190283492e7,7.258930895210162e7,7.670008926126339e7,1.0240758032464722e7,1.9913211506521046e7,3.917208038270887e7,3.01132871862371e8,1.0006829963615566e8,3.441543540109192e8,3.082118282250717e8,6.0518854796024606e7,1.6185058662308514e8,4.48598397790433e8,4.789550149373925e7,4.7947766412495926e7,6.236142374934346e7,3.374389236576009e7,1.515073341040898e7,2.079761775124699e7,2.7198692806987688e7,1.3583512362063931e7,1.5691817740698846e6,1.52977011122733e6,2.8011066561094604e7,7.593203287621042e6,1.03247978476683e8,2.3509568548086175e8,1.5970128916866936e7,1.5541447007309278e7,3.57638350054475e6,3.1950672028224796e8,1.638846720743221e8,1.72571214837628e7,1.2479771032298421e7,2.3504657842954177e7,1.7055178551115507e8,8.384437470810235e7,6.3347490396572664e7,4.48079017945734e7,2.5925503288400877e7,3.142488414918466e7,2.1148877631514782e8,4.751775820195864e7,1.672874313108866e7,3.2920928699550636e7,3.11055458608295e8,1.2962960388455264e7,6.639189977996226e7,1.46428491869286e8,1.544308876298863e8,8.76003525035211e7,1.2233413034740536e8,2.635569724587861e7,1.5998889468946773e8,3.378055544168513e8,1.1267143872597598e8,3.0145006513738513e8,1.0488759152032836e8,3.2287037869702034e7,1.3168012912322463e8,1.0207388615243566e8,8.286338682507576e7,8.117150943282236e7,5.353875629556389e7,5.192713778025794e7,4.56353737732069e7,7.769075278630307e7,7.559142855176245e7,1.071842851587794e7,1.2687716550217405e7,2.147507157004455e8,3.987633326132134e7,1.301461960993747e7,1.5644560328003297e7,8.296473410511441e6,9.459695884436108e7,9.383221526225209e7,3.973082431766159e7,8.700183666173361e7,1.0098099506711306e7,2.825633785954308e7,1.7027998706394818e8,5.164488478094854e7,1.2219832161375222e8,2.5373274786294185e7,1.24903069732552e7,5.389654314468543e6,3.8513560201511174e6,1.6034507085031262e6,4.0665988865113407e6,2.4837572451171115e7,7.004230259531717e7,3.9871605886675894e7,9.71946216827027e6,2.8182549379019506e7,2.9444492580118896e6,569464.2078900528,6.2826041334321955e6,3.987919980842605e6,9.979696266342912e6,2.4541036382894474e6,236239.39081107482,1.769656898246186e6,2.3903445996914054e6,4.05940791027913e6,3.4424095401841006e6,3.649373762223936e6,2.4482992273340006e6,8.330214733743209e6,6.333097740990479e6,505362.0282309472
2.2892375613336597e7,8.43677952187065e6,7.94246574222996e7,6.226812215281116e6,1.0527148824494839e7,3.004081767261903e6,3.967118443837309e7,2.442180537067266e7,3.209498506678345e7,2.7881349002293985e7,1.6704170531147977e7,2.7217252999786556e7,7.812774732669689e6,8.366990361244313e7,2.967123615315216e8,2.4509232649309236e8,3.7015715034886134e8,4.1615029743017666e7,7.101943542723471e7,1.9218059879588014e8,9.948028387676232e7,2.3262529312337227e7,2.7999538043695938e7,1.2832141158433156e8,8.051875408628021e7,2.3887448619555317e7,1.850218798904262e7,1.5774171597507805e7,1.888945196710814e7,3.1161794114808988e7,3.380838924205002e7,4.1934971330755726e7,73782.20705276504,1.978584145909561e6,1.087065838005056e6,5.7641737863244556e7,4.4556298861083455e7,7.109501545504152e6,4.606318747466991e6,4.702770638116941e7,8.8578654845669e7,2.2630369827698078e7,2.5255252579105437e7,5.828389226271127e7,5.5545732528799735e6,4.293069853503983e7,2.006034571219088e6,1.1169801873674903e7,6.14643035309858e6,7.831415626532835e6,9.252089462068903e7,3.774112780003203e7,7.417347192541257e7,7.820605052485785e7,1.0372386844836911e7,2.021297199492307e7,3.937487187954288e7,3.016373669673991e8,1.0025358013884798e8,3.448130591769909e8,3.08486138061519e8,6.073207849455379e7,1.621628370490982e8,4.4945299915927404e8,4.813183026114897e7,4.81927571994174e7,6.2523801987961754e7,3.374113137411349e7,1.5269013301028142e7,2.0960255884236045e7,2.747418492754974e7,1.3730869713600377e7,1.5798595666099407e6,1.5388504350233648e6,2.8161769874851424e7,7.64487842852145e6,1.0319281212501428e8,2.3492245969807497e8,1.5792947781967372e7,1.5330810718473226e7,3.528989729606556e6,3.1683795042876375e8,1.625182685678906e8,1.7111340734936535e7,1.2370953743488573e7,2.3307189235725418e7,1.6921576352183247e8,8.316389169010682e7,6.283534039180585e7,4.445015961758956e7,2.571761365940848e7,3.116519446824835e7,2.096061017604421e8,4.71052722090364e7,1.6588035538150938e7,3.2639572515670504e7,3.0875251355010617e8,1.2858883922518648e7,6.598934921069281e7,1.4551747038813975e8,1.534664734488989e8,8.721224539991161e7,1.2156102261244282e8,2.6187590547288418e7,1.5898004675634384e8,3.353176096313731e8,1.1182444517003211e8,2.9921479650947976e8,1.0384294382747936e8,3.191134126727963e7,1.3022330897497794e8,1.0104367191225582e8,8.173503386828832e7,8.052041691991809e7,5.284883721611255e7,5.126820302209077e7,4.481199294648102e7,7.6013856004311e7,7.387260365644775e7,1.0492948095265022e7,1.2410768356791725e7,2.1013478001752236e8,3.8996029811283e7,1.2722691720291981e7,1.5287251481148493e7,8.096456946697988e6,9.274218964090097e7,9.196569629796153e7,3.898011770342022e7,8.550806391905192e7,9.827641474496098e6,2.7009919978468016e7,1.6681958351824185e8,5.060765498995251e7,1.1968551886951146e8,2.4788123715080146e7,1.2096447006214254e7,5.301003026593956e6,3.4250407780704643e6,1.3409477072756288e6,3.5695486675990503e6,2.2140641591478653e7,6.4675282394077994e7,3.791064622640202e7,9.406747852246763e6,2.75632233453745e7,3.157114228422973e6,588607.5749157402,1.235249681284484e7,7.499377332503361e6,1.2841454614587784e7,3.3141195029155053e6,1.4912547170107558e6,1.619620644128932e6,2.07126273952191e6,5.008501738794897e6,4.123253943271672e6,4.078248614580081e6,2.756797260903797e6,9.309780666978624e6,7.076458754156282e6,551491.9738326943
2.2435663278980754e7,8.315990520473425e6,7.743417844812213e7,6.046584995767517e6,1.0243907968069972e7,2.9639275977537627e6,3.9555897377380505e7,2.381437564997184e7,3.082509192262548e7,2.7263315960350703e7,1.7138779542561237e7,2.6294603812773198e7,7.422381011295285e6,7.931594432229619e7,2.8284267341338533e8,2.3352030840932992e8,3.527623220386926e8,3.963537885086109e7,6.747514681254998e7,1.8334915724129337e8,9.499871505363797e7,2.234953012604992e7,2.6689637088527612e7,1.2218778381682296e8,7.670327122027607e7,2.254964578576529e7,1.753054980976471e7,1.477883281810103e7,1.7719052908048205e7,2.914066221269686e7,3.186972399416698e7,4.0117465910221115e7,69964.99075964073,1.9038405077934207e6,1.0315168348089169e6,5.5213409593556605e7,4.223830613252002e7,6.817122329376936e6,4.465954580373797e6,4.554564490235934e7,8.267574029494831e7,2.119956559921615e7,2.3498793654072504e7,5.343949534382925e7,4.940286328854693e6,3.984420116860438e7,1.8735794656259082e6,9.522140472135808e6,5.284707512495852e6,8.05036986642499e6,8.454953420941135e7,3.446701722228615e7,6.788587239277819e7,7.140401081204996e7,9.598245466918213e6,1.8497634979240667e7,3.580453848467287e7,2.799592626738074e8,9.332578191864379e7,3.204690979051329e8,2.8587310141892517e8,5.6718064914414525e7,1.519332789872597e8,4.2026985682362676e8,4.493424570711696e7,4.457372297986852e7,5.7770156924813084e7,3.087810894097019e7,1.4230178052615376e7,1.962319668557738e7,2.5740513674389023e7,1.304038712228846e7,1.4890189390018838e6,1.4532899376437997e6,2.663048308038575e7,7.247086597501629e6,9.34351755852187e7,2.1265065265264514e8,1.3377170172473306e7,1.2937491653203996e7,3.0022722355749304e6,2.880295733996069e8,1.4785415902295518e8,1.5563249347820215e7,1.1243565166203924e7,2.1216670145676777e7,1.5402470504711998e8,7.573078382802111e7,5.722688311296485e7,4.038145360755993e7,2.3367147160715315e7,2.830659404829684e7,1.9013513157088208e8,4.2762957181704536e7,1.5062683855842458e7,2.963708025338958e7,2.8087592226633126e8,1.1689158643457642e7,6.064714996992385e7,1.334001675892489e8,1.4091974676259676e8,7.988474632575232e7,1.1056908515438822e8,2.3835978348110702e7,1.45092953909227e8,3.059587534242423e8,1.01948213930253e8,2.7261665833496326e8,9.412221615844323e7,2.885597789089486e7,1.1613369922322872e8,9.07733146575826e7,7.345509797902733e7,7.275586689061682e7,4.665136347331128e7,4.528990224942828e7,3.962816526769698e7,6.642730842084247e7,6.4322225194306776e7,9.177042212110449e6,1.0838659220210781e7,1.8250813692167118e8,3.391945294519434e7,1.1052737002537975e7,1.3265655014550146e7,7.013827733040527e6,8.142442539488822e7,8.055135851342669e7,3.374293257063901e7,7.453913586085245e7,8.428424924468026e6,2.2078384140205834e7,1.427992227160077e8,4.3307175821501434e7,1.025655659600485e8,2.0855755492493052e7,9.817365489173476e6,4.439676614026332e6,833655.480505705,465577.52755920985,690627.862886102,1.0777603257259546e7,4.228433248026158e7,2.8285248098180737e7,7.003816477548758e6,1.7222934075380117e7,2.592958149066832e6,490905.685924263,2.6758904792889252e7,1.736651021920885e7,2.295449614908173e7,1.0028889557853395e7,4.829181490592331e6,4.965756825313323e6,571206.443078809,5.828354646340686e6,3.8836008347427794e6,4.229364061076522e6,2.8809448728686636e6,9.65829685356669e6,6.297728256258775e6,514424.170318037
1.9955963456248652e7,7.258070386084333e6,6.798351628088832e7,4.9226423610312585e6,8.371249707290572e6,2.4681198654454933e6,2.8738826420339596e7,1.7662912160139844e7,2.401052803484993e7,1.823454209804202e7,1.0449966918320782e7,2.3741198794373512e7,7.436390885536619e6,7.956606081338167e7,2.641923648612408e8,2.188732742781176e8,3.296378941947196e8,3.6935343336605735e7,6.318770433851329e7,1.6987002984171498e8,8.816196588008405e7,2.065629848094497e7,2.5171747802099753e7,1.1537859515809292e8,7.294333845777456e7,2.1811574072119974e7,1.6690196738117855e7,1.444944521740416e7,1.7076522855746623e7,2.7974868543707047e7,3.0089032962179556e7,3.67031862660357e7,58432.64686104907,1.7156695262946836e6,937176.6411803401,4.6780171312650084e7,3.73982252769952e7,6.048240192971701e6,3.8813017773476243e6,3.879346571897233e7,7.631730305133261e7,1.8502959617129624e7,2.1098001947209682e7,4.805303482195919e7,4.644220966282212e6,3.4486146628454804e7,1.1802674194177962e6,9.02511464731798e6,4.959325450298894e6,3.8550172389846966e6,8.151710278845683e7,3.3206553373900417e7,6.363618794252363e7,6.79298535816648e7,9.395547784871394e6,1.803605814357878e7,3.709390574209983e7,2.910012714478356e8,9.669940638841283e7,3.3233709407930386e8,2.98768212035196e8,5.809544424215829e7,1.5662012901217285e8,4.3391097810085577e8,4.5681552990048096e7,4.5585961423111744e7,5.9947655979191184e7,3.2756351087218203e7,1.425591499320686e7,1.9592423822622035e7,2.5356234114296462e7,1.2673644845428377e7,1.488026011884809e6,1.4572896975045498e6,2.6761870147272423e7,7.213377807167341e6,1.002144137875529e8,2.2838033518348086e8,1.6100741896925513e7,1.5825338857356837e7,3.6385222463211925e6,3.210400274412959e8,1.6468536995744148e8,1.734863580886561e7,1.2558657138406022e7,2.3628669107798122e7,1.7103466634765097e8,8.419034036894354e7,6.360213730188211e7,4.4946380685050935e7,2.6010261250754807e7,3.1558307377316248e7,2.1291043409991637e8,4.779945523392633e7,1.680946923660392e7,3.309857954811465e7,3.1132932369219023e8,1.3007099362849412e7,6.621234346280187e7,1.460504933007662e8,1.5410357853746372e8,8.668653093572165e7,1.218711797819175e8,2.626616373715933e7,1.594826156986056e8,3.3825221482828546e8,1.12874497122165e8,3.018228025342684e8,1.060504557463225e8,3.2861525261019804e7,1.3338961292610005e8,1.0309880870320565e8,8.494461601532757e7,8.135236921845573e7,5.456944969137262e7,5.288869623052008e7,4.752244287987909e7,8.194501323657133e7,8.006626667301947e7,1.1281636281036522e7,1.3394558892134737e7,2.2627619841780403e8,4.212078458452664e7,1.3764822597325085e7,1.6571341301320644e7,8.830793878947657e6,9.904208216186097e7,9.832614890549141e7,4.1414246809623666e7,9.011931555134363e7,1.0851980325156743e7,3.232776331368414e7,1.783473644559367e8,5.4038874805440634e7,1.2812230038129595e8,2.6838275394121267e7,1.3638964358056223e7,5.551610299955013e6,6.1811724278925285e6,2.789579384486256e6,6.748160739799097e6,3.632937801242695e7,9.041468812284875e7,4.6540522711204365e7,1.0690618647129329e7,3.1174829463009465e7,2.1075392799481126e6,472534.045776208,2.286179066085249e7,1.5679812643957447e7,1.6043808676075738e7,1.1274330599939972e7,6.138103639832148e6,8.987038356087472e6,4.362189025481596e6,1.2528618961315698e6,2.3757170922950464e6,1.7791738007020182e6,1.1059324010961216e6,4.0598948873568517e6,3.5548360950178504e6,298426.69653074647
2.035749421342743e7,7.465844562286169e6,6.93440741460589e7,5.097724963931231e6,8.675540153278196e6,2.5714769782734592e6,3.132549319837257e7,1.876883509392306e7,2.487103993964687e7,1.9921184236967888e7,1.2357056095717622e7,2.3915730199275278e7,7.250371722582183e6,7.74597104627153e7,2.6188173326144907e8,2.1673449593220803e8,3.2667108402195454e8,3.660917884532452e7,6.246520152563046e7,1.6876246227260274e8,8.761120114597934e7,2.062599644310778e7,2.4900859954175927e7,1.1403030658307423e8,7.200519068304263e7,2.1334199414182708e7,1.6414953502679976e7,1.4035811679856753e7,1.6645045517690226e7,2.7229649429909464e7,2.95402837292792e7,3.662752199156306e7,58994.00499362958,1.724451163647767e6,931300.2393649832,4.749467747232942e7,3.732596774749089e7,6.08530857450116e6,3.9537198470994085e6,3.967218485610146e7,7.46898907472432e7,1.833639265799218e7,2.0690474327282842e7,4.650075869895876e7,4.3429381678483235e6,3.393322449379213e7,1.2077678743352243e6,8.012440056574226e6,4.452645179980225e6,4.987122607445238e6,7.794299891837896e7,3.1737176681053862e7,6.115212400891629e7,6.501932540483312e7,9.04810742029171e6,1.7237600334396873e7,3.49886671930366e7,2.779528006151128e8,9.257837085191007e7,3.1782250945108616e8,2.848397898714842e8,5.584211728141665e7,1.5065067015713388e8,4.167765778574978e8,4.396006115392144e7,4.356950708497963e7,5.712043475995434e7,3.091726640476105e7,1.3740182881617812e7,1.8949416722431477e7,2.459641895528484e7,1.2431345294368979e7,1.4448441715901066e6,1.4157381398849385e6,2.6007212753365878e7,7.03354787753414e6,9.380354976114374e7,2.1369388112996387e8,1.4253508964652477e7,1.3963006941634873e7,3.2296860903914054e6,2.995469481513716e8,1.5374234875028342e8,1.6191482939312883e7,1.1712625882786142e7,2.2066369671733756e7,1.5978961672042245e8,7.866054261365673e7,5.9431607840173356e7,4.1930209648963556e7,2.4266709185304217e7,2.942979464780655e7,1.9827511963754776e8,4.454538993257737e7,1.5671156776974266e7,3.085309841149192e7,2.908471243985865e8,1.213904505606099e7,6.2363201699885115e7,1.3730285310132843e8,1.4503531685461134e8,8.157275334402034e7,1.1394029038292965e8,2.4567515756428204e7,1.4945736301929292e8,3.1666386059367836e8,1.0559638730568884e8,2.822623040934411e8,9.862605597820078e7,3.047301236339767e7,1.2257935943289609e8,9.528834990833274e7,7.833172873351835e7,7.560670630351956e7,4.973612763902431e7,4.823480912884316e7,4.32310481484849e7,7.382184753050236e7,7.191755785566172e7,1.0171639655223733e7,1.2060226302203335e7,2.0304897419270295e8,3.782202319290753e7,1.2347942378915444e7,1.4851722785585247e7,7.900821875872321e6,8.959216173464909e7,8.879305053207952e7,3.712883147547546e7,8.12435464178971e7,9.635982553995637e6,2.7747749583889198e7,1.58601572339153e8,4.805043203835857e7,1.1401044482447566e8,2.3572074227444418e7,1.1685544502601422e7,4.868438935834473e6,4.130272475350232e6,1.997866075794142e6,4.535651375034058e6,2.650900235361851e7,7.029661914637975e7,3.803373666101021e7,8.675503614553474e6,2.2241978936094463e7,1.563624174478676e6,406332.65890142025,2.237435010672469e7,1.53932232030542e7,1.9016310225164343e7,1.0183982009930067e7,5.13947524008738e6,7.30522450737764e6,2.8699730236143228e6,2.345737659891061e6,911793.7684624145,2.455881983407264e6,1.6091021767611536e6,5.609474521571338e6,2.5685542539168806e6,303207.3484948792
1.759743489329931e7,6.322957292455674e6,5.877065412966026e7,3.8843831818617554e6,6.654731597000275e6,2.0453644967591772e6,2.022747980421798e7,1.2339493371916244e7,1.7651492208525904e7,1.0728575808998428e7,5.748937902704492e6,2.0901968998400785e7,7.089805019965811e6,7.579627132285717e7,2.3719481820371395e8,1.970607389087375e8,2.9599570456080544e8,3.3058826116310537e7,5.669107769130171e7,1.5143691643119824e8,7.879607850351648e7,1.8501188491214197e7,2.2807160018126696e7,1.0455374498021486e8,6.656585346034593e7,2.0052196231406033e7,1.5171387852339637e7,1.332874166861076e7,1.5563344880943071e7,2.5341112837098606e7,2.701381758306345e7,3.2405563546850853e7,46319.1074430183,1.5009675045505865e6,815143.2910942149,3.809177686429239e7,3.1640077130355537e7,5.187207515253217e6,3.2969609752636794e6,3.2184793749069747e7,6.6493346707829155e7,1.5258695523809578e7,1.7835325267938767e7,4.0333716196693234e7,4.0255103041496067e6,2.800853003412448e7,692556.8773570668,7.982590210340332e6,4.334243705593096e6,795864.7567538471,7.295935665555869e7,2.9689792069771107e7,5.5546724479273826e7,6.0033389213955715e7,8.594618321384197e6,1.632027973702477e7,3.521218761367195e7,2.807839621423498e8,9.326691786639535e7,3.2038264867740726e8,2.8922624081986356e8,5.564057835429683e7,1.5116730201532993e8,4.187006689352617e8,4.346632748381091e7,4.3293231902471565e7,5.757883635388321e7,3.181794575171781e7,1.3378693592620531e7,1.839832077853156e7,2.3546045033714306e7,1.1763943652496684e7,1.406049277100081e6,1.3833519572607845e6,2.547871411888131e7,6.826034869772732e6,9.754413654218134e7,2.2248663366691983e8,1.6518078120536685e7,1.6381909904042363e7,3.7540009152589072e6,3.224687313041376e8,1.6541097387841165e8,1.74323890076491e7,1.2632354000397472e7,2.373894812220936e7,1.7145435969835886e8,8.44905608814065e7,6.3821419441956624e7,4.508151921251935e7,2.609203858690784e7,3.168744545669465e7,2.1430496820393112e8,4.807199372099937e7,1.6887811523619927e7,3.3270177169172272e7,3.115667653250091e8,1.3048589471701209e7,6.594243838289261e7,1.4552311339050192e8,1.5357751866034985e8,8.574841752744976e7,1.2144492906607944e8,2.6180636764219955e7,1.5892787421099612e8,3.384853989119177e8,1.1301668098415105e8,3.0207659316624963e8,1.0717549601683079e8,3.3419105553523954e7,1.3543432015766245e8,1.042602216026851e8,8.701975401391295e7,8.161023305131564e7,5.582429942424824e7,5.406266401842756e7,4.948124501048003e7,8.641703620949975e7,8.478024536349915e7,1.1875357483374363e7,1.4137541530425256e7,2.3873065392426842e8,4.4512835882042855e7,1.4565071029165585e7,1.755976208556322e7,9.396564803034099e6,1.0372898853777479e8,1.0310054822688095e8,4.33524252925834e7,9.370636156596278e7,1.165704177288872e7,3.6654710196751684e7,1.879110866944726e8,5.689790229407377e7,1.3506593227806848e8,2.861743380101268e7,1.5017906024738235e7,5.811656272744962e6,9.207239844443072e6,4.120766798338645e6,1.0135975980814591e7,4.993870851410032e7,1.1420723791114403e8,5.451613645869798e7,1.2148723250922875e7,3.8513564605054244e7,2.2113460479587233e6,430511.82850364305,4.812215489770591e7,3.181405495369073e7,3.071844880932922e7,2.1846866482999377e7,1.1930808059149954e7,1.5822039116483187e7,6.844056269729872e6,3.84678899493389e6,5.377776700725632e6,268893.3714428586,443995.53582166636,238923.33831996695,4.511513499491043e6,183235.86149067045
1.791371407890916e7,6.448195686893272e6,6.000542447138739e7,4.023059103513697e6,6.884205968419516e6,2.101943311377472e6,2.136422649938029e7,1.3048574616141342e7,1.8491181203296002e7,1.1718873719822858e7,6.362711745215626e6,2.128208738875586e7,7.13602669099856e6,7.62977105368195e7,2.4078862420791003e8,1.9996380891627723e8,3.004732232088578e8,3.35744314383479e7,5.755365426836294e7,1.5389102652752107e8,8.004399911805066e7,1.8789355895119946e7,2.3122096112003222e7,1.0599437247973289e8,6.741526563001186e7,2.028469463173025e7,1.5372719365181452e7,1.3475492118071513e7,1.5761765110267723e7,2.5685000035164867e7,2.7419121409578253e7,3.2978416723952644e7,47908.88464514073,1.5296591513168917e6,831297.8841258065,3.924546015224337e7,3.2400159144602057e7,5.301952641510478e6,3.3751592974324487e6,3.3068176502196554e7,6.776968961685556e7,1.5679763326813813e7,1.825578199340442e7,4.129830950097912e7,4.0959920723114354e6,2.8833689959219065e7,734495.9913143764,8.062629726241502e6,4.388311171930251e6,1.189258679569364e6,7.403058792900518e7,3.012932528847602e7,5.656076009296996e7,6.101902959438763e7,8.697465861826066e6,1.6535754126652652e7,3.5440746939676896e7,2.8208529084530354e8,9.370770482783213e7,3.2191187429726976e8,2.904322946869964e8,5.595915992118959e7,1.5187808683084914e8,4.206747764557562e8,4.375407266372591e7,4.358536419375206e7,5.787787673339228e7,3.1930372399074048e7,1.3492534684332408e7,1.8554443258355964e7,2.3783070355804354e7,1.1884943346220039e7,1.416869907122106e6,1.3931382932006044e6,2.564885807487342e7,6.877531193156638e6,9.784423321638303e7,2.2314479051083326e8,1.6436511973456059e7,1.6282655131989578e7,3.7334259907139665e6,3.2215835456914663e8,1.6525437072436967e8,1.7414877774064947e7,1.2617854339847503e7,2.3715856614541635e7,1.7133637304893768e8,8.442075529842098e7,6.376977698589877e7,4.504610906620649e7,2.6071135759342343e7,3.1658034918897025e7,2.1403473274326688e8,4.801710563977908e7,1.6870844270006195e7,3.3234494020515613e7,3.114182307125535e8,1.3038141820987353e7,6.596129794379196e7,1.4555135047882092e8,1.5360643134450397e8,8.584595654903264e7,1.2145409602591185e8,2.6182039119693913e7,1.5894682025817353e8,3.3834067608607787e8,1.1295876059152229e8,3.0193570530706847e8,1.0698374439531139e8,3.333146157081972e7,1.3508003922597215e8,1.0405207390680335e8,8.67038539479878e7,8.15381974167283e7,5.561657309296872e7,5.386739715370361e7,4.91906531845545e7,8.576120624444737e7,8.4091067022744e7,1.178801485764586e7,1.4028678631836442e7,2.368850559953175e8,4.416085052642695e7,1.4447418983098043e7,1.7414646317765698e7,9.314025987975895e6,1.0303521233494735e8,1.0239273890031841e8,4.30556528279114e7,9.315127543712567e7,1.1539997497761846e7,3.604038047083481e7,1.8644422609587526e8,5.645798088642505e7,1.3400559641336769e8,2.8345637909181032e7,1.4812187506459864e7,5.768002663056615e6,8.780689061281495e6,3.937021023445078e6,9.66100949611116e6,4.802299371215801e7,1.108180668436179e8,5.3353451813751884e7,1.192195665236675e7,3.732541289882879e7,2.135212738263444e6,431981.93587963015,4.4743460390212946e7,2.9653779632967323e7,2.8683069257103767e7,2.043556175348647e7,1.1157638989411343e7,1.4909046920599245e7,6.498748727932212e6,3.333226827434799e6,4.911737978119855e6,268893.3714428586,443995.53582166636,540432.0892947082,4.163331642446887e6,186879.95559404953
1.760015104837537e7,6.323754076759044e6,5.878288655505756e7,3.885803781006491e6,6.656949179535894e6,2.0456905459020173e6,2.0231721589378823e7,1.2346415562820707e7,1.766289116026966e7,1.07397465965643e7,5.747348281184253e6,2.0907148463941567e7,7.091520441031282e6,7.581543003458577e7,2.3726679914118075e8,1.971203016757321e8,2.960859191685034e8,3.306917802167791e7,5.670944680702697e7,1.5148369475328407e8,7.881967662468089e7,1.850600855630283e7,2.2813788676449448e7,1.0458474166464886e8,6.658477357357932e7,2.0058659897584934e7,1.517623763425492e7,1.3333494062805502e7,1.5569115974421775e7,2.5351228910381008e7,2.7023788544052362e7,3.2415487896199502e7,46346.45810963857,1.5013907473869782e6,815455.9279399312,3.810835586672648e7,3.1654102638994593e7,5.188945230991377e6,3.2978472534686658e6,3.2194772835413877e7,6.6526028072594635e7,1.5267838266146205e7,1.7845823986884292e7,4.036316306171891e7,4.029001738692274e6,2.8028938696486145e7,694680.6012457209,7.992137052647144e6,4.339314261553088e6,795864.7567538471,7.300043561330435e7,2.9706711472900994e7,5.558128928781605e7,6.006961684878167e7,8.598387422245119e6,1.6328870572137095e7,3.522799091122144e7,2.808758795528742e8,9.32963285596955e7,3.204861153847688e8,2.8932130961065674e8,5.565793750266352e7,1.512106811599804e8,4.188244695411625e8,4.348039199982441e7,4.330921620326212e7,5.75992280448122e7,3.1829880035684567e7,1.3383429154186893e7,1.840441079804783e7,2.3554178597131297e7,1.176720483077001e7,1.406456995852982e6,1.3837315511264212e6,2.5485457698319536e7,6.827816695958659e6,9.758464140040271e7,2.2257888436669427e8,1.6526989913439369e7,1.6390535121399209e7,3.755909815182164e6,3.225790215321428e8,1.6546711795865586e8,1.743830992521181e7,1.2636654749041375e7,2.3746946522823673e7,1.7151280733869395e8,8.451907886320639e7,6.3842943224233724e7,4.5097153489137836e7,2.6101067182627738e7,3.169839984434165e7,2.143791271677682e8,4.808856684325582e7,1.6893648495995443e7,3.328165146381159e7,3.116744847595779e8,1.3053081959653825e7,6.596332947588461e7,1.4557044457245046e8,1.5362650144996127e8,8.57775726350107e7,1.2148786732182357e8,2.61898168728758e7,1.5898210837548015e8,3.385988494905365e8,1.1305479176902206e8,3.021793432187403e8,1.0721214520659795e8,3.343044500708689e7,1.3548690301211527e8,1.0429890956225766e8,8.704993246185508e7,8.164006974474014e7,5.584702269613131e7,5.408462506984279e7,4.949940046663806e7,8.64495764812519e7,8.481233885910112e7,1.1879845034025729e7,1.4142866606682371e7,2.3882440655000818e8,4.452998542112893e7,1.4570694816503823e7,1.756654603294852e7,9.40015957472124e6,1.0376807113540016e8,1.0313985749830179e8,4.3370578855354875e7,9.374500192458104e7,1.166158106257666e7,3.666865810496447e7,1.8799314145964414e8,5.692288868076232e7,1.351243137725096e8,2.8630502738775417e7,1.5024909938968169e7,5.8146746574951885e6,9.210584023484726e6,4.1218849896179046e6,1.013941470648466e7,4.995725225665408e7,1.1425483019467705e8,5.454142883707558e7,1.2155734206476374e7,3.854116096979165e7,2.2151054821411017e6,431065.3566155551,4.810786662415084e7,3.1804256326249957e7,3.070047400230992e7,2.184211161836661e7,1.1929172433161698e7,1.5820886390930934e7,6.846075061488723e6,3.8450092223070767e6,5.380468063012034e6,268893.3714428586,443995.53582166636,238923.33831996695,4.519047637183845e6,183897.43741142744
1.895167216341949e7,6.93561109813835e6,6.372899880481449e7,4.475888931408003e6,7.657971970199997e6,2.3382788710932713e6,2.705974671873895e7,1.5731281308258867e7,2.0870986951185167e7,1.5755498068015618e7,1.042322722023971e7,2.2043470659110967e7,6.916944822656346e6,7.378002944763808e7,2.4177427012307024e8,2.003456530634653e8,3.015617619762892e8,3.372022327665354e7,5.751840279540132e7,1.5527678269516128e8,8.077606021151744e7,1.9114378431917254e7,2.31071457415225e7,1.0575232082878667e8,6.706388991720825e7,1.984407756092425e7,1.5202090806261813e7,1.3019988147005625e7,1.5337394122063924e7,2.49415818915097e7,2.706411828853939e7,3.35850847333763e7,50616.55931742074,1.5799026010673903e6,841798.5727480821,4.177687949433422e7,3.318994184503141e7,5.503311301541615e6,3.588524809864081e6,3.556933917491752e7,6.665974378190454e7,1.5873900452474156e7,1.8059889878283184e7,3.970949066794968e7,3.6514576068319045e6,2.876634095683402e7,766670.9984090911,6.272888258000862e6,3.5101772441772763e6,3.85044043791631e6,6.951400229092726e7,2.8266735192408677e7,5.363071058249787e7,5.740231699725283e7,8.2774536181033375e6,1.551510654992285e7,3.245540632325244e7,2.6398009538802087e8,8.803930448175952e7,3.0188550307572126e8,2.7089397280540323e8,5.2952034439745896e7,1.438058676973248e8,3.9737873877881366e8,4.150132350354564e7,4.0861683951555096e7,5.394993534590904e7,2.9274093154626664e7,1.284374780732727e7,1.776837553076167e7,2.2911712895253133e7,1.1671422632896675e7,1.3652394085519847e6,1.3429670962718967e6,2.473136717841178e7,6.67272142448447e6,8.841533818922314e7,2.0151749664084482e8,1.3516095300652042e7,1.3333334440599948e7,3.0883208879125016e6,2.8961977021229106e8,1.4869471556841728e8,1.5662807094650725e7,1.1335050042071333e7,2.1351734245615683e7,1.5435902929382038e8,7.606410425905502e7,5.74684935829528e7,4.048501892876225e7,2.3434363117134918e7,2.8435389098832365e7,1.9180869817326227e8,4.308119883344422e7,1.5146195070868928e7,2.9830545172748037e7,2.805405755273242e8,1.1725652232049923e7,6.023035616098547e7,1.3249574972500525e8,1.4008431231514692e8,7.828104939416772e7,1.0955121718869941e8,2.3633204791091606e7,1.4393548824709216e8,3.0585508906161547e8,1.0199455234054585e8,2.7247145099095947e8,9.566142478504746e7,2.966533340165617e7,1.1843080876787935e8,9.209189165782875e7,7.647836669351625e7,7.282262471297978e7,4.811355158808593e7,4.664754862722323e7,4.247036953265037e7,7.295240446151763e7,7.121881949941613e7,1.003919075463982e7,1.1923862715796977e7,2.002390132636221e8,3.737510953076527e7,1.2209600662736205e7,1.4697104282664359e7,7.842080876779058e6,8.818401659530094e7,8.739985143676837e7,3.630964997493182e7,7.922989557790773e7,9.609158122868448e6,2.8702012975870002e7,1.5524478706709945e8,4.699682221066058e7,1.1170950361667348e8,2.3159131141469296e7,1.169092374888977e7,4.682936404492499e6,5.6801957322055595e6,2.7079261674363674e6,6.309893240356508e6,3.27691394124069e7,7.900187027186239e7,3.976103077971191e7,8.67710932567311e6,2.286217658269888e7,774005.3761844278,308917.7636316591,3.697053509480745e7,2.476456213749164e7,2.7223722383584965e7,1.6474090078662496e7,8.631675363614513e6,1.1445430436302353e7,4.2486388104458265e6,3.20425422289885e6,2.3448302571932194e6,1.88083048404651e6,1.2451225678858717e6,4.301022429409195e6,1.1876057418185486e6,167690.75912808732
1.7243683092910927e7,6.264376205305856e6,5.7003970278731145e7,3.7100631362991454e6,6.397761818410394e6,2.036028909016618e6,2.1211085090720292e7,1.1827586052028148e7,1.6023666878680266e7,1.0285680403336372e7,7.679509276170407e6,1.994570930730506e7,6.661320384316814e6,7.09954822382312e7,2.2154680122967362e8,1.840032511770867e8,2.763491461686329e8,3.0811091797779858e7,5.263179700959721e7,1.4146058544491264e8,7.376726922627279e7,1.7513832895877678e7,2.1338786067281652e7,9.764796791323146e7,6.229894059936658e7,1.852102413296478e7,1.4060016068067344e7,1.2173038075344646e7,1.41895434956783e7,2.293335906018621e7,2.4731290258209016e7,3.0369442071301945e7,41232.25620840052,1.4202918364254779e6,749243.3181249226,3.521145402823768e7,2.8790553767090145e7,4.858407441056456e6,3.1579257058914383e6,3.068354416330318e7,5.904780480502267e7,1.332839318356559e7,1.5493019342807842e7,3.3472563310256127e7,3.140287114593326e6,2.356585748641169e7,234918.42352456806,5.399508665094228e6,2.978302165123601e6,2.563081714327188e6,6.2807172621184185e7,2.5507221479432438e7,4.721198935289443e7,5.1162420714048095e7,7.663886365925007e6,1.4180845801034026e7,3.1048351600503556e7,2.5650909321358535e8,8.552632174455139e7,2.9312901682800084e8,2.6396369433008704e8,5.11383837381597e7,1.3981501212924176e8,3.8624437030010855e8,3.9854364238982856e7,3.9150347180639714e7,5.220639978979352e7,2.8604446160030186e7,1.2184464864348777e7,1.6873419384040337e7,2.1547766323121957e7,1.0992946571173413e7,1.304234125458937e6,1.288143469544124e6,2.378216962522891e7,6.385602726303339e6,8.654998727592167e7,1.9742046337058294e8,1.3964539778275136e7,1.3895882439149177e7,3.2046554659144324e6,2.9143452862988496e8,1.4961414070621172e8,1.5765556594216619e7,1.1420006961573446e7,2.1487798027320616e7,1.5505066185528445e8,7.647562212154455e7,5.777315205878495e7,4.069004982931773e7,2.355560923965793e7,2.8606294286246415e7,1.933817072327976e8,4.340101945077446e7,1.5244859690491144e7,3.0038358155735172e7,2.8139802836973655e8,1.1786464566741133e7,6.013721199212877e7,1.3235637246827397e8,1.399513644786591e8,7.771551712886131e7,1.094832520426869e8,2.3622753732679185e7,1.4382710955471525e8,3.06723513688369e8,1.0233836708677618e8,2.733008572123148e8,9.678347811086974e7,3.017925690420959e7,1.2045674100200763e8,9.328516270091626e7,7.832912015131679e7,7.322501386798695e7,4.930753512980867e7,4.776885426085555e7,4.417745877482328e7,7.682100083168922e7,7.528957453586955e7,1.055407862920757e7,1.256620041318067e7,2.1112641079476324e8,3.945292223989025e7,1.2904434088630725e7,1.5554565050036723e7,8.330409910138899e6,9.226642754528126e7,9.15660587707067e7,3.80509099068641e7,8.24733601395086e7,1.0303833699565023e7,3.2387329576792438e7,1.638774695773378e8,4.958421352322488e7,1.1795351653956378e8,2.4769510316466086e7,1.2928717834538566e7,4.935759090729233e6,8.2629343798111575e6,3.7913738241414493e6,9.164592071139032e6,4.441505111215832e7,9.976424169111022e7,4.6876308109272435e7,1.007247285037538e7,3.055653690115122e7,1.2060181168809098e6,277049.84543479705,5.264902626460574e7,3.480452757549292e7,3.5752084527811095e7,2.330713750546506e7,1.2484582379709126e7,1.6167685470488412e7,6.290421769698035e6,4.875706565050138e6,5.017124678260605e6,1.3846192756998157e6,1.0130393722566884e6,3.1724367367525743e6,3.0394964168855376e6,19460.19316899261
2.806597905518511e6,1.1043620387439546e6,4.066699312333362e6,2.795202958312196e6,4.321637575946596e6,731143.6408663659,3.373893648683111e7,2.1588850498655245e7,2.5202650998892423e7,3.752846915770212e7,2.5108856219812836e7,3.5192293221201603e6,4.913454300363265e6,5.277325402272604e7,8.879811866325869e7,7.66639596320518e7,1.1170774266229053e8,1.2337904079099635e7,2.3001043756354835e7,5.204884815212883e7,2.690985324635024e7,5.4652073512607105e6,9.356502001364972e6,4.386086394395232e7,2.9755256340164244e7,1.096405656716014e7,7.191017906969587e6,8.272874674911117e6,8.969189736245275e6,1.5141115795441665e7,1.3339821616025714e7,9.364316523335567e6,44104.4836790057,298557.3145318189,328679.87921523646,2.2978014434690025e7,1.627858790996213e7,1.441218123728042e6,570645.575393449,1.12071812452309e7,4.324760924717343e7,1.3158571295575676e7,1.4787927705642011e7,4.5947919303519465e7,6.072815879384242e6,3.2043085381031353e7,4.302883336266898e6,1.8919555775372464e7,9.817668777519887e6,1.82980520957964e7,6.532678645998746e7,2.6928483986975312e7,5.297011040793387e7,5.670537948584493e7,6.225654672608257e6,1.399488873989614e7,3.326157978041359e7,2.406061275169334e8,7.833039543102089e7,2.709963674445704e8,2.5431031135797247e8,4.401996684157552e7,1.2292087023275396e8,3.43613879269095e8,3.320462288341709e7,3.531404036872999e7,4.971393647080584e7,3.061648056638657e7,9.635199940069515e6,1.2711639132154234e7,1.5139202736132655e7,6.4607655097111445e6,955109.3474172809,958430.9434370755,1.790474337928862e7,4.503324311065239e6,1.0095444470732266e8,2.3120094644594383e8,2.560567376147209e7,2.5870183681432262e7,5.741731392767375e6,3.6326874357282525e8,1.857839273015039e8,1.962966028688287e7,1.4317873993726552e7,2.6631576146997977e7,1.907970891080052e8,9.426847674354756e7,7.113962592948973e7,5.064256961149141e7,2.930836790123356e7,3.576668229509615e7,2.4523098694260204e8,5.468341917181497e7,1.91197422947809e7,3.774474580828923e7,3.452638658771066e8,1.4633322936698403e7,6.886285087360024e7,1.5377114782103282e8,1.6138409557990283e8,8.820295616443178e7,1.3254052036692095e8,2.8516248423519097e7,1.7105284655571175e8,3.706671918915491e8,1.2443475547206883e8,3.3285941458303595e8,1.2479178467337245e8,4.01061834790455e7,1.6950526958278376e8,1.2557043714967705e8,1.0911261693099873e8,9.368282594099954e7,7.384969252539946e7,7.120169754050212e7,6.814322721509565e7,1.266701778445858e8,1.2654767344486947e8,1.7295062480639856e7,2.079672984731499e7,3.554470561114391e8,6.6292442014607176e7,2.1817949255919054e7,2.6458145750812564e7,1.4346946511411307e7,1.477753045343204e8,1.4819235775943875e8,6.4032566392111845e7,1.338266975864093e8,1.8552720263349816e7,6.943959251700135e7,2.89545814136139e8,8.764567885957927e7,2.0769913774047542e8,4.693893136224258e7,2.764427213437781e7,9.483696654277332e6,3.0104669094231397e7,1.2890431609533811e7,3.3227249558925454e7,1.4481524973834318e8,2.8881645393400687e8,1.1919204642328006e8,2.667666862378998e7,1.1220365365167058e8,1.0450866425289832e7,1.1682337621106012e6,2.0323769435443574e8,1.3108116276879472e8,1.2742642236465524e8,8.645669675089492e7,4.729952630807157e7,5.7554149555109546e7,2.3405849525362495e7,2.7483831049273722e7,2.838607741298156e7,1.1001237877964005e7,8.056410943749031e6,2.512052274610004e7,2.8592922581996277e7,1.4122909338239105e6
8.56451650138473e6,2.884675726482764e6,2.2926429232948966e7,557135.8798718795,162292.24124281324,558638.4501614756,1.3562345642258015e7,8.189609586715022e6,8.822125010173533e6,1.850047623772304e7,1.349674280401516e7,9.596947159890447e6,5.568732079801433e6,5.939372811242709e7,1.3005453822661315e8,1.1035940862781627e8,1.6257003594387808e8,1.7768304756671607e7,3.1225927437041864e7,7.863770552470723e7,4.161279811319766e7,9.839455070817376e6,1.3328980756575959e7,6.12852666251927e7,4.082387992498884e7,1.3107604194897382e7,9.182440265097778e6,9.06764982504469e6,9.896029814075435e6,1.5823779271898214e7,1.542632881835002e7,1.5452932843195561e7,16075.676171157242,650148.5379147609,359124.01488557016,7.68204544470979e6,1.145733047585486e7,1.8490258200065396e6,1.0047416451164585e6,6.427520465301879e6,3.5003235781229265e7,6.775135980254023e6,9.123629461778989e6,2.695155360804544e7,3.833879342310616e6,1.6250592782907829e7,2.4915161645624875e6,1.18894591033067e7,6.121293997996897e6,1.0782226254103003e7,5.118884014674193e7,2.0906943185278367e7,3.704655706583979e7,4.161672402538527e7,5.924266917711377e6,1.1617187439968674e7,2.9876757561169323e7,2.3963841910286856e8,7.907071684917589e7,2.7179626949329245e8,2.5078559203844625e8,4.554123819494076e7,1.2735544414607818e8,3.532871486786783e8,3.459138775028609e7,3.490306814331794e7,4.8678342055142716e7,2.863683733551114e7,1.0044171472988997e7,1.3698841875628974e7,1.6568060473298904e7,8.029195725267321e6,1.0656914254248266e6,1.0695007772341433e6,1.9952090452676695e7,5.175510157935396e6,9.063327566294022e7,2.07413221723191e8,2.0147678505977884e7,2.037557409656788e7,4.570888768741268e6,3.2818535775858456e8,1.6814125709653604e8,1.7750162361324545e7,1.2917506998089569e7,2.413118127726796e7,1.730885502787587e8,8.554647163093e7,6.458272266608263e7,4.571737179327407e7,2.646558151153115e7,3.2253255733782448e7,2.2019815644923672e8,4.921084435103468e7,1.722605344162384e7,3.399360025317826e7,3.1310366806141186e8,1.3228319849778837e7,6.429433583666996e7,1.4258921354182765e8,1.5025237737871832e8,8.206040997789057e7,1.2042031028537834e8,2.595197483555975e7,1.5678406908564478e8,3.3861927359942913e8,1.1340298348474301e8,3.029697334678511e8,1.1161277497076783e8,3.557518671469499e7,1.463649075569599e8,1.1017787616634531e8,9.534496673254284e7,8.348518524944106e7,6.250258659297046e7,6.034324302548196e7,5.771922787372485e7,1.0534527369955449e8,1.0472246654804346e8,1.440222962416563e7,1.7279777744123254e7,2.933806457613764e8,5.480684858245055e7,1.8008904821579665e7,2.180696009332437e7,1.1796726952356795e7,1.2377672350112392e8,1.2371361778322093e8,5.261882122430671e7,1.1102064910882053e8,1.508349293640072e7,5.4381308252061404e7,2.346563243767329e8,7.099236363721637e7,1.6857967888924396e8,3.73718952946197e7,2.1477631572587583e7,7.443478293561815e6,2.142310130324763e7,9.276021192567866e6,2.3663628238777764e7,1.0490250807766797e8,2.132430397030817e8,8.978651527475566e7,1.976907116010794e7,7.904181171317233e7,6.698794208614191e6,742890.5030321536,1.4174467726576924e8,9.174656183495075e7,8.923659007313795e7,6.079892983386629e7,3.3213804944703195e7,4.088991761919051e7,1.6598644687955968e7,1.811351091686325e7,1.9016069582612947e7,6.656443546213937e6,4.940210134288101e6,1.5201421251797657e7,1.8385070047035802e7,847124.7310672175
1.2494433190632576e7,4.427741796884243e6,3.8233099957088925e7,1.5917337129375332e6,2.920922017754877e6,1.224169107038039e6,9.217934260733798e6,2.3168795604373356e6,2.696760091769156e6,6.63657076383308e6,7.554749313181145e6,1.4040914156928018e7,5.931558721128565e6,6.31084521139413e7,1.651672404711756e8,1.384648800408932e8,2.0610913033076164e8,2.2723336652885947e7,3.911577834078528e7,1.0295404750267556e8,5.418812673352947e7,1.3004752756806185e7,1.6397802385314813e7,7.505302577433662e7,4.897189655148e7,1.490446066236759e7,1.0912873030562395e7,9.927763951022452e6,1.1141011380809773e7,1.769123592894168e7,1.8435437157833483e7,2.1383474675966542e7,16119.228104992955,972172.4194370619,495850.60876240523,1.6996609805714905e7,1.684783902900796e7,3.0584868934517326e6,1.9532645149230857e6,1.7044553323448077e7,3.9693328088318795e7,6.905108776466838e6,9.237297968168605e6,2.0828490587009925e7,2.621260277791635e6,1.1847872906509934e7,1.253067985370573e6,7.1549566320135305e6,3.6646041977976994e6,6.114729747190169e6,4.839371058427071e7,1.9628691785742458e7,3.355746525554427e7,3.807796458101906e7,6.1610385718441075e6,1.1243199418629816e7,2.8247659561764468e7,2.3781266650802532e8,7.90595964715314e7,2.7091758361274403e8,2.4695426101513487e8,4.635642900883118e7,1.2901073941201551e8,3.565307624997379e8,3.5531069175893016e7,3.4969598455203146e7,4.8022602862792484e7,2.7264208805014465e7,1.0478594038306061e7,1.4495069864316802e7,1.7923777902796682e7,9.095755434266204e6,1.1363187109288704e6,1.1354952859524467e6,2.1119119520365164e7,5.577289689520761e6,8.385002598386477e7,1.916832655158978e8,1.628812136684222e7,1.6453202790228803e7,3.7335863032315504e6,3.0036907031749797e8,1.5408868208823952e8,1.6254411539572285e7,1.1805802842294665e7,2.213129401419114e7,1.5899197202558497e8,7.856846377833638e7,5.933338179479012e7,4.183988139220839e7,2.4224762394809537e7,2.9484164416629132e7,2.0051468376135096e8,4.4896238251960635e7,1.5734004726000862e7,3.103558674964843e7,2.876965530662435e8,1.2117509947401533e7,6.037120643366235e7,1.3325473428620288e8,1.407855363705964e8,7.708292303697567e7,1.1097048560553282e8,2.3941113487986244e7,1.4536259195697427e8,3.1275734241108876e8,1.0454558705078825e8,2.7910095104217184e8,1.0122138150265366e8,3.201103118329206e7,1.290323156170932e8,9.84712528176343e7,8.466179392526287e7,7.568729929782014e7,5.409341359031837e7,5.229453991256748e7,4.980783624797788e7,8.929937575781204e7,8.833234070751806e7,1.2225585594899464e7,1.4634231255949156e7,2.4697952771536312e8,4.619881486577849e7,1.5155907736135518e7,1.832463539782737e7,9.88692883159385e6,1.0568601941578175e8,1.0530425846429043e8,4.416725777003908e7,9.409957952762976e7,1.2497366326323451e7,4.331265961122225e7,1.942415546517959e8,5.8741110255974956e7,1.3973443520793182e8,3.035948078220534e7,1.6969087839109074e7,5.975908815712518e6,1.5359640990637122e7,6.755880208279843e6,1.6993929847094566e7,7.673121691141157e7,1.5914320090834555e8,6.847477886278474e7,1.4786822049437722e7,5.544008218518788e7,4.0805991704727155e6,449045.71699481783,1.0119359265818673e8,6.583158514647928e7,6.469758828725642e7,4.3767281310362e7,2.3804188480987985e7,2.967377797516887e7,1.1878574407337828e7,1.2002422308197485e7,1.2659377168062057e7,3.9136724448149656e6,2.9618426402512104e6,8.94171957117971e6,1.1397180187642066e7,462128.64086097234
1.0917432376374243e7,3.8348207992576e6,3.1954988573459633e7,904132.6850197476,1.8011856313343286e6,976359.0038404805,9.98664202177627e6,3.750572120818668e6,2.696760091769156e6,1.1483619306680929e7,1.002417601584393e7,1.2040846723753905e7,5.683627748792176e6,6.045331446316033e7,1.464432576830264e8,1.2335096209538423e8,1.8280132259121493e8,2.0048504118187e7,3.468459975927578e7,9.016157622293945e7,4.765896455341744e7,1.1479951608658608e7,1.475156420985953e7,6.755084067700508e7,4.4527889262701474e7,1.3739710131777924e7,9.887131461766856e6,9.237632096286383e6,1.0204936016782332e7,1.6133629410821725e7,1.6457399091770343e7,1.8381747287527528e7,9639.994037610806,820978.1003716487,414623.47707533505,1.1003666592301397e7,1.313455591146585e7,2.457100798335542e6,1.5478835946803133e6,1.2465352652630761e7,3.445380101300116e7,5.437814783994306e6,7.854132271898953e6,1.990655467969917e7,2.838572828458129e6,1.0680207773891412e7,1.7450362221479288e6,8.657074954311797e6,4.422749158573321e6,8.063942164953844e6,4.576696910136129e7,1.859244591139618e7,3.1441735378142226e7,3.6020937032231264e7,5.761263855019251e6,1.0645600613836063e7,2.7756228858318955e7,2.324650524229168e8,7.713583397161973e7,2.6444129325283742e8,2.4222404362035888e8,4.488691467570816e7,1.2557762197003013e8,3.4725712311076206e8,3.42114152048937e7,3.3824877625560835e7,4.6902450470770895e7,2.7014472001910385e7,9.970532143608736e6,1.3758112484777696e7,1.6803911150578354e7,8.464512816286841e6,1.0817070698863887e6,1.0851379174570874e6,2.023277882855396e7,5.306769396101397e6,8.384331506220937e7,1.917944368810245e8,1.7336571030797727e7,1.7551508456479464e7,3.9622493836093927e6,3.0463201838179207e8,1.5621614870646873e8,1.648455730858643e7,1.1983560266980045e7,2.2433881651286025e7,1.609803525254047e8,7.958274963390298e7,6.009175314994489e7,4.241498951767463e7,2.4557702942160908e7,2.9909472160033684e7,2.0379004023973894e8,4.559292652951977e7,1.5967638455188805e7,3.1505571085394837e7,2.9110781619983387e8,1.22815608199144e7,6.062713271551007e7,1.3400903822527006e8,1.414943449385924e8,7.720948610009956e7,1.1203491439547627e8,2.4165364695436463e7,1.465073225633269e8,3.1599910966047394e8,1.057042426085306e8,2.822131161331659e8,1.0312290658443634e8,3.27470491074996e7,1.3277359578574598e8,1.0077936723869535e8,8.712648513439697e7,7.694335984143524e7,5.610759651981327e7,5.4207050359263375e7,5.192500226912441e7,9.389847910180616e7,9.311187086086701e7,1.2844447021591507e7,1.5395314062029148e7,2.6033819851360413e8,4.869116114129213e7,1.5986310004181745e7,1.9343910374940716e7,1.0454395759622164e7,1.1070356593506674e8,1.104459101114025e8,4.653276815833436e7,9.866594987660913e7,1.328987068701982e7,4.708056022980553e7,2.0592952783467144e8,6.227732196002975e7,1.480840775600601e8,3.2479947016404506e7,1.84368041733661e7,6.402745811207333e6,1.7706004807596732e7,7.734209498616708e6,1.9580823729603197e7,8.745136404143874e7,1.7910145038918486e8,7.59614391172547e7,1.6495505730509676e7,6.409991586784984e7,5.085343308690098e6,548392.3291354834,1.1778071082760122e8,7.643830030880708e7,7.488908569864772e7,5.070298298603437e7,2.761851977896493e7,3.419355453701142e7,1.372381886342734e7,1.4518058405467665e7,1.5204237225302557e7,5.055766948299769e6,3.7845919992771265e6,1.1548560193680545e7,1.4169000497311175e7,615710.7797186587
1.4224996456480874e7,5.03696018200367e6,4.533867172408485e7,2.3694597201421885e6,4.1699808567193663e6,1.473144354468267e6,9.79675671188648e6,4.66779957206825e6,8.124992000337099e6,2.83128003283539e6,3.994712781216616e6,1.6552994723447263e7,6.416706887199887e6,6.844009947909446e7,1.930830360704572e8,1.6124473985089728e8,2.409743030360788e8,2.6731218554846894e7,4.5983457698385864e7,1.216264119566847e8,6.365300174644066e7,1.5080993716267927e7,1.8897071035598587e7,8.659019259825468e7,5.588147266883659e7,1.698169949905935e7,1.2602162161714712e7,1.1322805927799901e7,1.2932353824228302e7,2.078988019102148e7,2.1846008838596534e7,2.5573810470473964e7,27680.753663847718,1.1683734364249473e6,619287.9672828207,2.4824248432139542e7,2.254081140348673e7,3.8527848291603588e6,2.4288765668658665e6,2.238519325070397e7,5.034829859892999e7,1.0159668896093829e7,1.2620869169511888e7,2.834524612718519e7,3.130811841015368e6,1.8042334508442856e7,824718.2187834654,7.194131723837527e6,3.771871831607821e6,3.618710999724873e6,5.839374479863296e7,2.371989330496927e7,4.232803309951375e7,4.6913711353398174e7,7.16603210510981e6,1.3330469774712913e7,3.130357384532702e7,2.5707716439839104e8,8.539919427175663e7,2.930034835064961e8,2.6612114708951497e8,5.040883093973474e7,1.3882964104282486e8,3.841423761171922e8,3.894875255419433e7,3.858164259327852e7,5.227597690356959e7,2.9374957491533857e7,1.1702009834741043e7,1.61326333640868e7,2.0246382366084408e7,1.0168931727980936e7,1.249289361957639e6,1.2397446983658469e6,2.2958430284576587e7,6.095491119778939e6,9.028339992418377e7,2.062016458180988e8,1.6608048683665512e7,1.6664550179804757e7,3.796519223766647e6,3.130766181070152e8,1.6059457847905383e8,1.693473844079193e7,1.2289415158318076e7,2.3057820205235224e7,1.659966280235967e8,8.193769713110124e7,6.188324129363931e7,4.3673885864043854e7,2.5282748072215248e7,3.074606830217536e7,2.086571722513868e8,4.675086581101764e7,1.6399288180108478e7,3.233220561961173e7,3.0088449987494326e8,1.2645247835642816e7,6.330511886936099e7,1.3974878951904565e8,1.4756228247837096e8,8.144130309122203e7,1.1654107791555807e8,2.5134132169095203e7,1.525666932709226e8,3.269461552011905e8,1.0924552049192289e8,2.917975178363354e8,1.0495263575179712e8,3.3014155983770296e7,1.3342028038609515e8,1.0214088107892364e8,8.681797674982543e7,7.904999141862084e7,5.558088740008172e7,5.3768044977251135e7,5.044733684205106e7,8.958899631837003e7,8.835586543272758e7,1.2281967728176555e7,1.4672554720133437e7,2.4768537468711138e8,4.627647824752787e7,1.5167202581335997e7,1.831927900245302e7,9.854727143754153e6,1.0657498019458291e8,1.0609658546084641e8,4.454222443680623e7,9.540595332286553e7,1.2373583300986169e7,4.146780964138842e7,1.9483924126372457e8,5.894809418599613e7,1.4012395090679282e8,3.0163181008340303e7,1.6485918398403067e7,6.000678505158744e6,1.3264556136817427e7,5.864818481785089e6,1.4659284200528985e7,6.776394912680689e7,1.4454018410898325e8,6.42081209304866e7,1.3981621241060259e7,4.9581844342111684e7,3.2940247872837344e6,425939.67229731963,8.263019522601996e7,5.393241987391608e7,5.26209019280641e7,3.613517848977137e7,1.9681782004263327e7,2.4893734457535174e7,1.0157875911593985e7,9.11055380145912e6,1.0077071459964557e7,2.497864540390672e6,1.9545131279295608e6,5.708210398057233e6,8.760822645290233e6,318223.98024554836
7.602498584650907e6,3.4966943309788816e6,2.54040921854351e7,4.200149914444602e6,6.816550077674108e6,1.6845837438612005e6,4.5714126121791005e7,2.7515530480928395e7,3.130304654089306e7,4.471833993472771e7,3.0832567092789065e7,4.938778440297337e6,3.2356356971801883e6,3.3976315212577954e7,2.246620276522907e6,5.13194117819198e6,2.151822885965398e6,932440.2875199133,2.701665600454486e6,8.332498861389422e6,3.2476604202181855e6,2.17255294090227e6,1.6818880154671848e6,7.57454609893905e6,8.535499922494225e6,4.0832800353454035e6,1.732446269501559e6,3.709948980686018e6,3.568456913317845e6,6.77595787506019e6,4.409179585298063e6,4.35063736521564e6,52164.618178239296,345557.13591596426,232723.74579381186,3.088760141905962e7,1.673079567461106e7,1.8957405296343707e6,1.59818750605382e6,2.11191491658693e7,3.1578297137829818e7,1.355278270714574e7,1.3585688541411187e7,4.3371827732197285e7,5.625684083648592e6,3.2951684455781076e7,4.733859579842325e6,1.8616554906413134e7,9.641962643507333e6,2.1034841620451193e7,4.783435065329421e7,1.9931074247175727e7,4.341966185681973e7,4.446859337077973e7,3.495450069236406e6,9.5970548129881e6,2.267497994529867e7,1.6155365203598824e8,5.243372253413839e7,1.8094548580397314e8,1.7384048732571352e8,2.8205268483317435e7,8.315757854891597e7,2.313575383888817e8,2.0306441085443027e7,2.1952475008304752e7,3.281360241187938e7,2.16036502997648e7,5.331584965784151e6,6.895907332714896e6,7.272300677559898e6,3.006491958452401e6,551620.2767695889,584582.7879107709,1.1294492267141793e7,2.724514106721533e6,7.348055675660168e7,1.6872934438109207e8,2.2032957292329304e7,2.2424227810035013e7,4.931051598692449e6,2.852340769528068e8,1.458378063947787e8,1.5426447062905071e7,1.1283258676620819e7,2.0917798936994217e7,1.489957700554354e8,7.382651902384953e7,5.569465259077201e7,3.962395773135802e7,2.2938616818725146e7,2.806384132908268e7,1.9366073520927164e8,4.308567208048065e7,1.5024589725256128e7,2.9699662866048325e7,2.684525267188143e8,1.145286249849705e7,5.275341688543917e7,1.1793318405793658e8,1.238697319142071e8,6.611658952993274e7,1.0188236045677191e8,2.1927318544618372e7,1.313145716578561e8,2.879564419459247e8,9.683221063140248e7,2.5875787936130574e8,9.952529184156945e7,3.2455645882554382e7,1.3740231816057333e8,1.0059064986908102e8,8.970316302608688e7,7.350395084104483e7,6.09930481689522e7,5.8709530547864035e7,5.775759665414015e7,1.0951393395660491e8,1.1003200383277161e8,1.4915026264101958e7,1.8001382989248525e7,3.078750513386976e8,5.751435991060735e7,1.8962577437103454e7,2.3039340987435967e7,1.255719487333561e7,1.2649013379470092e8,1.2711454927655299e8,5.5025418558048256e7,1.1375279617431575e8,1.643105039264905e7,6.456925599163152e7,2.5169566899552146e8,7.615036090801671e7,1.8055591156413236e8,4.1517433516637556e7,2.525238512131413e7,8.314814592363683e6,3.074849906120187e7,1.315916777517515e7,3.398522010422279e7,1.4562636102219194e8,2.8364416455604076e8,1.1346588295283857e8,2.5216641587159373e7,1.1123605479478616e8,1.0927986394818213e7,1.1621165856566764e6,2.1782087331110445e8,1.4042892371244776e8,1.3829556028434822e8,9.210551805124947e7,5.021434143745713e7,6.062287273840216e7,2.4099137021302696e7,3.008088369552859e7,3.019355584308502e7,1.2490342840860782e7,9.096009393233154e6,2.852358505120129e7,3.0529687000188075e7,1.543278458858587e6
8.551634487823082e6,3.923815689249211e6,3.01332418362228e7,4.750502478582126e6,7.731158426127487e6,1.9090373924252542e6,4.9965150151799306e7,3.0141873863702722e7,3.452722899354448e7,4.826717432052277e7,3.3108464878969375e7,6.360300848187214e6,2.9020869862984396e6,3.0345926641524125e7,1.7821984371813606e7,1.0214007605232412e7,2.1873157399632998e7,3.375420608693621e6,5.4197613018226735e6,2.0268308538230862e7,9.040708161133664e6,2.8538815829272442e6,968576.549878043,1.3205415848911733e6,4.168860702036898e6,3.055506802063145e6,1.0769695788999966e6,3.253603018403184e6,3.3463586313971183e6,6.934935067380891e6,5.104931823481225e6,7.0250567318584705e6,58585.57021473071,469564.35505001666,302658.1660948787,3.5635112970851645e7,1.994112201301615e7,2.4038291484814757e6,1.9252541726385872e6,2.479172549391637e7,3.622885241116235e7,1.5284993467758538e7,1.5286188508958688e7,4.752617761822305e7,6.016611577584246e6,3.642754217835324e7,5.043082915802091e6,1.9716207622642767e7,1.0228096188338125e7,2.2387948379877403e7,5.1099663488428056e7,2.13084091652418e7,4.73068595260842e7,4.800731352661434e7,3.523147123618821e6,1.0099590818260355e7,2.2366058821951058e7,1.516819802085328e8,4.895333508140511e7,1.6931914431658527e8,1.6412898828562784e8,2.5928808034370016e7,7.702780488809723e7,2.1470831762132868e8,1.850117872277361e7,2.0618092759979974e7,3.0999642246737566e7,2.086104486731181e7,4.831611056084349e6,6.078823859498316e6,6.306566281728357e6,2.303445785686813e6,480900.2108535246,516345.7671770039,1.0064931870517295e7,2.3767178397304523e6,7.21174969698548e7,1.656377044355429e8,2.2445380109136246e7,2.2837137067617074e7,5.009681077760475e6,2.7998468268195856e8,1.4308363604165205e8,1.5139783189758621e7,1.1082355312325235e7,2.0517203898024697e7,1.4603638528429776e8,7.236860671257764e7,5.458785745630557e7,3.8893409170736775e7,2.2514407817704137e7,2.7559524200970497e7,1.9047631894916373e8,4.234605074577661e7,1.4759592186946336e7,2.9181282892516766e7,2.6306953284119546e8,1.123776613138391e7,5.122581358118893e7,1.1474446927574106e8,1.2039613151819395e8,6.415272952865324e7,9.971540606456587e7,2.1451049639192753e7,1.2818826526430988e8,2.816007347632126e8,9.476833762277043e7,2.5331031880331412e8,9.805241635222459e7,3.2072719767250415e7,1.3670655176644954e8,9.961680729551356e7,8.905393823975952e7,7.241560020680784e7,6.1030169116219915e7,5.8722610923537605e7,5.7845737453346595e7,1.1021920792328848e8,1.1088406846594588e8,1.5005162257434452e7,1.812179148311851e7,3.1036923760867214e8,5.796494535536954e7,1.9118993684960198e7,2.323837879395221e7,1.267479606309609e7,1.2705216873497292e8,1.2778262308379996e8,5.550616823069231e7,1.144649329736062e8,1.6630901913979894e7,6.5944468048084565e7,2.5474049806369865e8,7.707926089784077e7,1.8268222825293833e8,4.219364024513894e7,2.5807075020885088e7,8.474355962608224e6,3.197380126339653e7,1.366480965587548e7,3.533851304893832e7,1.509850726885244e8,2.9301934974937624e8,1.1672276409612334e8,2.6003209103595342e7,1.1570211734094766e8,1.1513958720287554e7,1.2272749342622035e6,2.2759725837938485e8,1.4667554057308087e8,1.445613544034254e8,9.612325334331018e7,5.24015403183548e7,6.315567908664388e7,2.507943820778225e7,3.1641416676798873e7,3.166791927473541e7,1.3259298483980617e7,9.643101916509744e6,3.0279394543937325e7,3.216475464138283e7,1.6382732807696452e6
9.24429197723301e6,4.231255729543656e6,3.3568747614112735e7,5.170544241790398e6,8.424904486868853e6,2.0735533374858215e6,5.3236969137160435e7,3.2199541300081316e7,3.70753134843764e7,5.10950331480321e7,3.48946397772902e7,7.4213653335434105e6,2.664383656676986e6,2.780004427674388e7,3.099263550650921e7,2.0996867981897335e7,3.838515373391543e7,5.277817620726391e6,8.52380287346074e6,2.9090325345962044e7,1.34129099455274e7,3.538036166791879e6,1.1975805854527035e6,5.3252186904693255e6,3.674015100541568e6,2.6323093155920124e6,1.2428803817922685e6,3.152576678314245e6,3.554591115064601e6,7.605559691225841e6,6.24383240796275e6,8.993587281078763e6,63716.12351668395,560447.0521675699,358902.72892722767,3.931455226419823e7,2.2506731023759756e7,2.7846709154555216e6,2.165426449520674e6,2.7536761916196864e7,4.052090346040771e7,1.6719256614581047e7,1.6751879565393468e7,5.116564269175335e7,6.373492737263613e6,3.934394373827535e7,5.2977452895101365e6,2.0690837993949383e7,1.0747472815612162e7,2.3475533115044218e7,5.4701212659654096e7,2.2808017298281915e7,5.1016411993736304e7,5.156477449628979e7,3.7011343874725616e6,1.0745334557605041e7,2.2619779720545623e7,1.464718130391513e8,4.700392902690537e7,1.6302190888843557e8,1.591116804695879e8,2.460631692272804e7,7.323145682979855e7,2.046688528286022e8,1.7494100792739514e7,2.0102663152186785e7,3.0186633953776453e7,2.06217203113126e7,4.61721724275156e6,5.647239642331774e6,5.917294618329514e6,1.7994296307651568e6,434812.61582610366,470265.53918528877,9.221979750758057e6,2.1319789594251234e6,7.21992414805685e7,1.658250030492433e8,2.2968611228673756e7,2.335491701919752e7,5.115201756509888e6,2.7874021511066836e8,1.4238448060767016e8,1.5068986851123074e7,1.1036617582168566e7,2.0410891209869176e7,1.4523963727747583e8,7.196710982662389e7,5.4279753218986444e7,3.872888503320835e7,2.24174780523345e7,2.7449757331164222e7,1.8990922222018713e8,4.219755175815183e7,1.470393920896085e7,2.90736703784123e7,2.6166756566639227e8,1.1186308039744636e7,5.056468329598919e7,1.1347060875732744e8,1.1893354802237453e8,6.338499595505474e7,9.915004021007222e7,2.1319607570664026e7,1.2715982597907777e8,2.795704532445738e8,9.414281014139418e7,2.5172054608853805e8,9.784758518000543e7,3.2065477530545346e7,1.3751119021343896e8,9.985606379394111e7,8.932254391941115e7,7.234416171229865e7,6.1632270203694575e7,5.928741486153143e7,5.837696999869016e7,1.1159319983422858e8,1.1236025503016855e8,1.5188983649760552e7,1.8350527571649723e7,3.146614883577488e8,5.874794540594773e7,1.938242179672827e7,2.356419734936063e7,1.2857190368746603e7,1.2848015485814388e8,1.2929615438484883e8,5.632816855272818e7,1.1597952885513656e8,1.6900766872608535e7,6.737871766845444e7,2.5910238329791164e8,7.840781911028679e7,1.8575913019987065e8,4.30308071846327e7,2.640353694775067e7,8.667101702778999e6,3.3038289670184672e7,1.4104423840740817e7,3.6512488964505024e7,1.5572563521551147e8,3.0158866270228523e8,1.1986525151894024e8,2.6764003154672425e7,1.1970561905800128e8,1.2012007447368423e7,1.2847080841666947e6,2.3572299285055217e8,1.518677897228946e8,1.4971529504905102e8,9.947741374133857e7,5.423320440248891e7,6.5290155462148935e7,2.5924035108288042e7,3.2923479775976274e7,3.2903788390375286e7,1.388045889474626e7,1.0086051318417683e7,3.1697646935541157e7,3.3533353871780727e7,1.7167433522640888e6
1.1084054628689293e7,4.662928149646132e6,3.611577739813633e7,4.222938007394483e6,6.993071758391683e6,1.944100133971137e6,4.414748068264355e7,2.5604963384616558e7,2.8603485556658674e7,4.045837125034825e7,2.8709067914824348e7,9.293529449255073e6,3.09166803649913e6,3.1637830140452534e7,5.794257708661128e7,4.6793858397829875e7,7.130218186585921e7,7.794560118622569e6,1.1492284091010243e7,3.975503079574499e7,2.1318478623662602e7,6.406576470846464e6,5.6552099620963475e6,2.451771176082595e7,1.692699438617764e7,3.586589914110202e6,2.6902093652005577e6,1.831547721056114e6,1.0386458398493655e6,612796.4223361312,2.9311392298114747e6,1.030222243264479e7,46603.59592702306,621117.0884961376,254963.7899928662,3.0304174634542838e7,1.5677801533834565e7,2.4170859440275393e6,2.0486437506601615e6,2.3773204933202244e7,2.048084627852393e7,1.117890537777459e7,1.0272770401858935e7,3.2586977978216145e7,4.1734472531744875e6,2.662808328978751e7,4.1156997688233885e6,1.4822253443535643e7,7.643380492751592e6,1.8972114501140565e7,2.649793239540971e7,1.1227204180691998e7,2.824313664849206e7,2.725534009774593e7,1.0907971885331052e6,4.752994368564323e6,1.3261331609661117e7,1.1873846305281767e8,3.960246716228644e7,1.3414331754469019e8,1.2815271027623136e8,2.1395073553591736e7,6.736643127993587e7,1.8341760869790623e8,1.4747678165677305e7,1.3733448812133607e7,2.248711704497263e7,1.4956857498922504e7,3.217879570003811e6,4.746110045539103e6,4.327074545411338e6,3.376455176647646e6,467453.6520301898,516196.621235497,1.0163210455943376e7,2.5806483263415657e6,4.9691303271239735e7,1.1451621931614007e8,1.6603449245947678e7,1.7077035431492455e7,3.740670614483908e6,2.18924607474936e8,1.1215373948267622e8,1.1867320449334035e7,8.685493294699695e6,1.612298882606724e7,1.1417241838320993e8,5.680292402449251e7,4.2855651334676296e7,3.0244920375379547e7,1.75225372385023e7,2.1469747570427004e7,1.485853998663883e8,3.3053061197415113e7,1.1503367473216167e7,2.2767047189127125e7,2.04452757695341e8,8.760933617392717e6,4.1039222258109316e7,9.099005433001353e7,9.620788706113538e7,4.975383278939222e7,7.661062708980273e7,1.6534390145143272e7,9.979512909669247e7,2.212250477519772e8,7.431437869091994e7,1.9799226720404363e8,7.694886998119447e7,2.5305270673908785e7,1.0419179050281629e8,7.646428283173244e7,7.014164235905093e7,5.538152803540844e7,4.642212937579284e7,4.464840405500534e7,4.544178042832707e7,8.679928529606988e7,8.742962792005874e7,1.1799749145986099e7,1.4276503025898032e7,2.430383828235582e8,4.554960982045816e7,1.5029272811832676e7,1.8279209430880617e7,1.0002592631222682e7,9.968922249839203e7,1.0014415905296989e8,4.287216194458572e7,8.815426377687739e7,1.3151294435169917e7,5.312578937532096e7,1.9665704087776342e8,5.943733763284521e7,1.4124759391805166e8,3.2683460435261384e7,2.0293674041084483e7,6.409305863684865e6,2.6450714441730674e7,1.13598480210816e7,2.9278147104992382e7,1.243887815774157e8,2.3897404617685908e8,9.362332026648836e7,2.048839670030946e7,9.277219252801093e7,9.295799549739582e6,939470.2506318379,1.9357151329296324e8,1.2488569652670754e8,1.241972998448442e8,8.1676591324635e7,4.43894280442081e7,5.34567778434517e7,2.0848314359800886e7,2.675726503360509e7,2.6372051799094494e7,1.1215362952915523e7,8.154218638895478e6,2.5614390641652685e7,2.6465691052095372e7,1.3430706857490446e6
7.692478220448423e6,2.8052338959583e6,1.892481247135821e7,1.1593845231197453e6,1.8644472803507524e6,758844.5915325793,2.1729769831581995e7,1.2368453377903428e7,1.2728773454593468e7,2.385776558369032e7,1.7566575755011663e7,7.135948482216433e6,4.886692842084718e6,5.184122810109964e7,9.539755661531253e7,8.193032444566654e7,1.1918711668311277e8,1.2760614186843937e7,2.248916540896875e7,5.566362016006422e7,3.007159977861582e7,7.495291917653414e6,1.0210313789260698e7,4.676504432499339e7,3.210574340712636e7,1.033214546367096e7,6.98523081710674e6,7.1618867353574755e6,7.4966945045603495e6,1.1714532405253706e7,1.0957329166110963e7,1.0449405790686412e7,16382.648612498682,438941.1205246976,201124.40557337587,4.276708511991579e6,4.654199634444856e6,916969.4784604915,679915.0951112965,4.23915172324742e6,2.2593386604639076e7,4.967509270761273e6,6.380091664039526e6,2.29986680233972e7,3.5664157493016236e6,1.4644777027129559e7,2.872974705528773e6,1.2146333719648818e7,6.222484643429732e6,1.2935077175240358e7,3.9969966534389056e7,1.6374196673481757e7,2.8914887193991404e7,3.267912536047171e7,4.590024744254407e6,9.095678407585837e6,2.544842617930335e7,2.0954676104975486e8,6.92142036421617e7,2.3746823175188822e8,2.2037800072965744e8,3.943630878932004e7,1.1219959394798818e8,3.105544617486219e8,2.9550496645795923e7,2.9571353870620336e7,4.214022570859568e7,2.5226283533087544e7,8.303519653896123e6,1.1378578531987019e7,1.3357251541330988e7,6.615822956693971e6,905881.2971064318,921181.3622390829,1.7324550149106015e7,4.456275197931064e6,8.018921632092154e7,1.8373545749132526e8,1.9133938585999724e7,1.9453109395730924e7,4.344438281751507e6,3.0193691807544667e8,1.5470485446232247e8,1.6338783183189578e7,1.1902861702601885e7,2.2211706606331434e7,1.589148018665797e8,7.864794754938048e7,5.93681383579627e7,4.198781033140406e7,2.431088562232374e7,2.9657719837593008e7,2.0299758227705726e8,4.532911070511825e7,1.5849387186478365e7,3.1295097425722867e7,2.868735380867036e8,1.2152810233505335e7,5.870358947503753e7,1.3016626265354e8,1.3726320082117817e8,7.419790711209878e7,1.09771429379527e8,2.366605283423875e7,1.4299798979638162e8,3.1039072212791103e8,1.0400195497570786e8,2.7768430575723165e8,1.033349995689046e8,3.314211111933253e7,1.3606167258576456e8,1.0200595598073809e8,8.939966272079441e7,7.665015944488339e7,5.854237294699371e7,5.647811223799547e7,5.4844239103199564e7,1.0105556880611676e8,1.007458121872609e8,1.3797607705240298e7,1.658611491411984e7,2.815714842481193e8,5.265663936395872e7,1.7317882467006322e7,2.0990854209272474e7,1.1386732603149096e7,1.1814016313032125e8,1.1818718603190443e8,5.024843466276268e7,1.0545017520162466e8,1.4649068058474714e7,5.431174049785826e7,2.2531713455302092e8,6.814226881950967e7,1.6189925627616727e8,3.6210638095684424e7,2.120545374641783e7,7.1584522561049e6,2.2824840880294647e7,9.870122497060396e6,2.5234693389978044e7,1.1043646397303465e8,2.207298503731799e8,9.099777041936047e7,1.9929294346051935e7,8.244346754426225e7,7.313889623248485e6,771048.0056409233,1.5642783710436413e8,1.0116676542947638e8,9.923254665809017e7,6.674506420899203e7,3.638512610353463e7,4.448879259021864e7,1.7788499988753263e7,2.0469798157694448e7,2.0987405437428214e7,7.860108998060803e6,5.791979187575711e6,1.795131343616554e7,2.0438479064271394e7,967517.4435763628
6.296661306346601e6,2.5212288226517825e6,1.4390915637220899e7,2.158866524189337e6,3.4345016719645583e6,924890.4167657144,2.980269860875845e7,1.7676667736371327e7,1.931775971771961e7,3.1337823946572986e7,2.2214692567759436e7,4.347163878562258e6,4.402530607370812e6,4.665421977691242e7,6.476620200356495e7,5.710995240550683e7,8.108093797375244e7,8.429866258485693e6,1.5401944788316634e7,3.4943283899099305e7,1.9425961676200643e7,5.063459766975965e6,7.471234805137794e6,3.430411370008275e7,2.461204207023312e7,8.398081842849035e6,5.309596190976837e6,6.0810963988652835e6,6.13513880500265e6,9.743648176913824e6,8.161727771876777e6,5.623780305195808e6,28959.428373995022,213111.32854786125,110134.03345561223,1.3499426459997825e7,6.397173991000603e6,276915.71628005314,540909.8097526511,7.7958732276428025e6,2.237206526020768e7,7.7383053461855175e6,8.424379566351686e6,2.992349532557976e7,4.327441415076031e6,2.1004761706291534e7,3.5638495636600438e6,1.463440391912935e7,7.532173003779095e6,1.587345965266798e7,4.188772443136696e7,1.728691843697745e7,3.317109985237937e7,3.604836667387356e7,4.1812831661938787e6,9.136439644440671e6,2.4938412472069368e7,1.977289163104383e8,6.498309831346824e7,2.2333610527681285e8,2.092988355808629e8,3.6452902500811964e7,1.0460885039435828e8,2.9006623385938036e8,2.7033669575709287e7,2.757183866487567e7,3.9866450703706406e7,2.4539114580765083e7,7.450828997106141e6,1.0086764543061316e7,1.1521886078140166e7,5.507689248525685e6,803756.9532451,824411.7755011255,1.5593067047584161e7,3.9457038080316046e6,7.96165193467299e7,1.8255895029457426e8,2.0554384792877052e7,2.0905188816082425e7,4.642372908983156e6,3.0282167621210086e8,1.550471419859798e8,1.6383154159284709e7,1.19505668217624e7,2.225286441995269e7,1.5899609675803494e8,7.871339605624591e7,5.940576806375426e7,4.2100007822413735e7,2.437435454693052e7,2.9762136256604567e7,2.042450902332509e8,4.5553190960455075e7,1.591429937894239e7,3.1434119436345436e7,2.8686704145240045e8,1.2179496703533463e7,5.793262220707073e7,1.2880579120088688e8,1.356430729520108e8,7.306491348863068e7,1.0949476180013661e8,2.3592758851957247e7,1.4213794910575107e8,3.0948434683094645e8,1.038193992932695e8,2.772836160976515e8,1.042816904155694e8,3.362468472043091e7,1.3953476311318418e8,1.0377368450755909e8,9.143825587447594e7,7.726851158673048e7,6.067966498144123e7,5.849476926736189e7,5.702711535640734e7,1.061240844242051e8,1.0608609012853713e8,1.4477431891712114e7,1.7427029310140774e7,2.966702912126323e8,5.545436675936069e7,1.8253884149579264e7,2.2143727451073024e7,1.2031194662809435e7,1.235528905938175e8,1.238013625189237e8,5.298690855675825e7,1.1061348358557972e8,1.5571282778213587e7,5.892883227245454e7,2.3929516650910828e8,7.238157219941555e7,1.718361506350793e8,3.881965204493704e7,2.30450809623168e7,7.713849965627473e6,2.5942886401223682e7,1.1167214867358297e7,2.867482492101875e7,1.2450339532569492e8,2.4652011027331388e8,1.0055047668433851e8,2.2163995008211024e7,9.397727342826086e7,8.695849679832576e6,922250.8908239817,1.7964244076409143e8,1.1601685264249392e8,1.138436146283104e8,7.638168700847466e7,4.165546082497322e7,5.0679366235345595e7,2.0255190549831357e7,2.4051636280440263e7,2.4487075789867852e7,9.550403083029063e6,7.001572123172915e6,2.1810519699785538e7,2.4258016597634185e7,1.1822039010137715e6
9.701330979562508e6,3.861506833141218e6,2.808368206146788e7,2.5742194463581336e6,4.3165272463072855e6,1.3839236407725513e6,3.0950259210139442e7,1.718249202375332e7,1.80785947415507e7,2.89548858609155e7,2.149023782957193e7,8.138838994728952e6,4.0864535495112743e6,4.273062319666854e7,7.462414429766092e7,6.353251812329104e7,9.264864033215848e7,9.730339765055347e6,1.609586089942626e7,4.451256688564724e7,2.46140864930053e7,6.9631885798384715e6,8.063737153126013e6,3.618881046483263e7,2.537615680415509e7,7.3007090299964575e6,4.95436761613572e6,4.689150197567186e6,4.495869096105503e6,6.184007635450432e6,6.212716740842279e6,9.366433422760021e6,25056.64469246645,499482.3440911128,129251.89042744103,1.5722074455700252e7,5.59357142295781e6,1.4264606014300033e6,1.3703144794635633e6,1.4348348086141016e7,3.3070991265835217e6,4.995367883032906e6,3.9490398442294435e6,1.7996899962580882e7,2.9018944894946096e6,1.4403380207210401e7,3.1082575405825195e6,1.1276374145153388e7,5.746060629120231e6,1.462901186155384e7,2.0011995228776444e7,8.298547556231464e6,1.5616776184039773e7,1.7140201433533076e7,2.4796925821732148e6,4.626866520456806e6,1.736470197571386e7,1.6128355449307987e8,5.381134665193607e7,1.8317832444010523e8,1.7050156273528102e8,3.039355751812888e7,8.97715623419628e7,2.4623158579010728e8,2.2206988295269623e7,2.1073753142541174e7,3.1398579665009852e7,1.906881948200527e7,5.79466131233956e6,8.226865207394323e6,9.147377483266542e6,5.222580088082727e6,704631.3698460216,735851.2279466082,1.4051093577715e7,3.6233675107692983e6,5.999795536432681e7,1.3781067734498367e8,1.5905218102460373e7,1.634136772262662e7,3.6277603474264457e6,2.4680352973794442e8,1.2657436824987699e8,1.3374819914364738e7,9.75520695566195e6,1.8197483334720016e7,1.295716136216809e8,6.431690615749217e7,4.8547319578150615e7,3.418519519904125e7,1.980304364237471e7,2.4195804320021898e7,1.6619278000199977e8,3.708201376020704e7,1.2941754628229294e7,2.558073566442127e7,2.3285789883770213e8,9.906599586374337e6,4.793841729655936e7,1.0591463098062244e8,1.1207292916549306e8,5.9254353423675306e7,8.822145590519126e7,1.904979717303057e7,1.1551879875258517e8,2.5301240676768324e8,8.477483947696044e7,2.2593240035458705e8,8.520928784500165e7,2.758429668093494e7,1.1155110494795837e8,8.345078104579213e7,7.493710904679604e7,6.201815337601661e7,4.838493683120811e7,4.663121472727931e7,4.666158776529401e7,8.70406232765743e7,8.711032546592772e7,1.1859081763963072e7,1.429810958792476e7,2.4215357391134736e8,4.540159529001548e7,1.4949783920171507e7,1.8146153855651747e7,9.888210882900137e6,1.0100861612197694e8,1.0111415610824893e8,4.273748914298247e7,8.901798888023974e7,1.2824776355752125e7,4.949718541845255e7,1.9286091341878095e8,5.827689200234683e7,1.386877486393578e8,3.1372815508797936e7,1.889711647281641e7,6.092544947333992e6,2.263156536856328e7,9.788471858300233e6,2.5058899171923954e7,1.0787585814583541e8,2.107273547429536e8,8.426026588428633e7,1.8227114431782376e7,7.899651719481799e7,7.4141720072667105e6,730339.3069175968,1.62730531754159e8,1.0519361197983491e8,1.0445268320822741e8,6.902446351412936e7,3.7501006870498635e7,4.550439300086323e7,1.778269454944902e7,2.1787504667857856e7,2.1683448967151783e7,8.748491152185822e6,6.40032694246778e6,1.9981871730835848e7,2.12219229209863e7,1.0351255006007741e6
1.6966980367197346e7,6.152038794054522e6,5.59285014034335e7,3.5848620229860703e6,6.190629379586295e6,1.9844351230632744e6,2.0154561750057302e7,1.1160881015481858e7,1.5246603512879862e7,9.317362640795635e6,7.163082199821356e6,1.962967450090043e7,6.637710227242773e6,7.07456562286821e7,2.1882109846651772e8,1.8182177987969768e8,2.729590235750119e8,3.0419104117246218e7,5.1988098620184146e7,1.395632792837123e8,7.280290150740345e7,1.7285426057180807e7,2.1105351348791927e7,9.658730105045933e7,6.1685004885108426e7,1.836847838228738e7,1.3917742867391225e7,1.2084877050455818e7,1.406057942054717e7,2.270908530411259e7,2.444275952927691e7,2.991332844391325e7,39848.48049101522,1.3966221378713218e6,736509.3148214766,3.420958327738022e7,2.8170300672711283e7,4.762803824122274e6,3.0901094856835497e6,2.9908249126579903e7,5.811746888467017e7,1.2986479254585272e7,1.517203979731762e7,3.277674518449762e7,3.1072318222489785e6,2.290171419779074e7,196257.40552246993,5.449998021405753e6,2.9890004885106967e6,2.3784277113374686e6,6.220268733936898e7,2.525942270012166e7,4.656230417025782e7,5.0573898857647866e7,7.606307198423288e6,1.4065805151619488e7,3.1024689663064495e7,2.5642047212447786e8,8.547331708149031e7,2.929632937300354e8,2.640169872489587e8,5.104685827527338e7,1.3967699388733637e8,3.8590389722701985e8,3.974898191944249e7,3.906459404918605e7,5.2175020602325425e7,2.8651494533541013e7,1.2130677284247115e7,1.6794808574430674e7,2.1412313830839172e7,1.0913451809450725e7,1.2986815441464318e6,1.2833013548608287e6,2.370028288817548e7,6.357334017033957e6,8.679623761408116e7,1.980082074072979e8,1.4181778602639858e7,1.4127497924103307e7,3.2541770238827593e6,2.93270972167456e8,1.5054700285932988e8,1.5864971709365705e7,1.1494074739581224e7,2.162142924284829e7,1.5597546779757026e8,7.693918303888023e7,5.812192111026965e7,4.0941747977220625e7,2.3701407537481677e7,2.8787378064831823e7,1.946814656915746e8,4.36856999933906e7,1.5342691528600983e7,3.0233057407519523e7,2.8303278238737696e8,1.185903173079771e7,6.040319465131042e7,1.329749809473766e8,1.4059104909641832e8,7.801458816172166e7,1.1006486029825981e8,2.374760401512656e7,1.4455218852067432e8,3.08429147383943e8,1.029212170890403e8,2.7485746435657704e8,9.748546134747979e7,3.042557885340894e7,1.2155794855593789e8,9.403726546907756e7,7.907132122532535e7,7.371203948309565e7,4.98430736708665e7,4.828054818448516e7,4.473045776856607e7,7.795438836247079e7,7.645175484753111e7,1.0707224417207671e7,1.275327121834759e7,2.1435945454856e8,4.005812577054634e7,1.3105245059711263e7,1.5800122140063576e7,8.466239933443481e6,9.35305408706982e7,9.284931860370542e7,3.861760151734341e7,8.35973731746698e7,1.0488888322095165e7,3.321426503009535e7,1.665825862909605e8,5.040135655860329e7,1.1989355334106548e8,2.5242814504483514e7,1.3246007070382623e7,5.0263006048656795e6,8.721333354566548e6,3.9809068164801775e6,9.667523501703113e6,4.65640366411302e7,1.0388266964511658e8,4.8452589724986784e7,1.0420808104682053e7,3.228163639108776e7,1.3908779390564207e6,284596.9909298401,5.512589275210626e7,3.6386248793508574e7,3.706385328737029e7,2.438976434791764e7,1.3099701521888517e7,1.6927723694082893e7,6.642552681600505e6,5.177878104820021e6,5.458600726479745e6,1.3443690997320702e6,1.0106865296996438e6,3.080701799840307e6,3.554779801821994e6,29254.51749259019
1.655972571532564e7,6.185719619130184e6,5.4028749454911746e7,3.6906448254681113e6,6.381894853618661e6,2.084513323024528e6,2.7067603685131088e7,1.4145513207307301e7,1.65645443459308e7,1.6906500226027645e7,1.3776052462471876e7,1.8059757413093407e7,5.715947999140184e6,6.042742744045069e7,1.8871961261350042e8,1.564509633918234e8,2.3512550967604202e8,2.6130446379544523e7,4.414118982690812e7,1.208790896727363e8,6.332223415102792e7,1.5445594668703016e7,1.820079078623688e7,8.289899446556512e7,5.307667934255736e7,1.5207234924168902e7,1.1682749102734922e7,9.676901914625889e6,1.1256897446579628e7,1.7840971613854013e7,1.996234615605701e7,2.6285558146835055e7,35750.69165151616,1.26467204269616e6,622745.3826663807,3.168006872365858e7,2.3896979874144662e7,4.276002633676808e6,2.944383673211141e6,2.88624134733745e7,4.450778741576187e7,1.031215305678974e7,1.1338416909070294e7,2.146473267081135e7,1.4052771036707845e6,1.704645726308814e7,1.1520707267454294e6,1.285559124782762e6,305590.8916127011,7.395974720650349e6,4.1758452624009185e7,1.684845277411787e7,3.0731403886198066e7,3.315193150351282e7,5.67936995178293e6,9.68077218967046e6,2.2117606348572068e7,2.0433434352475813e8,6.88550113647832e7,2.344670205725871e8,2.0985568115765256e8,4.137869164213633e7,1.1527470871438107e8,3.1616543411043715e8,3.200658481008784e7,3.01958100214814e7,4.0652830105785824e7,2.1784419118932225e7,9.591361281688076e6,1.3551833792044042e7,1.7211685156397395e7,9.300495556743305e6,1.0811121134965129e6,1.0791957561025252e6,2.0056752942881607e7,5.414717724629691e6,6.336920268849857e7,1.4462044893102214e8,9.205455226706037e6,9.374154125896538e6,2.191158844857121e6,2.2891085807608247e8,1.177797398639374e8,1.2409626890470482e7,8.98482976520683e6,1.695297149472849e7,1.2185834634026664e8,6.0292052382213086e7,4.555728683296763e7,3.1818429462852303e7,1.843272190515091e7,2.23956659154726e7,1.5143406850911486e8,3.401807269920558e7,1.1937234490175571e7,2.3539049238957003e7,2.2016001962064603e8,9.237233248592451e6,4.8210321954196915e7,1.0534894282576986e8,1.1199793388931525e8,6.103975372653e7,8.501214473005717e7,1.8390964778237015e7,1.1290236499010691e8,2.4218859174765918e8,8.067088959456627e7,2.1487413170288e8,7.61357096174133e7,2.3840064553625435e7,9.112699410101293e7,7.15558629966513e7,6.166007016152941e7,5.631637294283679e7,3.681060274617189e7,3.5673388578950025e7,3.4501445983124614e7,6.0083714508786485e7,5.899064310731484e7,8.23384338715268e6,9.83417795528136e6,1.6308784617816103e8,3.0699024701835282e7,1.004543645706688e7,1.2121311180658594e7,6.534667692323214e6,7.177091953546345e7,7.103019345282373e7,2.8582447943314996e7,6.194853395539512e7,8.114156469851411e6,2.7325153195463113e7,1.2201213959294155e8,3.6816685478032984e7,8.818723107107006e7,1.838747504937486e7,9.957254453663198e6,3.3987563206896246e6,1.011557373245807e7,4.585507850117479e6,1.1306731855614644e7,4.919890589527446e7,9.744488699482246e7,3.997942066227392e7,7.774670771199329e6,2.88622914641198e7,2.263196854142112e6,64794.48155482881,8.249337936961852e7,5.380512354062982e7,5.614602454786172e7,3.5047556292368665e7,1.8697215942279402e7,2.2869990440946706e7,8.102771184036422e6,1.0359946559151769e7,9.275790033444364e6,4.271318994627355e6,3.0913488514207224e6,9.762775191608792e6,7.979921493969823e6,383417.0788209676
1.2657860731087293e7,4.942338734923353e6,3.939450139621875e7,3.1320133640066166e6,5.352011570418832e6,1.7513456122900043e6,3.1822778105389703e7,1.7075393191854473e7,1.807632861491229e7,2.659755630682548e7,2.03555922583151e7,1.2035538234176097e7,4.268091426946969e6,4.446656211941904e7,1.1107825229944906e8,9.241156994924174e7,1.3798421814185157e8,1.5040923794117186e7,2.4747362287621677e7,7.037680862312914e7,3.761929695060652e7,9.934107094628021e6,1.1073743393995354e7,4.9827994653055556e7,3.301519535670514e7,8.894450708302366e6,6.697453285334024e6,5.318306170251044e6,5.703774771314338e6,8.133644518948594e6,9.884394104231164e6,1.555349703332111e7,27666.6617855976,799680.3855802881,315366.3819671902,2.1959810165839784e7,1.2391695113223817e7,2.582691026082085e6,2.0555709658772778e6,2.0783508145960532e7,1.4356387691529201e7,5.624641551744006e6,4.261769129070022e6,1.1101741605485518e7,1.6291473537556904e6,1.2027772997850645e7,2.6333434617459998e6,8.028391948311839e6,4.03714964334444e6,1.3122058884121835e7,6.210583942757053e6,2.2530376566872546e6,2.951830126790628e6,619968.9287393615,2.3873436727624317e6,2.488164709341413e6,1.3244985578166137e7,1.4858916312111098e8,5.040055911359035e7,1.7020282958183378e8,1.553089001879946e8,2.92896978026257e7,8.657978505606142e7,2.3553167321504205e8,2.164723852746563e7,1.9220535296937425e7,2.8229053529104043e7,1.6143598734396791e7,5.78052033094111e6,8.4884645321961e6,9.971812184368106e6,6.082967703362764e6,737647.7284938341,764602.0716752252,1.4533056090327907e7,3.854512595377062e6,4.765638097205899e7,1.09489097689373e8,1.1691925356555149e7,1.2181382454286957e7,2.7163778100941093e6,2.0790549600589764e8,1.0688616665636835e8,1.1287596259299306e7,8.2190298013778115e6,1.539838311441971e7,1.0947165347964577e8,5.445192630167849e7,4.111652944161528e7,2.8706089631018437e7,1.6639155064368356e7,2.031913569026267e7,1.3923086847468832e8,3.1124583292532045e7,1.086351142395402e7,2.1478057176183455e7,1.9614911011808926e8,8.33718090639484e6,4.177418973824023e7,9.148431530163606e7,9.73702057468522e7,5.091915017364786e7,7.404818040187849e7,1.60334101071422e7,9.818681111565554e7,2.1532340820341665e8,7.19621125567521e7,1.9133154741483554e8,7.141745429880293e7,2.306810703041532e7,8.968485430621263e7,6.816540190679562e7,6.2053427342595294e7,5.11430298583841e7,3.832040274623332e7,3.695229454679901e7,3.794118542260116e7,7.034152333376472e7,7.033415390272078e7,9.576671373575013e6,1.1554470693894178e7,1.9404975672984192e8,3.652789312059558e7,1.2023935681858888e7,1.4594963185696304e7,7.970679462647394e6,8.161850259975725e7,8.149557229682563e7,3.373504544385117e7,7.04138074765592e7,1.0316782594915077e7,4.026315026265665e7,1.511709719670947e8,4.561486574962555e7,1.0895613040022872e8,2.4498240516144913e7,1.4904258052006572e7,4.5969996223353995e6,1.8998054780385986e7,8.268621070493745e6,2.10802199221235e7,8.994181593606803e7,1.7320703288163936e8,6.779737401662447e7,1.4279133487869952e7,6.331436464970405e7,6.052463785279142e6,540316.2668469702,1.4246739593014693e8,9.219743580974893e7,9.272531118315879e7,6.028333097448823e7,3.2614259711668268e7,3.947544083932165e7,1.5036618437820725e7,1.907378355029304e7,1.8498072634679105e7,7.782486285146343e6,5.676021874943026e6,1.777785365546162e7,1.7869489615558065e7,877099.5257892531
1.2948071478121687e7,5.1627739099743385e6,4.1257722008776166e7,3.7273999635104425e6,6.296786276927342e6,1.9350420032273491e6,3.740432442339769e7,2.0735024069210652e7,2.2607593818965036e7,3.1942451553976957e7,2.3647472182276938e7,1.20659342568165e7,3.84128372061292e6,3.969498897197268e7,1.0226318955225791e8,8.43889030209156e7,1.2682769977903546e8,1.3883450565766096e7,2.2411655972168144e7,6.612960020584668e7,3.527125881399132e7,9.49377050729129e6,1.0035181429540949e7,4.488087024249598e7,2.959178848403632e7,7.489821840245267e6,5.8213351322494075e6,4.19967153722877e6,4.498415920897065e6,6.140827108362619e6,8.432979280900568e6,1.5152946645840617e7,36196.65372855225,807894.2061126383,322480.7417938843,2.6662387436151545e7,1.461348819574255e7,2.760500919502472e6,2.223161284120504e6,2.3512108964371976e7,1.602124548795128e7,8.008596471309027e6,6.664720611313286e6,1.900517483261616e7,2.377900840295868e6,1.7784023904471535e7,3.131029328507245e6,9.93802156971796e6,5.064900095136876e6,1.5193120695959724e7,5.160402818925522e6,2.101530239521584e6,1.176912011879229e7,8.804297024077084e6,1.466446538245415e6,612520.6187235387,1.0066230161089957e7,1.2724573006924218e8,4.3460631450239696e7,1.4592452723372528e8,1.3373502887305157e8,2.5051775090676337e7,7.612121204155071e7,2.0585058307229888e8,1.8167199069661938e7,1.5364887292768383e7,2.353082540472565e7,1.3750332901184818e7,4.594484928716783e6,6.968729953391823e6,7.994967908666924e6,5.347340948419642e6,636197.4884544192,670000.4561134927,1.2851773853661427e7,3.414171651155436e6,4.0760397740549766e7,9.392028345598496e7,1.1882306363452172e7,1.2408347278335111e7,2.7372031542923134e6,1.9174912036953235e8,9.857719431643072e7,1.041767286991419e7,7.5990742578927865e6,1.4208701923126742e7,1.0061229347373767e8,5.014878685092666e7,3.785986169708196e7,2.640624487278637e7,1.5309948563779658e7,1.8727739200550746e7,1.2888120716383453e8,2.8768238937260393e7,1.0022778864855997e7,1.9834109758052975e7,1.7969813615879458e8,7.671943020572907e6,3.805227489144777e7,8.329130780494219e7,8.876296069492088e7,4.563352240627207e7,6.726995240505591e7,1.457408888525619e7,8.925987703353615e7,1.9733375288394985e8,6.6008492697778404e7,1.7534486020190796e8,6.655559973791248e7,2.1710482778230675e7,8.467979869684428e7,6.373364631122777e7,5.906578935617116e7,4.708859350237193e7,3.6787537186930574e7,3.542366407860469e7,3.6994012743128195e7,6.968245893194792e7,6.998553451721846e7,9.471133696304629e6,1.1456371264871512e7,1.9293416152227092e8,3.632311003370141e7,1.1973575407525165e7,1.4554594682278706e7,7.973969495691368e6,8.026178723674017e7,8.031447803577818e7,3.3470608547318704e7,6.921102495318131e7,1.041942410962124e7,4.198499329153804e7,1.517218420604314e8,4.578251448105859e7,1.0927854938668548e8,2.4981253418826416e7,1.5549577783034302e7,4.713154337209989e6,2.0905883113962352e7,9.05111375828432e6,2.3185967190295745e7,9.820010882927188e7,1.8733088499799344e8,7.24291950952417e7,1.540569460498723e7,7.031534927679397e7,7.005967743066504e6,651110.7332275299,1.5754143122544864e8,1.0181701206395108e8,1.0229288079392907e8,6.647808341978105e7,3.5995162061725095e7,4.338522103130203e7,1.6563385533865236e7,2.149695696873521e7,2.0821547002563704e7,8.967268951279122e6,6.520757283750824e6,2.048279713280221e7,2.0483591086122636e7,1.0295430424641966e6
1.967570929177445e7,8.109284751959611e6,7.132544381070223e7,7.956354062347436e6,1.3200672076115334e7,3.5004140848731645e6,7.13489191627983e7,4.258232448653723e7,5.000142702623896e7,6.2370403168114394e7,4.241184091538397e7,2.0392678874210022e7,2.1742915957309688e6,2.1223290324760947e7,1.6913966026125816e8,1.3524901773775077e8,2.102482620738148e8,2.428954217977417e7,3.9783620559205964e7,1.1791176091899122e8,6.0062057772150755e7,1.4605306202925257e7,1.452831533783684e7,6.574862891551579e7,3.833753535079485e7,9.259264034262706e6,8.72430020614879e6,5.511191599255216e6,8.214027622929522e6,1.498106851060497e7,1.819466225996467e7,2.847906261168643e7,91794.69576164434,1.4959388485405424e6,805578.6450444071,6.3722537905448705e7,4.0106901379467756e7,5.998583232428819e6,4.335874206968173e6,4.91882607566573e7,6.657626556410294e7,2.4284166179227524e7,2.41997209656434e7,6.474561193569661e7,6.984770196745626e6,5.209822036882443e7,5.913670574008856e6,2.144194380851644e7,1.1244505250703732e7,2.671930589696077e7,6.514469481811816e7,2.7080901140287425e7,6.426582016436629e7,6.27480875628037e7,4.651639413531949e6,1.2375675406127784e7,1.352606276627274e7,2.7750995322094834e6,2.74993973671521e6,4.554171347830608e6,1.2500345525102502e7,4.878347372151427e6,1.7772109951300744e7,3.789972437223996e7,5.696449293965381e6,7.646595402634082e6,5.369520829348257e6,6.006349141923412e6,3.3969778236437603e6,4.614094302490904e6,8.283650091782795e6,5.02881274164084e6,346718.6170124999,338948.9579719709,6.379005150432503e6,2.056161589334474e6,3.1540862036762033e7,7.243808648614754e7,1.691537834842696e7,1.7221315118336003e7,3.6692328874264006e6,1.2469095707060236e8,6.333183146718625e7,6.744898375832758e6,5.017487074335457e6,9.070259967100497e6,6.299649320926449e7,3.1515431000757914e7,2.371639808744226e7,1.715790889548022e7,9.932980179996166e6,1.2313944533918422e7,8.803591756007499e7,1.9301085387178518e7,6.645949295406691e6,1.3211843972223131e7,1.1190175164912978e8,4.940390739507425e6,1.874415608301719e7,4.293092773198026e7,4.47933396421547e7,2.118192612155669e7,4.055796301975669e7,8.67088267247511e6,5.004637462871928e7,1.1657411173579916e8,3.978307080826277e7,1.063444663304184e8,4.7265775487428084e7,1.6489809958738334e7,7.576401478263347e7,5.1339210735052206e7,4.9389039620169215e7,3.3724112521231495e7,3.689860336235944e7,3.5289212513393804e7,3.652289870865061e7,7.454510716043273e7,7.634837825602469e7,1.0081454645256393e7,1.2300458156685889e7,2.132173350297578e8,3.982129533708143e7,1.3208003602517376e7,1.6142700161836864e7,8.913032547760481e6,8.338591803313522e7,8.46753139685586e7,3.798131886988815e7,7.565800763032113e7,1.2119042732527917e7,5.4037038109487034e7,1.8168443136433396e8,5.499498578253835e7,1.2993806977930744e8,3.1691212803776395e7,2.0851083070834722e7,6.480513863484974e6,3.164499970378596e7,1.3430876319135612e7,3.501220062564074e7,1.4531043970413455e8,2.709064446140257e8,1.0235334701919383e8,2.3023755523679867e7,1.120584801973785e8,1.2409212330772504e7,1.3131024287605558e6,2.3976200113666344e8,1.542327850963534e8,1.5421460643079022e8,1.0025926014863099e8,5.4474877725718684e7,6.475448184414523e7,2.5086956234132554e7,3.4817733430444196e7,3.370018118392019e7,1.55379874558673e7,1.119827399138105e7,3.548403184710361e7,3.507329742027481e7,1.8802809762695392e6
1.8845371363768704e7,7.884400592602589e6,6.95359090774211e7,8.190645536597978e6,1.3538802372977665e7,3.5118581406464633e6,7.445963249952137e7,4.479149041429556e7,5.266069100413054e7,6.638212649162909e7,4.486757634100535e7,1.948035599175432e7,1.4215038623277212e6,1.2833118884569775e7,1.5758106266239226e8,1.2513887328957005e8,1.959213451292021e8,2.2862798928440683e7,3.74782893359165e7,1.116024727942652e8,5.640068814804878e7,1.3546885830496447e7,1.315279196807141e7,5.9637586552007735e7,3.3766502111165985e7,8.145683865936101e6,7.953670328776579e6,5.15504713384798e6,7.929450745953891e6,1.5005855739253905e7,1.7680424918792557e7,2.7339378729519423e7,96310.96525356644,1.4461225613574963e6,804384.4450725358,6.557711503418987e7,4.10675939257458e7,5.96215308251788e6,4.301059512520444e6,4.963254517214704e7,6.948823424541524e7,2.561208906563344e7,2.5654202758262847e7,7.007291331768942e7,7.757155119318143e6,5.57129297087352e7,6.402385928595504e6,2.384247224638552e7,1.2492038893752865e7,2.862637982957379e7,7.194803561173174e7,2.9924536656606227e7,7.004540790361352e7,6.893187471346454e7,4.989717938401108e6,1.3750825880954849e7,1.7753094010559697e7,4.023218123330198e7,9.91794546906417e6,3.970179533385907e7,4.965147607218011e7,2.9181005672714785e6,1.1484764757746054e7,3.1015457263330728e7,4.27742601708665e6,1.0389072658215994e7,1.1848132082741518e7,1.0655638582708487e7,3.278124687835916e6,3.758168776238417e6,7.4565187783804e6,3.995605875843544e6,200776.1989455004,179466.68347736023,3.4498199694487075e6,1.2941570809784504e6,4.6560139474214986e7,1.0686885966825204e8,2.0389001754926953e7,2.068908872649468e7,4.442498475733986e6,1.7134463884212488e8,8.702745055959791e7,9.247170608164568e6,6.841384788110125e6,1.2440446786213363e7,8.757219191543011e7,4.35020583739516e7,3.2757648379375305e7,2.3769722016345207e7,1.3750623594729971e7,1.6955335892617673e7,1.1965374063387525e8,2.6347028836107753e7,9.12237996077927e6,1.8084100864525158e7,1.571966325745226e8,6.83798614435985e6,2.6928542012829103e7,6.1996693097483434e7,6.418105929415791e7,3.3116363990950678e7,5.854925667410022e7,1.2513337697071096e7,7.255328378307752e7,1.6375314084403667e8,5.569713315444037e7,1.4934517148836368e8,6.303033614370503e7,2.1456433900996923e7,9.847534944205059e7,6.803340793902938e7,6.292243145067529e7,4.6398221844939016e7,4.675277854973328e7,4.480198036553996e7,4.4990186446505964e7,9.015488951830882e7,9.188978616714808e7,1.2220682021112205e7,1.486069585703167e7,2.5759091998152635e8,4.803001145696955e7,1.590694618684736e7,1.941019514642821e7,1.0670474070917511e7,1.0177688587741196e8,1.0316395831402916e8,4.62110821292846e7,9.299257984347506e7,1.4379336402814897e7,6.2120106611699395e7,2.1884429664594167e8,6.6266558287903324e7,1.5652020671167132e8,3.766065021532924e7,2.4255739984610196e7,7.731889164658955e6,3.4946490583303474e7,1.482356563056978e7,3.8641019375542834e7,1.6133646461867085e8,3.0365779734155124e8,1.164080452153e8,2.6289517655787714e7,1.2531371568175642e8,1.3625336986959392e7,1.4595736577354271e6,2.6036246703697044e8,1.674628341407737e8,1.666903455779065e8,1.0903537353756584e8,5.9324842088373475e7,7.065792591072147e7,2.7620968015056744e7,3.767635898563785e7,3.6776509338770755e7,1.668904018744375e7,1.2041285470777903e7,3.811163137297868e7,3.827135537948419e7,2.0394719800874004e6
2.045214338103799e7,8.48338940865393e6,7.544214252711864e7,8.682468011724215e6,1.436930462474066e7,3.741567206604477e6,7.772365557882181e7,4.677771061709649e7,5.519795033739022e7,6.87098973091383e7,4.6318156895106286e7,2.149610236555491e7,1.7189067873355672e6,1.6493706068161752e7,1.796198690782018e8,1.4330832953755876e8,2.234175060771437e8,2.5961598313079223e7,4.275384398240721e7,1.2594554498088257e8,6.3805980811546564e7,1.5249438287668029e7,1.5212868567351766e7,6.909798741155323e7,3.9635630866698936e7,9.887006379269473e6,9.31681288672608e6,6.235313003733777e6,9.24638952521511e6,1.711705627303577e7,2.0128784739060037e7,3.048651586089091e7,101908.42824302625,1.5949421723123072e6,885498.1035972837,7.00261733769915e7,4.439890111740528e7,6.503913128541656e6,4.653199402222083e6,5.327831444927946e7,7.556845166891609e7,2.7241421250692897e7,2.739190563723636e7,7.380477487466538e7,8.045367494557143e6,5.870926912305757e7,6.5642508545843735e6,2.4390313643134847e7,1.2801194800477041e7,2.934325627342492e7,7.69185119424232e7,3.1948207620937478e7,7.44271704843873e7,7.330665555162407e7,5.583304086700406e6,1.4795085447577938e7,1.839602088272594e7,3.2548494835654058e7,6.8324430036832355e6,3.1683549356141727e7,3.8281451511440925e7,4.901133149257183e6,5.941612994630672e6,5.777588652731002e6,6.806275925589804e6,1.1776025159632165e7,1.1698202682858065e7,9.788508704171985e6,4.168254293177005e6,5.160373738293641e6,9.33290498580658e6,4.967273168881785e6,312025.06359236606,273929.2337564123,4.88433406384093e6,1.7406153539749198e6,4.4541698099385105e7,1.020114291117315e8,2.0002241779365573e7,2.0256295405263152e7,4.334275998386401e6,1.5250124000037467e8,7.72636142372821e7,8.219236988020774e6,6.099097671114478e6,1.102611517790002e7,7.750825193567576e7,3.8476816024057694e7,2.8957502331291754e7,2.118718379789463e7,1.2250937177747814e7,1.5130875415804764e7,1.0732921173204277e8,2.3568292765953723e7,8.149633283256417e6,1.616187696114834e7,1.392989586020024e8,6.082534891673985e6,2.26626829538924e7,5.288514493531509e7,5.433088377949169e7,2.8195492952320106e7,5.1892209202473775e7,1.105542025613763e7,6.3286380178260855e7,1.434184349248754e8,4.896376179847003e7,1.3156664483072229e8,5.6788840072379015e7,1.951107924449552e7,9.18778079713697e7,6.2601409122381136e7,5.803340617975928e7,4.21003382391423e7,4.421551094768246e7,4.2338299990791164e7,4.2450867032767914e7,8.59680276865681e7,8.784913837495716e7,1.16446013502375e7,1.4177505864785995e7,2.4654396539690465e8,4.593519396022441e7,1.5225371308203796e7,1.8592111348119393e7,1.0233479348753255e7,9.666658119099812e7,9.816221942055364e7,4.433733941748725e7,8.882050298765402e7,1.386202258506025e7,6.078764259469985e7,2.1128611153928623e8,6.3996333140922934e7,1.510059241669786e8,3.661103474496731e7,2.3770002289781816e7,7.56817419371179e6,3.503416863893506e7,1.4840362222259145e7,3.873852895167697e7,1.611810131843286e8,3.0196952195997345e8,1.151128786497913e8,2.6089625182974152e7,1.2562858836176282e8,1.3839428836836725e7,1.4879351739734446e6,2.6265673989192984e8,1.688845144235519e8,1.6832868095633027e8,1.0985717294892015e8,5.975829416672771e7,7.104582358510703e7,2.7718878475298926e7,3.823961970928131e7,3.720574380725987e7,1.7071280887658015e7,1.2303723952751232e7,3.898442235548033e7,3.8872735714698784e7,2.0850886341184229e6
1.7361997466031227e7,7.162904438656913e6,6.158470377978184e7,6.783437797493885e6,1.1273039314950341e7,3.044459784611453e6,6.223412252235631e7,3.6741776189637326e7,4.265906559390568e7,5.431846137815453e7,3.745308711351362e7,1.7378140285248023e7,2.392238194980444e6,2.342114946849055e7,1.3826070229642105e8,1.1047565166761817e8,1.7163254300235143e8,1.9729477932720974e7,3.1904570015227955e7,9.644062870643757e7,4.941164007371728e7,1.2375503744738346e7,1.198257771787041e7,5.385540263789846e7,3.1879017585419744e7,7.150952887270276e6,6.907047654151085e6,3.822489249526466e6,5.944778773643516e6,1.0795840770309672e7,1.3937905477290347e7,2.349548498363051e7,76706.28337604615,1.2556164196320928e6,648091.9953879126,5.330862896271755e7,3.2668127280343045e7,4.977792510870517e6,3.6845609245596672e6,4.16751983958317e7,5.177012054515282e7,1.985561788703111e7,1.941984736319303e7,5.254083355594404e7,5.733738056346118e6,4.292279638227135e7,5.177360411616818e6,1.830772946097614e7,9.563501483833237e6,2.368565139435024e7,4.882019551535426e7,2.037414966241659e7,5.021765517697282e7,4.8297765678209156e7,3.11513830028832e6,8.968720160681404e6,8.423032893706962e6,3.339000523593595e7,1.310855543760757e7,3.938699663785131e7,3.916738475968441e7,7.56485020218801e6,3.163651493215748e7,7.840093618133174e7,4.960384139557729e6,2.439424179875434e6,3.398336029678351e6,5.373756298834644e6,1.8990184537401486e6,3.1925292484216e6,5.677750318160323e6,4.333389519908603e6,328933.7759195193,357421.0025136686,7.0613443649677085e6,2.0879524885013725e6,2.5364952833450805e7,5.888070382919522e7,1.4971305090782627e7,1.5381572769052124e7,3.287613961446123e6,1.3357039931007539e8,6.827410372709846e7,7.254804010471782e6,5.3649609542435175e6,9.824856969898727e6,6.82286493575069e7,3.425475101630352e7,2.5809330335815966e7,1.82643224060423e7,1.0588720758648671e7,1.3092513492517017e7,9.275601385328275e7,2.0451366166321427e7,7.053166504660879e6,1.402024033123996e7,1.20487873464556e8,5.288640551158535e6,2.2740587675064877e7,5.053396811329979e7,5.3662214535850935e7,2.502574295310971e7,4.335370676836086e7,9.350312522060607e6,5.577576682352922e7,1.29320894957696e8,4.375488410423444e7,1.1626143224240369e8,4.958080132937392e7,1.7070095560861133e7,7.324388617861593e7,5.105506277366071e7,4.982915418099028e7,3.428294863189704e7,3.489347839812079e7,3.339828309575815e7,3.544106921563884e7,7.127592496645358e7,7.276715004693931e7,9.641586890574278e6,1.1754889603605991e7,2.0202193818884397e8,3.785440785928131e7,1.2543158196330044e7,1.5319190623269433e7,8.458948300122743e6,8.003182148247878e7,8.098358993821386e7,3.5552789540881366e7,7.114664777672169e7,1.1426124142718997e7,5.031974292008971e7,1.6851799425168523e8,5.095383367032443e7,1.207577920817807e8,2.9174003537380897e7,1.9138621770374183e7,5.830321215326127e6,2.8759211935109682e7,1.2255911536281226e7,3.183796397448439e7,1.325258484258991e8,2.4770766473295623e8,9.365470747110277e7,2.078848802952764e7,1.005475245420779e8,1.0964407877188236e7,1.1328172458593894e6,2.181508473408884e8,1.4046139899109066e8,1.4062607178420037e8,9.137279431445995e7,4.960571687789164e7,5.911639046334647e7,2.2808075105389327e7,3.1313499796075165e7,3.028837535764879e7,1.3809193348575031e7,9.967778843584564e6,3.153717896966578e7,3.1201294977424026e7,1.6551435228285724e6
1.7986568964539062e7,7.663126101199653e6,6.827066022856829e7,8.575423176565306e6,1.411264123476466e7,3.5563254939174396e6,7.872693581266683e7,4.78564789212794e7,5.646427871216658e7,7.16879350381565e7,4.804231142105892e7,1.8773266740897883e7,535933.6827280616,2.8113542211197005e6,1.51133556898104e8,1.1927911188303289e8,1.881045173414679e8,2.2232350515127838e7,3.676218346989312e7,1.0867276389200109e8,5.4306069677139096e7,1.2659025362051137e7,1.2192717066840552e7,5.5676837217188194e7,3.028438683140955e7,7.879772528956877e6,7.663588347005311e6,5.650139422897742e6,8.477477507918373e6,1.6422274888969483e7,1.8299911560836103e7,2.6883985030685607e7,103354.25631451304,1.421386676597324e6,831968.4120843514,6.897467942050123e7,4.332884231333032e7,6.063834770705917e6,4.329189165832688e6,5.09435422797927e7,7.582964353794526e7,2.7783019809931967e7,2.8110052844327085e7,7.805278605263036e7,8.828127055445405e6,6.113345545559642e7,7.031706532046064e6,2.698344928470381e7,1.4133752564204423e7,3.1050348445416514e7,8.328861795782493e7,3.461787487896489e7,7.927639701265584e7,7.886383795107956e7,5.88504177309477e6,1.6148270740017332e7,2.4074712904642146e7,8.762801350825417e7,2.5189486089388542e7,9.322434963073899e7,9.874645758022591e7,1.1657714736032577e7,2.954481772017615e7,9.02217347967515e7,9.702571565259809e6,1.6792015903069135e7,2.166007597652454e7,1.6570380450911682e7,4.445870654005353e6,4.729324693988274e6,8.326494969331176e6,3.1368178399108835e6,154185.6477167312,60170.237705286665,959105.4234330724,422863.09078595653,6.5865818330663554e7,1.509970865191348e8,2.4734161781920433e7,2.5012354787838273e7,5.405649473738565e6,2.3020361981673244e8,1.1698659100529386e8,1.2409567106029559e7,9.143723640285388e6,1.6710241450916877e7,1.1863434117851926e8,5.868992287004026e7,4.421733166112487e7,3.2086085530324165e7,1.855489820763579e7,2.2795755286721215e7,1.5939578984364522e8,3.521381002087131e7,1.223808828817702e7,2.4216133022511534e7,2.1425226145268908e8,9.229038582847571e6,3.774515019031803e7,8.671565454218043e7,8.96382452614396e7,4.8277885818819836e7,8.110042296614599e7,1.73391529525695e7,1.0105915283893655e8,2.237855917654304e8,7.589483154834743e7,2.0377326232032683e8,8.286358840938082e7,2.7694971793501116e7,1.2663201075000383e8,8.878842466371094e7,7.981453134345521e7,6.219086239479503e7,5.895306067226806e7,5.658053263566597e7,5.547389999839352e7,1.0943359875939032e8,1.1107370476900426e8,1.4863158955772385e7,1.8022356021544505e7,3.1236955384702915e8,5.816309066472757e7,1.923812228487312e7,2.3442533218965277e7,1.2838538218259016e7,1.2450998032975152e8,1.2600937823853356e8,5.63793556105395e7,1.1442024940717188e8,1.7165423971294563e7,7.205656309444566e7,2.6476211648067448e8,8.019695842002612e7,1.8935982962207893e8,4.50378581347812e7,2.8458521934300285e7,9.287930817138495e6,3.901782883516304e7,1.653672801691854e7,4.311411849786805e7,1.8107062384186345e8,3.4398306824254185e8,1.3373598111179073e8,3.03389254346866e7,1.4180332770044127e8,1.5162569240716944e7,1.6488575696988518e6,2.8569954207120305e8,1.8372253568586704e8,1.8199628654202646e8,1.1981775647079006e8,6.528835786475273e7,7.7905787164205e7,3.0744192550306544e7,4.1230482953414775e7,4.0601796115369484e7,1.81445259664348e7,1.3104391488078041e7,4.1434037883944035e7,4.229015192928913e7,2.2426150190437348e6
1.957698024091987e7,7.8573657757341815e6,6.849148654369336e7,6.8263141969800955e6,1.1422044043120703e7,3.183039841021391e6,5.9727045421450324e7,3.488532241583122e7,4.072371998852007e7,4.98603596977856e7,3.4599609510346666e7,2.0318003526603587e7,3.516810306550659e6,3.595964981379909e7,1.7724834668199375e8,1.435065409879215e8,2.2032282978732365e8,2.502823187420699e7,4.108750635328391e7,1.2005665987817739e8,6.19636970682356e7,1.5329376566237468e7,1.5959820364947028e7,7.213314326024963e7,4.393482467683759e7,1.09852946644423e7,9.607030622737853e6,6.32560887813261e6,8.538230245858269e6,1.4423275135655602e7,1.8023135902508672e7,2.819191807582277e7,75205.51804891649,1.4585949510192177e6,740437.712252135,5.460724738894162e7,3.480230314782126e7,5.540751220294903e6,4.0203109486271758e6,4.4031833040979065e7,5.584098660647878e7,1.963979459513293e7,1.936038756355116e7,4.8992573315713786e7,4.912847271936086e6,4.068158847506971e7,4.544737533974666e6,1.5167356998833224e7,7.962845160746408e6,2.120415709369954e7,4.767746418182255e7,1.9748238512125917e7,4.801539910377044e7,4.607213669466946e7,4.0234104578755833e6,9.08576911724373e6,6.765520003741539e6,6.911693787093845e7,2.579004528818926e7,8.339538427550833e7,6.6662303487295054e7,1.750863553557958e7,5.17919589270783e7,1.3494130680414957e8,1.4036162337480208e7,1.0731775112850484e7,1.1887343340093356e7,3.3276380070895185e6,4.740156032295919e6,7.150818830499198e6,1.0399940094118757e7,6.600274244275272e6,606852.8618090051,610875.7437440056,1.1459333321020856e7,3.319773754285013e6,5.293444356671572e6,4.42535842230264e6,9.43162111791829e6,9.83279532031414e6,2.0444177253842582e6,7.628983160581335e7,3.963971747700937e7,4.207905599061265e6,3.1013630888417372e6,5.795715834548052e6,3.917317504971067e7,2.0126526075245634e7,1.5192651040717721e7,1.0079687549883096e7,5.876055188692412e6,7.299552977494924e6,5.201807803674881e7,1.1521969980909763e7,3.940535255606743e6,7.880896835033627e6,6.668671525449925e7,2.9694621150553883e6,1.6254508700387709e7,3.362932013607879e7,3.746317115124333e7,1.5677804807957185e7,2.2288825845285024e7,4.943187797188785e6,3.221142622538113e7,7.753532495934123e7,2.58086543289538e7,6.712655044687143e7,2.8787743607150685e7,1.0232308731350306e7,3.819051034366974e7,2.6537215280663002e7,3.0066543091723014e7,1.6847843140560232e7,1.922648193476624e7,1.8289300008761577e7,2.2237619616408374e7,4.65299104330104e7,4.806247975000546e7,6.251708749195046e6,7.694167807730795e6,1.3123460385374053e8,2.478504302379202e7,8.2430083380990615e6,1.0110507251494443e7,5.657064138816996e6,5.0998578243245125e7,5.170334442310212e7,2.2342158118719913e7,4.339101244459291e7,7.810923322958437e6,3.742587378432348e7,1.0872182332058178e8,3.281117368822669e7,7.800240610703923e7,1.958293336272415e7,1.3705396472549582e7,3.827752319271775e6,2.3731146112810273e7,1.0122924244226031e7,2.631061883275232e7,1.0783526158601116e8,1.9664590955431065e8,7.150288406467003e7,1.568531465222623e7,8.044688203433844e7,9.247164030453809e6,934070.9274856854,1.8752959474574155e8,1.2075988097057542e8,1.2215620992718922e8,7.824527408437201e7,4.234605821433151e7,5.020689345586369e7,1.896193929211495e7,2.7225284188607134e7,2.5802801509548645e7,1.2274687621756598e7,8.83087219763876e6,2.8034112074595924e7,2.6671277470632963e7,1.4423717758856663e6
2.409736979248324e7,9.620262038647352e6,8.641518747316016e7,8.726135974712241e6,1.456472612191708e7,3.9563960543958363e6,7.343673092917669e7,4.36969527873161e7,5.2029297949284695e7,6.135475530002801e7,4.148555544119485e7,2.6131175222622294e7,4.062065912434058e6,4.232361418489067e7,2.386333456458464e8,1.9334728160192937e8,2.970063214213335e8,3.390616631828911e7,5.6334541936018586e7,1.6156394661761165e8,8.290025179803516e7,1.9909757732619982e7,2.1327714825528055e7,9.698316456136142e7,5.8409246469315484e7,1.5441141005797325e7,1.329106551104602e7,9.51258822332086e6,1.2707893364569906e7,2.1862640741301913e7,2.584200114360607e7,3.760613478674704e7,99387.20317305795,1.9079543471720335e6,1.0193795592997164e6,7.183691361106198e7,4.745901169895146e7,7.348975335194513e6,5.170859983843328e6,5.6826589024735734e7,8.111079112775674e7,2.6869653912201967e7,2.7262332884226058e7,6.860726304625545e7,6.858662230819215e6,5.528956996048832e7,5.527362410310813e6,1.9550816753570974e7,1.0349045309093019e7,2.5162991208791174e7,7.550378913117163e7,3.116221531100055e7,7.139397987603335e7,7.035286362938212e7,6.666432507390178e6,1.4959494482235359e7,1.720512574766337e7,9.449026436381117e7,3.304737433649692e7,1.1185455042541943e8,8.873987100569043e7,2.3292331754512515e7,5.9357395625058845e7,1.5899364581255338e8,2.0072480966855034e7,1.9410537800520383e7,2.047720562180753e7,8.229364254336265e6,7.491586109927223e6,1.0507007848340854e7,1.554649580106967e7,8.649653994134393e6,792622.5740606462,759142.0410714147,1.3794582450169379e7,4.0728566479929294e6,2.7757073734917663e7,6.201676959634238e7,1.1442764737573473e7,1.1474541192069732e7,2.366450626817141e6,6.699505292016045e6,2.8037018495663675e6,360138.6921997146,380515.3923436678,440709.083174498,736829.5862099894,854823.2899058278,616330.3446840213,1.070347591752502e6,576816.2973211986,837006.8152529985,9.545216207133783e6,1.7105214154174894e6,505935.80340447056,1.0641717935669445e6,6.069443329490459e6,227419.72286089655,6.447456455052147e6,1.0831103073739614e7,1.355076647710151e7,9.54884109470641e6,6.656216756903435e6,1.2932776788347932e6,7.626615957054612e6,7.345218034064151e6,1.4760050584640105e6,3.742298853699604e6,7.599634557336074e6,4.025153886323524e6,2.7788194475819424e7,1.415707915508656e7,1.6415788515772505e7,6.527787814913807e6,1.68063660816378e7,1.5890901318273436e7,1.722589790193705e7,4.0109635927645065e7,4.233566830091355e7,5.364402289016145e6,6.658925914038655e6,1.1815735387975816e8,2.2026798019307982e7,7.372827754002385e6,9.090471873027993e6,5.112719721982523e6,4.254563257536499e7,4.4019300656182736e7,2.116661747677892e7,3.988034105950256e7,7.331493670188614e6,3.78350815328536e7,1.0808794217713608e8,3.2773822164582703e7,7.687275468523277e7,2.0212500330133315e7,1.4431118707563888e7,4.327091071353794e6,2.634976501027063e7,1.1128526103192605e7,2.9179166613528702e7,1.1836633759747742e8,2.133679822485264e8,7.686765746908735e7,1.752347434588032e7,9.19135703336368e7,1.1007757972740475e7,1.1760613043420457e6,2.0925379603894466e8,1.3446938722916627e8,1.3592712873980567e8,8.691479474156514e7,4.709656769729568e7,5.545262013035237e7,2.1062286094810646e7,3.1234594848168425e7,2.9563181085738387e7,1.4480448327509558e7,1.0380879317327114e7,3.3069439833322383e7,3.128740224401471e7,1.733707364016631e6
2.4340816351123042e7,9.70825964737041e6,8.731665216541693e7,8.798476724406902e6,1.4686604815417979e7,3.989123267842849e6,7.384300766405672e7,4.395971630793638e7,5.239174672750376e7,6.162386365322777e7,4.162797555757635e7,2.6452424420906484e7,4.1415809941942454e6,4.321375206704903e7,2.4237270345232332e8,1.9643720856351224e8,3.0167827688243717e8,3.443473005732741e7,5.724793813285542e7,1.6398765005530494e8,8.4145292269586e7,2.018860285046118e7,2.1676828418357432e7,9.859509945375805e7,5.9405745999640465e7,1.5754102322953615e7,1.3530550569669634e7,9.728609207718663e6,1.2965499049353328e7,2.229098216259872e7,2.629344391645553e7,3.812998472542501e7,100278.0636283161,1.9320137508788207e6,1.0334495037183636e6,7.25407910962351e7,4.8028000597947724e7,7.437323385419937e6,5.225360729791232e6,5.738635107944549e7,8.228713809225202e7,2.7152591580794707e7,2.7584683478836227e7,6.931237445708176e7,6.91701244168264e6,5.580714499604096e7,5.542291782080367e6,1.9631149500738095e7,1.0396765995757064e7,2.521580329079519e7,7.671762364609508e7,3.165507715768577e7,7.23372932994726e7,7.135514106621416e7,6.8119865293223495e6,1.5230905969736112e7,1.7754284749770757e7,9.859438092631692e7,3.43497352262533e7,1.1647135983000177e8,9.29591109621767e7,2.4078015498523902e7,6.120409983336843e7,1.6433772406678772e8,2.0717949158063933e7,2.011044616798148e7,2.1386250077142984e7,8.739661165092645e6,7.705169053539583e6,1.0790173875494879e7,1.5921264064258635e7,8.816676630676575e6,812053.8731273394,777034.0408197887,1.410807907421703e7,4.158965445974274e6,2.9145821026285876e7,6.51583976865121e7,1.1401740702924626e7,1.1408757031283395e7,2.3512912374558095e6,4.354579067593954e6,1.123176738563833e6,146192.93086200338,220119.30849057183,73943.73359638665,2.7087844123695437e6,531942.5640512177,484535.91871515085,1.1912102513880453e6,630809.8127240257,749790.591033915,7.582825482123575e6,1.2996330284182203e6,420779.4402488283,824502.4717711951,1.0135553020889724e7,253313.30008988554,6.998263240118365e6,1.2327889789786914e7,1.4838109090903927e7,1.083394504039034e7,8.408991036707086e6,1.686664330920522e6,1.0060223465076646e7,1.1223334287918327e7,2.928588074812788e6,8.417406500582103e6,6.15301977849069e6,3.546378261624586e6,2.6946108098294646e7,1.3494272994061984e7,1.5241602979193538e7,6.64094145740827e6,1.6419413058586754e7,1.5523286152335666e7,1.6614245464449828e7,3.9057072359494165e7,4.130361825600873e7,5.221181458837538e6,6.486523167939976e6,1.1544481321985835e8,2.1501745344777104e7,7.201089060293729e6,8.882919676320316e6,4.9991604033116475e6,4.1305573594553374e7,4.280923193694963e7,2.075431411693109e7,3.901452726213057e7,7.19211103749185e6,3.7385348418333314e7,1.0637082106776227e8,3.226314572667863e7,7.560605325355625e7,1.995288164980135e7,1.4282308931831919e7,4.295171411395797e6,2.6258146965762705e7,1.1084395166082662e7,2.907719373638464e7,1.1783431836688425e8,2.1212084446794957e8,7.62939150516691e7,1.742631445873169e7,9.165345459361915e7,1.1014830351674223e7,1.1794269377294697e6,2.0883779138977158e8,1.341889581759257e8,1.3568315141670898e8,8.671234483391607e7,4.698515675703861e7,5.529351288668158e7,2.099414916791778e7,3.1224963550458424e7,2.9534673967316348e7,1.450404652586201e7,1.0395135312071877e7,3.312326827547614e7,3.129625388958254e7,1.7371086149446669e6
2.4052987879858334e7,9.576611485130342e6,8.600170627134226e7,8.588417070820998e6,1.4346457348760998e7,3.9141435826934506e6,7.194635009215389e7,4.273918507175789e7,5.090777357941987e7,5.9771562760188535e7,4.0463931593767196e7,2.6106625048785333e7,4.215291056711735e6,4.397680823345678e7,2.3963911452498835e8,1.9435102173647827e8,2.982654800270361e8,3.400888696557191e7,5.653169896208977e7,1.6187398503707004e8,8.31359683019863e7,1.9983481428226024e7,2.1491589016644232e7,9.772740357921168e7,5.903523902041681e7,1.5652100013001293e7,1.340307640862447e7,9.637354912752768e6,1.2789876764189236e7,2.19018222915007e7,2.588514290426076e7,3.7582301008629054e7,97491.49739039034,1.9032483612157668e6,1.0132875925433456e6,7.078820407340115e7,4.690534138927192e7,7.29789219674494e6,5.13140273691993e6,5.620234352752567e7,8.017615811059307e7,2.63733608403706e7,2.677606321169239e7,6.6963826425601594e7,6.636774003165972e6,5.404126423564673e7,5.353120572369601e6,1.8804144070506535e7,9.962246823444588e6,2.444009132508724e7,7.412710856391251e7,3.0574870379018705e7,6.989659942230517e7,6.889616093170679e7,6.658095142651763e6,1.4735837422455918e7,1.7100452572667886e7,1.0131589261912051e8,3.539982604363212e7,1.1969288236683641e8,9.602430491364218e7,2.4581993794010635e7,6.332406558664884e7,1.6993634460037324e8,2.0959652964384932e7,2.0034612510801364e7,2.1580459671715066e7,8.695724230249738e6,7.6772265560291065e6,1.0802424920026384e7,1.582767358527533e7,8.82075262737683e6,820385.0125627858,788502.771624462,1.4354007416228937e7,4.210521692235844e6,2.75415546234849e7,6.145058921592298e7,1.050597312239364e7,1.0521170128364014e7,2.156013318072581e6,6.439514473175804e6,4.507799903280632e6,433386.59163896437,251748.66164164664,787711.7101542194,6.017164078046445e6,3.083233887260146e6,2.415661157381902e6,924540.8547854328,531827.5996830338,429431.16290028754,2.4230398868268724e6,377659.9219882475,162566.14166822092,288356.4798799075,1.2423233578219555e7,298823.71833745664,8.796522760479145e6,1.613897959965141e7,1.9064239602307804e7,1.2111741437958013e7,8.491400922210757e6,1.8036917191584324e6,1.26986298364864e7,2.022500567916713e7,5.80193659960179e6,1.4550095097094268e7,4.290314874089211e6,2.9503645842174347e6,2.1778132886352286e7,9.737480998940896e6,1.3082216377257133e7,4.081908903852667e6,1.415537631281697e7,1.3337032516450599e7,1.4959713546572492e7,3.584118765147682e7,3.80640211394027e7,4.779518472806124e6,5.958282985106577e6,1.0586670786262427e8,1.9761888240668703e7,6.626990340399586e6,8.1864110999743e6,4.626165985382143e6,3.7540638681986056e7,3.8961846495741576e7,1.8876642824296083e7,3.509186200442085e7,6.698025199535092e6,3.547325090401214e7,9.765508280348027e7,2.9610196271921914e7,6.94113463900353e7,1.8513405768999025e7,1.3436991639300583e7,3.9762494294444956e6,2.5272004999354616e7,1.0675098896549877e7,2.7992962958905935e7,1.1323443901634356e8,2.0315337250567478e8,7.261328516695842e7,1.6536616817120662e7,8.77097729793336e7,1.0598875532469261e7,1.1297816714411816e6,2.0211341253105342e8,1.298869620805736e8,1.315257786124396e8,8.389872033973108e7,4.5437254336451255e7,5.3455420540837966e7,2.0227454283478163e7,3.0215414049084436e7,2.850630555479723e7,1.4050932983588215e7,1.0068464115187623e7,3.2088800739530817e7,3.018434057482555e7,1.6773479276581546e6
2.381186515491753e7,9.503268669121187e6,8.523120367720033e7,8.578720455330862e6,1.4323269024323082e7,3.89981906911137e6,7.225267849557012e7,4.2933678456010774e7,5.107523805509628e7,6.0273490404686406e7,4.08222649990543e7,2.5770353501368463e7,4.053757478579716e6,4.2198445297315575e7,2.3507035650718397e8,1.9048993494078553e8,2.925555899137641e8,3.338243203529073e7,5.543862671112737e7,1.5908247095968446e8,8.166454306729876e7,1.9644130702338353e7,2.103051642809988e7,9.560402340857422e7,5.7641116746352635e7,1.520607238182534e7,1.308644466842392e7,9.338907375575138e6,1.2467142565751934e7,2.1412758332829077e7,2.5370443772075348e7,3.702443144380198e7,97469.05299572939,1.8794592074907704e6,1.0009815772153154e6,7.054628942046876e7,4.656119458735563e7,7.227272758231265e6,5.091941768849271e6,5.590618589009132e7,7.935398274093495e7,2.6312421794483706e7,2.6666277370702088e7,6.701356041201586e7,6.683881017901617e6,5.410027359212257e7,5.424400563193522e6,1.9091212997495893e7,1.0104209814890856e7,2.4745916980512924e7,7.347563534323743e7,3.0324582676185496e7,6.960794116868947e7,6.852031716161096e7,6.501809479249134e6,1.4547599883764636e7,1.65350141661462e7,9.347579068924497e7,3.282652629914208e7,1.1080187886916295e8,8.783705865010606e7,2.3091222460827693e7,5.937872282833757e7,1.5877400382095322e8,1.9816691743274227e7,1.895230649616929e7,2.0032052712322593e7,7.887824828607769e6,7.350863600165486e6,1.0346625399016153e7,1.5278114760371948e7,8.554520532759998e6,785552.0221367449,754612.0043298202,1.3738614855589906e7,4.0492353629159187e6,2.6035613761513676e7,5.807525275301167e7,1.1024645224963568e7,1.1075911476312846e7,2.2792761816087672e6,7.078567765213082e6,4.0188773506151186e6,462915.2904036474,418478.9416144463,706190.5800550714,2.3088941593507533e6,2.05032417306729e6,1.5713624796043665e6,545323.1119410875,317556.3995319152,622258.5793666284,8.59162550274588e6,1.5447165211858682e6,409466.4327154551,931122.3614164238,3.119790085766604e6,152022.92459499522,7.128479216265956e6,1.2168505952479208e7,1.5178495333035374e7,9.465758370967362e6,5.198409195071544e6,1.0363295084126233e6,7.673992132253502e6,1.1521536538814904e7,2.936745512480829e6,5.862011729488847e6,7.547844132038397e6,4.011346845828314e6,2.5843203804099027e7,1.2833036933507595e7,1.6072226842462923e7,5.1568674224435175e6,1.5946300710428912e7,1.5057551264196714e7,1.6784754808759984e7,3.916029401994688e7,4.1360004989052266e7,5.2334528720181445e6,6.502596093501034e6,1.1508197070105937e8,2.148653600626576e7,7.19352159916553e6,8.872266882218221e6,4.996987535430655e6,4.1445980700046726e7,4.286084554371588e7,2.0494826420585483e7,3.8486848090916745e7,7.171080252563604e6,3.7154875846526645e7,1.0483713497232214e8,3.1777177069074888e7,7.459026490954712e7,1.9658729079928096e7,1.4101961211574087e7,4.1888737314811847e6,2.591410519490451e7,1.0951283765113141e7,2.8700875983889572e7,1.1639685592269763e8,2.0965638247326532e8,7.538405504541221e7,1.714041788723776e7,9.011025378241503e7,1.0796785300851844e7,1.149358077983372e6,2.0615637862987053e8,1.3249614639022192e8,1.3400381558810708e8,8.56355551161303e7,4.639289080060292e7,5.4632869055036664e7,2.0721661130563613e7,3.0738360588782746e7,2.90689101962395e7,1.4241136135387145e7,1.0209987510373374e7,3.252311316557917e7,3.0729398979999658e7,1.7019684570488944e6
2.339980352351711e7,9.36745269335299e6,8.383083894586942e7,8.518085656310987e6,1.4214127140416566e7,3.862078763434559e6,7.225582874101503e7,4.293730396545854e7,5.0986736852911696e7,6.0571279154312804e7,4.1064370953426406e7,2.5213131078675076e7,3.8415585761055877e6,3.985027828304942e7,2.2798525923820657e8,1.8455166767395186e8,2.8370307565391445e8,3.2400667247006327e7,5.373408885607607e7,1.546568100304729e8,7.935265672527374e7,1.9114967647863053e7,2.033478035886483e7,9.239880651406609e7,5.557857040143647e7,1.4553065486924743e7,1.261034824729655e7,8.89976147780599e6,1.197627859803263e7,2.0646376841887295e7,2.4557891092974473e7,3.611154640883557e7,96838.74497485641,1.83920579615311e6,979253.7674611767,6.98208661762871e7,4.5835057587580286e7,7.0963773335752515e6,5.014629922587575e6,5.522063862708766e7,7.776912012171754e7,2.606369127217195e7,2.634658198629171e7,6.661178695734596e7,6.695437469393229e6,5.381752035581134e7,5.483557919707718e6,1.932661713384391e7,1.021570176642083e7,2.5003260028367948e7,7.20877188081154e7,2.9775523645620897e7,6.873293509919e7,6.753080184021725e7,6.254511147235181e6,1.4195610846626822e7,1.5675929245068476e7,8.302387056265491e7,2.9426905618864197e7,9.897072961232524e7,7.697793100748561e7,2.1095962015783563e7,5.429049745033428e7,1.4427401116916376e8,1.8256437923629846e7,1.743136516186245e7,1.791231554950789e7,6.793169651478034e6,6.886984079517675e6,9.706443892333614e6,1.4484290912852801e7,8.177248827876901e6,738029.6387369878,709127.633841453,1.2921718774610495e7,3.831898453211727e6,2.4005271572077695e7,5.355650399151949e7,1.1596215561502602e7,1.1694597275328543e7,2.417925117824567e6,1.9780832808198765e7,9.954653006832633e6,1.108968743802204e6,913312.4977543242,1.4805250572525968e6,7.652364281841316e6,4.537915299743206e6,3.3757891500636814e6,2.4027102689902154e6,1.3979217263510278e6,1.9365438095491626e6,1.7533132212744992e7,3.5378012536366633e6,1.1106201907077893e6,2.3094729486167897e6,1.0423023244475614e7,683036.4464334431,5.616152070570252e6,8.570660262813643e6,1.1820846945539149e7,6.054721444456013e6,4.366276561779907e6,454994.756346716,2.6206585088941543e6,1.2180806020147821e7,4.175521166175215e6,9.648511882669793e6,1.1995925254477601e7,5.414040410392689e6,3.0887843010410078e7,1.6796519380088788e7,1.984904344665831e7,7.532975181127449e6,1.8102168662713487e7,1.7132066033318352e7,1.9013428366667647e7,4.3162657865678206e7,4.5322170195454955e7,5.780851149411092e6,7.158651677517858e6,1.2608917835681686e8,2.3553701965186436e7,7.871878645465105e6,9.692899565065987e6,5.440749779676744e6,4.616928666122881e7,4.756066829315774e7,2.24057442886264e7,4.2518056659189455e7,7.732789201121502e6,3.910669736201445e7,1.1322787293183011e8,3.430613148403488e7,8.065318548240924e7,2.098122976503006e7,1.4861140432864321e7,4.427603247356698e6,2.6599357108014386e7,1.1248889407859117e7,2.9456715351665426e7,1.198310791660058e8,2.1684298775904375e8,7.84907317267849e7,1.7803001367166966e7,9.264064857830097e7,1.0985416310276497e7,1.1666543184504455e6,2.103283782490352e8,1.3519614304244807e8,1.3654650691086385e8,8.744477907319805e7,4.7389162648692235e7,5.587580626783192e7,2.12467475478129e7,3.1248175117980935e7,2.963257954203569e7,1.440773620908482e7,1.0336256304769542e7,3.2903553808926385e7,3.1252519359251745e7,1.7235665084660517e6
2.362643239210532e7,9.352884543892015e6,8.383423223628835e7,8.156705642584199e6,1.3652643444354592e7,3.7669902988433577e6,6.771499772843048e7,4.002837733134112e7,4.7677369863234125e7,5.5492246306597196e7,3.773293720917292e7,2.564865197534849e7,4.494062665658614e6,4.696570142080511e7,2.3775430416231966e8,1.932270858456701e8,2.959246470592743e8,3.36483983484156e7,5.597166596876243e7,1.597993727069229e8,8.22511512205593e7,1.982664318556355e7,2.148706327869706e7,9.768795164008419e7,5.941233245137945e7,1.582817708236406e7,1.3409361218374006e7,9.72362926529231e6,1.2723156635080151e7,2.1559342879965544e7,2.5498667683807854e7,3.6901881199396424e7,91734.44727325626,1.8623808434482564e6,982099.8638286246,6.73422595194568e7,4.4877679132857956e7,7.065684402024054e6,4.965996960785998e6,5.396353409525483e7,7.660824157119836e7,2.4822496235547543e7,2.5218880545121077e7,6.213056292361602e7,6.02653202492554e6,5.036161159990642e7,4.901013538421008e6,1.686228843384607e7,8.94984522737869e6,2.25708175383899e7,6.958757376336509e7,2.866041406291975e7,6.524044405511193e7,6.4317587228894584e7,6.503160138011511e6,1.3938862623472504e7,1.655696803615562e7,1.1437467399525689e8,3.989923321680956e7,1.3462177244925386e8,1.1022323623901266e8,2.695205673061877e7,7.099439199688631e7,1.9101757644435942e8,2.250300702811686e7,2.1010803138274677e7,2.3605480468423795e7,9.68112301546287e6,7.931590936112407e6,1.1242115971349267e7,1.6137460621689525e7,9.047941320943031e6,866980.9924417281,840037.2502935273,1.5359393460801072e7,4.446977761607773e6,2.7242897071180303e7,6.072948894589702e7,8.253667080711746e6,8.252814971095113e6,1.656484317765516e6,3.447244112514029e7,1.8746054090568624e7,1.9294939196005403e6,1.3105341851977105e6,2.80311127088557e6,2.0619343181390718e7,1.031805442191913e7,7.874956978487125e6,4.683882507764052e6,2.7346140023127557e6,3.175311989368498e6,1.859191538443089e7,4.5190955102517e6,1.6429268401021871e6,3.2043196966225742e6,3.729577120133841e7,1.4150508140952897e6,1.3932000997040596e7,2.7627447419715285e7,3.113697493285546e7,1.7836512707625955e7,1.6235382480322827e7,3.5839695782790906e6,2.4751004149759423e7,4.843793433132965e7,1.5289366210010454e7,3.962279502337438e7,8.82940284153144e6,2.8639469987001927e6,8.081202849177771e6,1.4674389061594093e6,8.722891987509876e6,5.498345511929098e6,8.130736546043607e6,7.525016967363133e6,1.0512191655391261e7,2.7048024958263554e7,2.919157424526786e7,3.5732656858770107e6,4.513275735275822e6,7.973919951602247e7,1.5005875332412194e7,5.057281294564184e6,6.281335112206733e6,3.604066510816196e6,2.7295979372314032e7,2.8480345360858347e7,1.380892507665303e7,2.4511564793477055e7,5.345452079490355e6,3.0276609967517413e7,7.424923298517764e7,2.2494850512824573e7,5.274246009060202e7,1.4665563430995215e7,1.1179799259033544e7,3.1501090201606033e6,2.2716703581836093e7,9.608184148714053e6,2.5182131607613377e7,1.0120889994846986e8,1.795053275191023e8,6.284988185782671e7,1.4218276956800131e7,7.761288035695824e7,9.573722126976956e6,1.0110987667733353e6,1.8489973544951048e8,1.1885883919992058e8,1.208949995376181e8,7.666618683619364e7,4.14585191740184e7,4.8702823988945074e7,1.824384176503335e7,2.7689947508496903e7,2.591404164840992e7,1.2950327234376103e7,9.271668069498701e6,2.957602296660867e7,2.7428955070784997e7,1.5328360628671027e6
2.537984194855787e7,1.0016304168054607e7,9.063255581701785e7,8.825897747864217e6,1.476277988652899e7,4.043720159528063e6,7.223613929128274e7,4.297701499193112e7,5.154755997946697e7,5.918246326877433e7,3.985255220660207e7,2.7938151305150516e7,4.889228246034095e6,5.1428915697808035e7,2.6300228526952386e8,2.1388572866661027e8,3.274688762725335e8,3.726576943401556e7,6.220409914766737e7,1.7657078326033652e8,9.077177892388551e7,2.1706561240913935e7,2.376070150191282e7,1.082024903555391e8,6.571588719710526e7,1.77906912186272e7,1.4971078732082425e7,1.1104318824373838e7,1.445516735407875e7,2.4568108219195575e7,2.8655566806342345e7,4.063194800141081e7,100322.06549816925,2.0375494545796623e6,1.0893251517929623e6,7.356351242189892e7,4.958867887237451e7,7.750460120340401e6,5.395249723073669e6,5.863311588648263e7,8.619798125324371e7,2.744764665147797e7,2.813132810179128e7,6.926149231309883e7,6.733562556640852e6,5.559246492905221e7,5.204415654441671e6,1.8358194458638933e7,9.770910003285889e6,2.3733194708475444e7,8.021133860206185e7,3.3012108023521185e7,7.398718472141816e7,7.348120414892364e7,7.560786554499431e6,1.6206747705808876e7,2.0740361200913973e7,1.3473263512273586e8,4.622790463212418e7,1.574583594643004e8,1.3071807476606983e8,3.094225970505076e7,7.957564048058441e7,2.1615238402589205e8,2.5972858323773332e7,2.516444097179059e7,2.8567970542751726e7,1.261027536866224e7,9.213754711297872e6,1.2883921574855134e7,1.844972724565343e7,1.0027845798722327e7,971710.8635652956,932837.8649701031,1.694583939300717e7,4.899410461652218e6,3.790904785677323e7,8.502574579036823e7,9.316459457157092e6,9.112021605463633e6,1.8504132656852214e6,4.689545886432513e7,2.450799802950319e7,2.5215916303510144e6,1.7149919154154486e6,3.5303349266045922e6,2.778676560227121e7,1.323504473512568e7,1.0074968502872255e7,6.905138777808058e6,3.981562202214842e6,4.607048475256527e6,2.6995892364424393e7,6.416020713304238e6,2.3809859818396256e6,4.571905281916544e6,5.3439027170113064e7,2.0026452957519307e6,1.6011981355821125e7,3.3070738443061598e7,3.6027567092645705e7,2.3011376066014186e7,2.4382705899038605e7,5.242994480156128e6,3.3149998965570595e7,6.14856202156222e7,1.9778056120374903e7,5.29910898390728e7,1.045646842802067e7,1.7304502954490937e6,1.6617869412107043e7,1.055520349436301e7,2.505752178724052e6,1.214994240456845e7,9.99607419256922e6,9.460647765491314e6,8.2634297485409435e6,2.3767915979994815e7,2.6087780429256424e7,3.1370149078049557e6,3.9773129932581643e6,7.354200860798386e7,1.3595923710049616e7,4.602031776077924e6,5.732226107209241e6,3.285366424048221e6,2.348644919754776e7,2.5072842892023977e7,1.367638455805046e7,2.449772875956496e7,5.000796136774408e6,2.9476781922643248e7,7.47018817402166e7,2.2734362814557597e7,5.269274792132213e7,1.4826976244530372e7,1.1227660583362496e7,3.3860724425606886e6,2.32013130542168e7,9.76631003882512e6,2.570444670670261e7,1.02809536721283e8,1.8138494846697953e8,6.333254985300535e7,1.4645290403231606e7,8.043979646960719e7,1.0085454307089636e7,1.0911568573419459e6,1.893257574286594e8,1.2159132705891994e8,1.2366820432399178e8,7.833565597488753e7,4.238257419282469e7,4.962616245172264e7,1.8635583327090204e7,2.8704204385641277e7,2.684570646457509e7,1.3584134641279262e7,9.711172221991092e6,3.102261449076732e7,2.8706788293120287e7,1.6202016498915607e6
2.514574771443907e7,9.827231090289138e6,8.905357221472341e7,8.344579633882745e6,1.3995198184965342e7,3.8847558633503634e6,6.677001864740678e7,3.9563878726065785e7,4.766228274554769e7,5.347101376045775e7,3.605489988820143e7,2.7857542147016637e7,5.419122175660717e6,5.7185971112317316e7,2.6764580405035374e8,2.1832831861189649e8,3.333134117206119e8,3.780626090866762e7,6.3267811821244776e7,1.78404132532191e8,9.193161025920033e7,2.198925948415491e7,2.4421569802908063e7,1.1126258956518248e8,6.812838316064395e7,1.8679425701311667e7,1.5465594347034093e7,1.171017738524786e7,1.4950925218759768e7,2.5124390594149694e7,2.911459546257617e7,4.0688476326320976e7,94129.73675356845,2.0244438808032358e6,1.0756906335943555e6,7.011880525736064e7,4.7987423901323825e7,7.596156528637827e6,5.258229693671651e6,5.648771934616819e7,8.419563548386407e7,2.595131164410285e7,2.6781918077563e7,6.449510139797522e7,6.082910473354732e6,5.173388522429336e7,4.577118417320981e6,1.589232542798997e7,8.505366640928233e6,2.1052737253879778e7,7.782141801945381e7,3.1950412987889603e7,7.037828849160016e7,7.030103125356655e7,7.748839121621637e6,1.5977313228610052e7,2.2127680794543773e7,1.6103166812009668e8,5.4972940074814215e7,1.8726158310034972e8,1.587483505810985e8,3.576159755763677e7,9.363344175629073e7,2.5533069359262314e8,2.943409322050171e7,2.8254379941236015e7,3.3477828882569827e7,1.543213252639865e7,1.0054185545539504e7,1.4093680099588213e7,1.970391512747786e7,1.0656339450611675e7,1.0733357767005863e6,1.0373929108442641e6,1.891309612654533e7,5.3839799729589e6,4.4326415364911966e7,9.978168153615193e7,6.699350062503809e6,6.27829982068119e6,1.253924967890097e6,8.9839808791715e7,4.6666482991982594e7,4.863845043002042e6,3.4238104347484894e6,6.731750354556693e6,5.0311845277847886e7,2.451535179808127e7,1.8591354717010424e7,1.2747126511668988e7,7.376176912894327e6,8.765766482353093e6,5.5634641050784625e7,1.2828301143277762e7,4.607965371166398e6,8.989498339127842e6,9.324946894680871e7,3.711045018711486e6,2.4336582025222853e7,5.1559652879677296e7,5.554220297968964e7,3.308633058390512e7,3.893466823170039e7,8.425019132350717e6,5.300090905160191e7,1.0576449456433208e8,3.458810301636388e7,9.221537391193967e7,2.5469470380768012e7,6.690283801849462e6,2.2916726492161773e7,2.121924198158693e7,1.2357572587279806e7,2.149992422557128e7,7.382208661514013e6,7.320049685454781e6,1.0399818185923658e6,7.650145702183411e6,9.97849391368561e6,929897.7732483126,1.3321952279602448e6,2.795001839906577e7,5.094642487088235e6,1.8028977733883853e6,2.337801206458517e6,1.4535604253098068e6,4.635615523253337e6,6.163285737043717e6,5.974076932354924e6,9.853424201028477e6,2.621235781867421e6,2.059201590024241e7,3.878321516474587e7,1.1917148655878076e7,2.6785751786873005e7,8.81595211369132e6,7.582172840966603e6,2.265907925940805e6,1.915145628060699e7,8.055759051574419e6,2.1243112342079893e7,8.351465940370217e7,1.430703188610427e8,4.749158266090584e7,1.1061739163008641e7,6.5036115894320495e7,8.604458690761006e6,934075.7888816522,1.6222847626566178e8,1.0418758869851664e8,1.0689544533062615e8,6.688451163330978e7,3.609111279793312e7,4.204714936663384e7,1.5492430322942315e7,2.4873371388400838e7,2.2897029490607962e7,1.1987907969843026e7,8.54829650783947e6,2.7377946184721436e7,2.4645424354201157e7,1.415499789794489e6
2.491848976666046e7,9.690290451820424e6,8.788809696014214e7,8.073294265135674e6,1.3559091989582e7,3.7893658684760244e6,6.378615811695423e7,3.771779560534269e7,4.556201526718947e7,5.043037540189286e7,3.402483387405662e7,2.769968029735931e7,5.656546731222181e6,5.977357097315855e7,2.6890640826624656e8,2.1967940168996665e8,3.349184139050419e8,3.7930567228103705e7,6.356320083276368e7,1.7862565719084954e8,9.214489715125541e7,2.2036605110535316e7,2.4651102783197753e7,1.123394630755642e8,6.904546900436904e7,1.905396648177415e7,1.565427593507076e7,1.1979661007074377e7,1.5157943446173552e7,2.5347809126616124e7,2.9255079368704107e7,4.055795145573609e7,90754.40060027059,2.0097257767725163e6,1.065377685489197e6,6.81594149866112e7,4.704164580658425e7,7.490868106793722e6,5.168730043659908e6,5.519947966518814e7,8.303973252574725e7,2.5142223636016835e7,2.6059471765355065e7,6.2046195632368326e7,5.761935248419725e6,4.970105028443887e7,4.248902111230596e6,1.4647336019226419e7,7.867057412506472e6,1.9639374508165922e7,7.67263962613477e7,3.146168181812896e7,6.858170621327257e7,6.876754530545366e7,7.840474101903943e6,1.5888310924957776e7,2.2991400160010755e7,1.7360074636851424e8,5.9108034177050374e7,2.0143568130797142e8,1.722029695340198e8,3.801742791457917e7,1.0017352763606924e8,2.736313023626892e8,3.105487000558982e7,2.977502346857709e7,3.588710516275986e7,1.6901000853415325e7,1.0449275955830451e7,1.4649931363520771e7,2.0270288882002708e7,1.0922698041490246e7,1.119206039469396e6,1.0845735931738755e6,1.9801251779489104e7,5.59963172548731e6,4.826075016757801e7,1.088546877729805e8,5.6977985206811875e6,5.132006520122119e6,1.0358421899511472e6,1.1120623461955018e8,5.761892977168123e7,6.022062704591126e6,4.27023069218323e6,8.305553627153445e6,6.148810521116835e7,3.0069265636172287e7,2.2782223467417143e7,1.569601542802941e7,9.085392976216506e6,1.0858125239683371e7,7.00709416922904e7,1.6045326687006535e7,5.728339135986745e6,1.1206584928911641e7,1.1325676273011947e8,4.566566151619169e6,2.8344013214764733e7,6.051658132755232e7,6.49495359021327e7,3.8061059742178604e7,4.640604496544768e7,1.0043638738113916e7,6.285202459690986e7,1.2748347000336044e8,4.187882597522474e7,1.1164416107677208e8,3.292185705463134e7,9.116901436430784e6,3.1342611599441033e7,2.8210659709956627e7,1.9033558519877207e7,2.671251111539688e7,9.867090401979173e6,9.82024168421811e6,4.647103121949737e6,1.4131980473705293e6,2.5367124846357307e6,197931.89197258052,242829.7445804781,6.300853018587036e6,904859.1542512315,423308.26614505064,668367.5138557093,571439.1996189603,4.68742612256384e6,3.3224851341647594e6,3.3675439479135917e6,8.202926831715054e6,1.4549633570734977e6,1.620230457788903e7,2.3046812808804505e7,7.230227395118668e6,1.5329577576720877e7,5.919897228537273e6,5.753958425183286e6,1.7731970277333308e6,1.7079856087341867e7,7.18337052268423e6,1.8961397819222156e7,7.369086168791075e7,1.2365642966243707e8,3.949063821119228e7,9.251091119035281e6,5.716300425747136e7,7.838376429144538e6,854286.8209025954,1.4826312264303374e8,9.522434360834485e7,9.824241661625154e7,6.099620631189296e7,3.285621757214024e7,3.816314423202616e7,1.388301831123644e7,2.2879723139928922e7,2.0852590181215897e7,1.1148679204816561e7,7.937756224197793e6,2.5461708704859994e7,2.2536238871238064e7,1.308581536073261e6
2.3824666796841033e7,9.286314290848743e6,8.366859900553219e7,7.677083919370458e6,1.2901405659262156e7,3.62625301589719e6,6.1350708291073516e7,3.607593970093117e7,4.33226246514097e7,4.850624727380143e7,3.3016951647781976e7,2.6235368199305434e7,5.352290431436515e6,5.637665771851454e7,2.5223586967245755e8,2.0599441314755425e8,3.1408487241030926e8,3.5548680107112706e7,5.944531863160692e7,1.676358624823157e8,8.655079118898165e7,2.0805245752926733e7,2.3133881438423827e7,1.0531999121303058e8,6.479742713036959e7,1.772079201203411e7,1.4607326317211205e7,1.1042804706984978e7,1.3995610854342088e7,2.3338626289879456e7,2.716342304555598e7,3.814030183960528e7,85526.57385628796,1.8977382514441265e6,996244.8327765933,6.434656225169132e7,4.405702228422122e7,7.057879523118674e6,4.903029369064972e6,5.234663683272848e7,7.678570521518372e7,2.3492575697366577e7,2.4193236282957662e7,5.7483491729428165e7,5.302118617020056e6,4.6437970963973016e7,4.101627629516371e6,1.3754575160146434e7,7.370683386977269e6,1.9142422234657716e7,6.960112785075928e7,2.85434926285222e7,6.281439695797942e7,6.2666758995588265e7,7.12942728882438e6,1.4360356512423394e7,2.015037734212822e7,1.5876619343491465e8,5.4398346356096424e7,1.8469913260469663e8,1.5718985867514572e8,3.509649941652656e7,9.341482921971741e7,2.541834604680836e8,2.8583196968397617e7,2.6924052156480957e7,3.243257376282635e7,1.4932180406968733e7,9.56698537800365e6,1.3508049869502852e7,1.8688780339550126e7,1.0242564985113237e7,1.0438244432588784e6,1.0160957108321043e6,1.8607811691039838e7,5.266929245141251e6,4.1251714201764904e7,9.292071477831101e7,4.547383225155058e6,4.15553528585225e6,786526.5422946503,9.914933354642273e7,5.159182237720533e7,5.390665737715997e6,3.818432659653599e6,7.467062299884614e6,5.4915096941412374e7,2.699928577172488e7,2.046439129331548e7,1.3883572275053827e7,8.046503714660663e6,9.6204018562883e6,6.2038106994518936e7,1.4239127016721053e7,5.075673325402901e6,9.94271229381334e6,1.0041637723508923e8,4.056122914124726e6,2.6044480540133588e7,5.512205334312375e7,5.9566239167935826e7,3.414649146281977e7,4.076422952988465e7,8.858061782743195e6,5.615468165362282e7,1.1479792083458571e8,3.760574328166523e7,9.982493788123749e7,2.942705236870908e7,8.268605739377307e6,2.4007156885290086e7,2.341020810550407e7,1.7310047684683446e7,2.280861981023958e7,6.14189544758439e6,6.252837291729815e6,4.936009753037188e6,8.110673044339337e6,9.220022432343705e6,1.0166491463911613e6,1.3701502588026966e6,1.945248057592348e7,4.191637635895198e6,1.4564869823402315e6,1.8835827350932907e6,1.229583534635474e6,7.871243621801015e6,7.160729559029513e6,1.9403867326513585e6,3.628311576290871e6,2.1390343284988296e6,1.8045010591178507e7,2.0625505186911736e7,6.289823881288281e6,1.422927638990682e7,5.962276089343273e6,6.059608488710122e6,1.521705279035366e6,1.7227348945510704e7,7.285538571076511e6,1.9135699337362297e7,7.491786645957828e7,1.2696927844487059e8,4.095107281787242e7,9.256154812093917e6,5.6696661284595944e7,7.625999170092979e6,809067.6502629241,1.486212466216489e8,9.554385974110788e7,9.84924038142275e7,6.1296106948735766e7,3.300945655930084e7,3.849059666063527e7,1.3991653288857032e7,2.263304182622733e7,2.065870682565064e7,1.0893187647541406e7,7.76738985096747e6,2.487889240741555e7,2.2081450230771586e7,1.269014506364669e6
2.503805109002895e7,9.687002907116547e6,8.812906128750934e7,7.959184267201572e6,1.3380770283970643e7,3.7539885942037962e6,6.190205507628661e7,3.6615498574734814e7,4.444385766801811e7,4.837001292044627e7,3.253804464135748e7,2.8006505365410935e7,5.957586707962057e6,6.308601672096853e7,2.7523280965951127e8,2.2514943961794835e8,3.4285556097210217e8,3.8789061359254934e7,6.5126600491016366e7,1.8226724345678997e8,9.407875512283406e7,2.245487936285533e7,2.5324814048157472e7,1.1547702875816134e8,7.116871250287509e7,1.9807392285640027e7,1.6151716177053593e7,1.2522529212204576e7,1.5721017802301837e7,2.6213301263705015e7,3.005854636401454e7,4.119950356699755e7,89521.18485310067,2.0313996096362195e6,1.078664246373541e6,6.766462887746881e7,4.718804210858559e7,7.534882253703796e6,5.1716937149028275e6,5.495482910034649e7,8.415345348069476e7,2.4992179741167393e7,2.606928090112596e7,6.153161798023132e7,5.65733423810474e6,4.905043294663614e7,4.0097625335675436e6,1.3908826149069432e7,7.50237257466101e6,1.8545743352408055e7,7.836154016418225e7,3.209834727427786e7,6.909147171080002e7,6.964842262686457e7,8.166746355345916e6,1.6364165277378257e7,2.4804494790617112e7,1.8950271867755216e8,6.426511902790831e7,2.1934223715703964e8,1.8896379816029212e8,4.0936835113889076e7,1.080566770842131e8,2.958995449003538e8,3.3277403126810547e7,3.2073953874487903e7,3.916429542856425e7,1.8882503581230823e7,1.1087039367855337e7,1.5507461501665749e7,2.128197008442609e7,1.1367044089250555e7,1.1831175761196876e6,1.1472591260611962e6,2.0949499187515616e7,5.891185016567611e6,5.436752846044717e7,1.2286093222854847e8,5.65551454725446e6,4.938703577558512e6,1.051365574151408e6,1.3442111078625587e8,6.945847945974755e7,7.2725887382159475e6,5.1818583828107165e6,9.996971911901595e6,7.36983567716499e7,3.607083787487491e7,2.7310605411095034e7,1.8951930508267168e7,1.0968259659621892e7,1.315289535627763e7,8.576542520801538e7,1.9544140262591302e7,6.954193426479613e6,1.3623411815450659e7,1.3548713939642224e8,5.505215712690846e6,3.2664196050876632e7,7.02704086553562e7,7.509320734715612e7,4.378365403807181e7,5.5001908906607434e7,1.1891033977050854e7,7.38775984574139e7,1.5111726269715363e8,4.982433322278434e7,1.329734725620894e8,4.082501439641593e7,1.1614062237289034e7,4.211587562286301e7,3.6310159347915605e7,2.5805532512253325e7,3.277510923804721e7,1.4285156870523158e7,1.4102909528681686e7,8.886886880241383e6,8.263344529022369e6,5.950643299441522e6,1.243454244840578e6,1.2818139957607968e6,1.9025661873138193e7,3.3229874859740566e6,968867.6239953776,1.0187711294286448e6,355129.5174386308,1.4015453421834236e7,1.277607721268003e7,5.404378716007316e6,1.495939028218931e7,447804.6230725027,1.1825155870673208e7,2.168326880680484e7,6.881206571593578e6,1.4517256738338158e7,4.1721504582623807e6,4.159385457731943e6,1.59187887034933e6,1.520644197433072e7,6.380233621703811e6,1.689293948906194e7,6.465344673198511e7,1.0559975961695366e8,3.211140252736787e7,7.726998803896704e6,5.051087297503707e7,7.241373138692378e6,802268.4839010289,1.357229046552368e8,8.714505175544162e7,9.044353379071692e7,5.566311520938416e7,2.9932402199947566e7,3.4608327962177016e7,1.2426761415247386e7,2.1188719786680233e7,1.910924204102681e7,1.0486695948020803e7,7.451097133997822e6,2.3949938186990052e7,2.083125550612788e7,1.227735886048333e6
2.367300835919459e7,9.179743248780627e6,8.282754516583204e7,7.445256150961071e6,1.2529856729660716e7,3.5456121536695138e6,5.8661689694755375e7,3.442293873195074e7,4.147172809537449e7,4.572923754544794e7,3.1147725963789612e7,2.6182213861834306e7,5.593599625667187e6,5.902478517011654e7,2.5466129678596824e8,2.0828725823897702e8,3.1714843403297806e8,3.584469030258343e7,6.004141566780725e7,1.6865567797171575e8,8.71598661992801e7,2.093355750646391e7,2.3461802998076674e7,1.0685822242682765e8,6.597292065398878e7,1.818353992835006e7,1.4868104739338329e7,1.138259364751959e7,1.4295268286306763e7,2.3735253311858114e7,2.7471945007820964e7,3.81910526157281e7,82690.97067902172,1.8914887816430794e6,991831.8802301076,6.275318353290113e7,4.3387359262240306e7,6.98885151875553e6,4.835645963351967e6,5.13140573890845e7,7.623658699275848e7,2.2852154409259733e7,2.36624075003303e7,5.553692870568495e7,5.036146541487155e6,4.475658173005619e7,3.79760272179703e6,1.2625043527814265e7,6.795447132099956e6,1.7829114680475634e7,6.930888242546359e7,2.8384789886050947e7,6.165493120028661e7,6.1819187636474475e7,7.290537475952289e6,1.4442721228918068e7,2.137447302583254e7,1.7202136479675853e8,5.870682168498969e7,1.995989496195011e8,1.7131535853089198e8,3.747276521155287e7,1.000555980601307e8,2.7290008094466907e8,3.0334789588159285e7,2.8674549169200756e7,3.5085060691663e7,1.6582865885171514e7,1.0026035504342778e7,1.4135465959429873e7,1.9366772747912265e7,1.0543170278358674e7,1.0928258761282477e6,1.065382337595964e6,1.952372834743645e7,5.492315265707614e6,4.617037180083187e7,1.0424761898742417e8,3.779130928699474e6,3.175948604181263e6,627727.3762337625,1.2040276603485173e8,6.243038613044755e7,6.535950482981633e6,4.6541624919657875e6,9.015880175989734e6,6.606796451612907e7,3.248868498646484e7,2.4605813327948824e7,1.6859271775803946e7,9.767645374423297e6,1.1720520170266192e7,7.643868027288724e7,1.7446669330331255e7,6.19827841778995e6,1.2157188470310727e7,1.2067020407983886e8,4.914213760779595e6,2.9963289230467334e7,6.396666935468546e7,6.877433197159946e7,3.925154877269787e7,4.853105075255883e7,1.0528822983005024e7,6.613487319382341e7,1.3634213335093817e8,4.4853278505688764e7,1.19266367407614e8,3.6693419081944466e7,1.0558862124111634e7,3.412995134958748e7,3.0913311880020294e7,2.344341821763987e7,2.8349248531008508e7,1.0458398694629626e7,1.0417866509857597e7,8.153594609852744e6,9.53626713126915e6,8.728925855299037e6,1.3132955498298518e6,1.5413350468326025e6,1.814518279647478e7,4.0081735517321047e6,1.2797359131952208e6,1.5386963207260736e6,927633.8331708026,1.3011637882215962e7,1.1627602939997265e7,2.0297486539116735e6,8.523679057540044e6,1.3689691382572935e6,1.4145158075941466e7,6.812440133263418e6,1.0841682416733296e6,1.3074666244335237e6,3.0179770780972103e6,4.3186203304825025e6,1.0511381864755882e6,1.5280922946620813e7,6.468036821577663e6,1.6992800598671265e7,6.570169231996133e7,1.0877818832282494e8,3.3432466714085907e7,7.522564980617065e6,4.9233518515327945e7,6.907682874002854e6,735553.2553169599,1.355419172254478e8,8.715186462415534e7,9.039891253050904e7,5.5783283944579355e7,2.997938249803984e7,3.485565329639315e7,1.2480618769684015e7,2.076502757218252e7,1.873806923258679e7,1.0111494426393595e7,7.198059103313655e6,2.3094019737783592e7,2.0103272932317276e7,1.169500622075273e6
2.3495226676658787e7,9.075571748026352e6,8.197002343779533e7,7.2525785272648465e6,1.2219267789135624e7,3.475914260846283e6,5.650535314353915e7,3.310192936713412e7,3.9986560875670806e7,4.35440318051214e7,2.9678117062145934e7,2.6068264597364273e7,5.757793410306705e6,6.082878776644106e7,2.5573558228869328e8,2.0939447515244842e8,3.1851862480370814e8,3.596273204210348e7,6.031449051770398e7,1.689339378411261e8,8.73635463146601e7,2.0968897838154454e7,2.363784961086064e7,1.0769358469976874e8,6.665538270429415e7,1.8475227972015724e7,1.501943693433403e7,1.1603891506679544e7,1.4479787111043418e7,2.3970479664577406e7,2.7627061153957993e7,3.8120517154674314e7,80373.20757975992,1.881477265999606e6,985880.9453721272,6.140060241901699e7,4.2776786068419985e7,6.91811209964396e6,4.771988274980165e6,5.0404051688982986e7,7.565765251045547e7,2.232298940291049e7,2.3217587467970848e7,5.399569648594009e7,4.835577356333058e6,4.3410782403696954e7,3.5618291827801205e6,1.1769377143713087e7,6.359615854062107e6,1.6808152124210723e7,6.90217506519804e7,2.8239329983627323e7,6.0711790350782245e7,6.112324632097265e7,7.395568204667354e6,1.448868423021978e7,2.2275485001876254e7,1.8135101888897246e8,6.173132999066102e7,2.1006762454293603e8,1.8129135018206495e8,3.912625939411492e7,1.0470187717833143e8,2.8600632559793997e8,3.15463621969398e7,2.9900107801111136e7,3.695644275695432e7,1.776756025837214e7,1.0339387698624818e7,1.4560748257575138e7,1.981623953443318e7,1.0735810276626635e7,1.1260188042969445e6,1.0989193718873817e6,2.0148835549548645e7,5.644112084343692e6,4.9800040585250296e7,1.1260837739700978e8,3.5653962939067003e6,2.8377135781519576e6,623122.3478204227,1.358499449628805e8,7.031063306918472e7,7.368940119845815e6,5.262538033065676e6,1.0142710975530455e7,7.416116334176797e7,3.647777941314502e7,2.7615134713176593e7,1.9018438575584345e7,1.1016703863915155e7,1.3245771407319224e7,8.691856489245412e7,1.9779620526679438e7,7.013971712052988e6,1.3767097583654383e7,1.3534369240684414e8,5.537058571635365e6,3.2797472587330174e7,7.036063324231617e7,7.5436725273916e7,4.292156437864876e7,5.414535790310565e7,1.1736383463074913e7,7.334481990800041e7,1.5196187695107418e8,5.010925704374958e7,1.3335669204386424e8,4.200925690112405e7,1.2253781456716795e7,4.154938344957126e7,3.638190666103934e7,2.8055026516044527e7,3.23725132183143e7,1.3692341880905356e7,1.3533021565782929e7,1.0941859709754992e7,1.37253816094102e7,1.220427615404413e7,1.923938661250611e6,2.2074111276915916e6,3.029101643984196e7,6.05698804821495e6,1.9077454749013241e6,2.229791367149467e6,1.1857150410069176e6,1.8830189710761815e7,1.7441734128726896e7,4.953500832794319e6,1.4592127876270697e7,1.2706431432519294e6,1.1489666334173465e7,1.0878310606552068e7,3.3259149541527443e6,8.26352889362313e6,1.3620427405205702e6,3.035077625713786e6,810468.0835580576,1.3814937759306796e7,5.855244834266583e6,1.537955376924473e7,5.880299589297336e7,9.525261504732068e7,2.7863792695672832e7,6.218269164765226e6,4.357533539510095e7,6.356435445635839e6,679691.1984486165,1.2563178278502958e8,8.079912652016966e7,8.426542659253317e7,5.161685809052086e7,2.7688856159129005e7,3.2118587298704475e7,1.1341809646470599e7,1.9332915088586554e7,1.727085334413443e7,9.5055318676038e6,6.757360721522345e6,2.171040171822479e7,1.8583741503447473e7,1.0925306283359237e6
2.2905424462419987e7,8.538485597919796e6,7.921087995127174e7,6.292888507520474e6,1.065467253706532e7,3.07646590850794e6,4.234976436205563e7,2.533109264702076e7,3.2389685173155777e7,2.966235796972489e7,1.902028527249252e7,2.6666803475252405e7,7.301099028995783e6,7.795097534179713e7,2.8363224896664906e8,2.339391138981976e8,3.536910356661528e8,3.976383784827078e7,6.757542835356815e7,1.8428138383599478e8,9.545738431317586e7,2.250815396902772e7,2.6696326636175822e7,1.2215330462739758e8,7.654578708127594e7,2.2359946111060496e7,1.747031928974007e7,1.4589880976543864e7,1.75669944658561e7,2.890725909660846e7,3.1802913404235464e7,4.047358780353749e7,72191.41515711517,1.9302096669867916e6,1.0411470740764291e6,5.681327285437634e7,4.291888059822783e7,6.934575785819358e6,4.57474789839262e6,4.687474274568438e7,8.290680996455894e7,2.1601083879174143e7,2.3744544596604608e7,5.394730404064922e7,4.922719774697205e6,4.068043559571456e7,2.0834148034729261e6,9.553909677504769e6,5.307678535881282e6,9.280296122045366e6,8.353623596053858e7,3.406004198395011e7,6.766349655371752e7,7.083736897531284e7,9.452863372692922e6,1.821461399548066e7,3.456654727654263e7,2.710585025383696e8,9.050330685243616e7,3.1058558080071896e8,2.7624852324393594e8,5.522500947451666e7,1.4778018992970625e8,4.0840613044323915e8,4.384121385634761e7,4.3330582318782054e7,5.590627370179076e7,2.9624404539713692e7,1.3937447877748413e7,1.9255609843865383e7,2.5357954364536785e7,1.2930517637508502e7,1.4628909554737408e6,1.427126575411398e6,2.6143804121010307e7,7.137306229011386e6,8.914760004714523e7,2.0279634452824226e8,1.2123770741191205e7,1.1640892229660053e7,2.7141241556062177e6,2.717088675600676e8,1.3953315108996084e8,1.468276218197531e7,1.0598840509159401e7,2.0026459188399278e7,1.4551355813633034e8,7.152830526284198e7,5.405764151057332e7,3.810376921817835e7,2.2049550960515987e7,2.66948069704518e7,1.7900321997575462e8,4.0289956700111404e7,1.419973503615383e7,2.7932364001199733e7,2.6546877136386675e8,1.1032460778788976e7,5.7734903262143925e7,1.2680522358068989e8,1.3405663603422228e8,7.612590597066975e7,1.0468421358434764e8,2.2572703415587284e7,1.3760013991761446e8,2.8962432295036834e8,9.644129701638778e7,2.5785340469698957e8,8.84207798632522e7,2.6999843928365458e7,1.079922290226734e8,8.486925986673625e7,6.828019146607812e7,6.846351126931642e7,4.301114612776893e7,4.178716582100851e7,3.6235000473620385e7,5.994636586222837e7,5.780077216368086e7,8.293837702285836e6,9.773203594143193e6,1.6413779579918206e8,3.0498920747858953e7,9.924376687713403e6,1.1894381021028439e7,6.26761415536172e6,7.394247927385788e7,7.301270847731489e7,3.04381481278212e7,6.772241202613455e7,7.44783745135062e6,1.82264500668305e7,1.2764378831847128e8,3.8722539337600455e7,9.169397294880643e7,1.8353628990882974e7,8.290328300427374e6,3.953804800536812e6,1.209316892136209e6,497828.4841927834,1.422666752708942e6,3.4640587826602366e6,2.4923335790430598e7,2.139163809524874e7,5.59180698211473e6,1.3879937301400939e7,2.920139698538467e6,494338.0783371642,3.965378279782452e7,2.5534462001820322e7,3.08213568582795e7,1.5288339723503133e7,7.750887483781198e6,8.16673780710832e6,1.4845834964564354e6,7.668148608369387e6,5.568321255828517e6,4.961044939580153e6,3.416073760603665e6,1.133002298928591e7,7.702518198541284e6,585034.7942267112
2.269465715615292e7,8.45175328068701e6,7.838461533506764e7,6.1937451554994695e6,1.0491191462641899e7,3.0359921187253916e6,4.148939083305919e7,2.4798621529294964e7,3.1756160326677322e7,2.8882648235415637e7,1.8518351583513897e7,2.6425238097366724e7,7.286706519307248e6,7.779450612832196e7,2.815138314346614e8,2.3224626633557987e8,3.5105375709852237e8,3.9456875900711365e7,6.7066829594636455e7,1.8279963862454152e8,9.470916802413844e7,2.2334669292550024e7,2.651720260576583e7,1.2133566906937033e8,7.607920760718668e7,2.2239154457037766e7,1.735822479613167e7,1.4515271530173916e7,1.7457387859206494e7,2.8709315025416058e7,3.156367156820479e7,4.011757916807373e7,71018.49540149482,1.9118947322008922e6,1.0307381563427945e6,5.600251018889369e7,4.24019409525628e7,6.858977038312482e6,4.522040537275864e6,4.626605092981536e7,8.205262914216383e7,2.129148937087111e7,2.3438683765218493e7,5.316271880227834e7,4.848427875314462e6,4.00273342785415e7,2.0090592005037575e6,9.336416013261886e6,5.191785821298063e6,8.957979539811106e6,8.279274212095115e7,3.3751973296912864e7,6.6904075755964175e7,7.011380153246266e7,9.394653217513155e6,1.8074225708584744e7,3.4475944325324886e7,2.7095710321024764e8,9.046404272756526e7,3.1043588814473426e8,2.7625269538906723e8,5.515633476194674e7,1.4771831368077952e8,4.082340009502249e8,4.375550455468928e7,4.323539254560318e7,5.585532037599017e7,2.9635747087492224e7,1.388973221259286e7,1.919122286434477e7,2.5244748207379047e7,1.2871709340683023e7,1.458876802427875e6,1.423841804335156e6,2.609092741211541e7,7.118215583287385e6,8.91890742102016e7,2.0291292378145966e8,1.2192817660646891e7,1.1727337996814504e7,2.734206891215587e6,2.730445045175166e8,1.402177976052613e8,1.4755717816342643e7,1.0653136991146386e7,2.0125428289085403e7,1.4618632827661774e8,7.187033011719891e7,5.431517637467376e7,3.828313625043539e7,2.2153781330435295e7,2.682469200366106e7,1.7993906650219488e8,4.0495509888703905e7,1.4270008851288578e7,2.807274168195979e7,2.6663197499004823e8,1.1084676820745798e7,5.794556873124805e7,1.272787769207878e8,1.3455898466290116e8,7.633575537240323e7,1.0507915374498123e8,2.2658659664383583e7,1.3811955534769967e8,2.9088771219569457e8,9.687015701929082e7,2.5898526249973097e8,8.893652459802781e7,2.7183615267346743e7,1.0869294732028742e8,8.537148034996054e7,6.882684206703787e7,6.8786575659628e7,4.333794349288431e7,4.2099533130304076e7,3.6628929280629024e7,6.074579078691429e7,5.861989316712236e7,8.40130915956878e6,9.905227826397158e6,1.6633002077041516e8,3.0917830301312596e7,1.006327723945698e7,1.2064396260984886e7,6.3628921902956655e6,7.482707391941126e7,7.390188310362205e7,3.0790830282292154e7,6.842619455465196e7,7.576678067759943e6,1.88321672952532e7,1.2925495992469354e8,3.92046264078982e7,9.286723438769689e7,1.862333481357589e7,8.472708826365693e6,3.9912261669975948e6,854372.8519037259,456719.1030924895,1.0654327459275138e6,3.603593719945641e6,2.77091927157893e7,2.2321716330409523e7,5.706838917421939e6,1.341796290069093e7,2.7702475498370733e6,481134.15297492465,3.765396580772108e7,2.4307147527455017e7,2.965734228968675e7,1.4525603766551003e7,7.316400192379716e6,7.747429234438007e6,1.2412919690862007e6,7.276712781266491e6,5.161844105646353e6,4.774387632253447e6,3.2821535019575916e6,1.090388525774381e7,7.263371052750725e6,561415.9412789781
2.307753674964354e7,8.652367712430969e6,7.984033334797494e7,6.43168674009364e6,1.0887160575144697e7,3.145315265334307e6,4.449277490486902e7,2.6403148919103082e7,3.3345628407951154e7,3.1547555196278848e7,2.064081885267977e7,2.663711396573208e7,7.084716270145308e6,7.553623601477118e7,2.798235076098621e8,2.305774178295486e8,3.488739959407951e8,3.923711054202019e7,6.654420597571706e7,1.8219301644673932e8,9.43750983356416e7,2.2325832918859567e7,2.628145362790335e7,1.2017062408443837e8,7.51999644169427e7,2.1799716206826996e7,1.7120652455114964e7,1.414392868097838e7,1.7098429769502793e7,2.813134112134402e7,3.1166639884544622e7,4.016702040615827e7,72996.87499754092,1.9259244001825964e6,1.0319934873940186e6,5.737667561883234e7,4.2790009151389286e7,6.934108084531657e6,4.611311054983244e6,4.742926059190794e7,8.145731220398553e7,2.1556071999644704e7,2.348742106957525e7,5.3227220460672595e7,4.781463040629827e6,4.0634171469800636e7,2.258526610999165e6,9.358613581649013e6,5.202195560885873e6,1.03864035745739e7,8.06426428053643e7,3.2882769615033105e7,6.5903795458732605e7,6.86523040153316e7,9.118402710329315e6,1.75299813399068e7,3.2598831981293906e7,2.5776993609617233e8,8.626292134039506e7,2.957297118316178e8,2.621512478710544e8,5.286660907132396e7,1.414972639346396e8,3.9049891281191915e8,4.203579398861922e7,4.130505936414953e7,5.306929673430447e7,2.7828487161545936e7,1.3400748016653335e7,1.8566788352508657e7,2.4538054974589024e7,1.2626285135863168e7,1.4146774593128492e6,1.3804113125001492e6,2.5292620649184424e7,6.927625446770162e6,8.305852098149611e7,1.8884710173266846e8,1.0513117191545313e7,1.0000413653603636e7,2.349719919364714e6,2.5100486001747078e8,1.2898362983119518e8,1.3567723248784436e7,9.78455075864112e6,1.8519655923061993e7,1.346580291979347e8,6.6190282967617914e7,5.003097277811898e7,3.5198801409469105e7,2.0370080860044565e7,2.464600621774489e7,1.64946928191403e8,3.716124631952985e7,1.3104567218955105e7,2.5772497996054363e7,2.456961138976032e8,1.0195898672589425e7,5.3963981007131785e7,1.182646462935145e8,1.2518625125252369e8,7.112227820921434e7,9.702100583257343e7,2.0929910938284267e7,1.278687438742225e8,2.687115953394813e8,8.939938805080603e7,2.3893758494759485e8,8.130721682700653e7,2.4722366264822386e7,9.779378434823015e7,7.744637705430527e7,6.201840918512725e7,6.296444628296739e7,3.849177527243255e7,3.7433263449418545e7,3.222179921526746e7,5.240193443954718e7,5.02467866434138e7,7.262084287624255e6,8.534425171038706e6,1.4258749201017e8,2.6511149518601164e7,8.610715533365468e6,1.0300947547875747e7,5.407305509434501e6,6.513749264356278e7,6.413787088600487e7,2.6469577162920706e7,5.947648563914284e7,6.326838248376548e6,1.410507981770979e7,1.094626525547963e8,3.3212005188511264e7,7.868601886346062e7,1.5367462036889566e7,6.510506353534396e6,3.3486583269463275e6,3.1670904791958933e6,1.3445778241929966e6,3.627782614968345e6,8.012886189749413e6,9.79833804703321e6,1.3606467651233416e7,3.9243216415702878e6,1.206257706819111e7,3.2429265137347165e6,487404.895531191,5.358264530087515e7,3.449048221060072e7,3.9501247028174974e7,2.1167002362485707e7,1.09759872155372e7,1.2016133815251207e7,3.053529794371771e6,9.473691808584798e6,7.275772458650288e6,5.631226892319991e6,3.9111814951012265e6,1.2861469820822434e7,9.081537345103696e6,647188.9503464669
2.334875670290579e7,8.841660711598175e6,8.093274396684763e7,6.707352971037231e6,1.1341598841068452e7,3.268238474373292e6,4.850558157493851e7,2.854669717818085e7,3.539569431428546e7,3.533582001397387e7,2.363951965858201e7,2.657859335769922e7,6.688626818156417e6,7.113002106874442e7,2.731331950720873e8,2.246462375622582e8,3.404190602753216e8,3.832277517870998e7,6.475993756824163e7,1.78584907681819e8,9.248133664931676e7,2.199195620672945e7,2.553918655935489e7,1.1663724720519777e8,7.277288918807837e7,2.0806570405217983e7,1.6504637623768732e7,1.3363355167837042e7,1.6291340820652954e7,2.682173309415963e7,3.0091970407597367e7,3.965270398841105e7,75127.06918856486,1.919335140219939e6,1.0187215901891309e6,5.868797254126809e7,4.277667638166395e7,6.947784865173387e6,4.681272924533336e6,4.8529132105088994e7,7.939060116734499e7,2.1694276545976575e7,2.3265213800509702e7,5.281365151749994e7,4.666582007230818e6,4.1149828491153814e7,2.648232612756435e6,9.612372763541112e6,5.312680590671939e6,1.2479863630421696e7,7.627147487402739e7,3.111695580120391e7,6.35826722147588e7,6.5562258214569375e7,8.55715436743359e6,1.6448267504332777e7,2.9216124125084978e7,2.3401168524144998e8,7.866252631183997e7,2.691443939002676e8,2.3695467448113024e8,4.86352010290456e7,1.3017146542964475e8,3.5827426914219624e8,3.880684169547622e7,3.7729899542580456e7,4.802946545175309e7,2.4648460330060232e7,1.245253627780788e7,1.7340242474269804e7,2.3091321488685925e7,1.2073898584461702e7,1.3276047975982768e6,1.295666798823931e6,2.3744888532361377e7,6.545290453378862e6,7.237699566269436e7,1.643680748244285e8,7.789770342252627e6,7.202180898176495e6,1.7223192881849743e6,2.14200520591611e8,1.1022784179614261e8,1.1585506424106656e7,8.337336115712157e6,1.5840590740105024e7,1.1535246734126887e8,5.6697458271352515e7,4.286991375973259e7,3.0034901581416607e7,1.7384560883027732e7,2.1004448022475246e7,1.399744546745524e8,3.1601559452473294e7,1.1158188483023586e7,2.193409892829071e7,2.1053337641262588e8,8.708635364775602e6,4.7238956233882084e7,1.0304317796055752e8,1.093714952413176e8,6.2206283234847896e7,8.339534144072303e7,1.800815857422469e7,1.1054612784866662e8,2.3149557607398877e8,7.687056212303106e7,2.0528634714375728e8,6.867809104773279e7,2.0685612231229328e7,7.974129895811741e7,6.428596195695452e7,5.094174806585563e7,5.3203486489031725e7,3.0507662761666458e7,2.9740736232700106e7,2.515052964048706e7,3.9154870688432366e7,3.700077887479848e7,5.44882862189834e6,6.359989056977084e6,1.0467448970975925e8,1.9505673303005237e7,6.303724970455438e6,7.504005275411932e6,3.9008288318108413e6,4.963809274794789e7,4.85142130976931e7,1.947182981224574e7,4.492534557807555e7,4.369684346818698e6,7.472763697118676e6,7.744656020230003e7,2.351021768321881e7,5.577313922737e7,1.0120403019532414e7,3.386920086626711e6,2.3113292335428386e6,6.705729628639182e6,2.8429922879138202e6,7.539673394973763e6,2.486623688831518e7,2.8119881656090733e7,2.4811350511181806e6,1.7999458061171204e6,1.897403195321133e7,4.123668186926354e6,516479.0602001017,7.778236619961901e7,5.0040112385825485e7,5.4557181924551435e7,3.1377757829646356e7,1.6579358359872112e7,1.8730400527369037e7,5.816244169864366e6,1.2748119079707064e7,1.0536169364802653e7,6.895817604447554e6,4.841898299554593e6,1.5750286998779416e7,1.2032388411245286e7,782461.1169013807
2.1310890910169333e7,7.972468615762224e6,7.284179592816353e7,5.658358186909842e6,9.617110563494511e6,2.8450132774311034e6,3.893399193891981e7,2.264379084256277e7,2.846670275913776e7,2.6467430796862524e7,1.789982198000449e7,2.435668870372115e7,6.731434719148395e6,7.162620899939726e7,2.559751232214784e8,2.111898485788256e8,3.191012316090073e8,3.580426845591017e7,6.068312547298418e7,1.6610734879646826e8,8.623118162515453e7,2.0516820879790734e7,2.4171173591846414e7,1.1043896522480303e8,6.943309755689146e7,2.0080204026885e7,1.570173339522655e7,1.2973245393536707e7,1.5569501676169015e7,2.5434039614426814e7,2.823606322796817e7,3.650962500786222e7,62796.91403086933,1.7503787745179718e6,924133.7581915647,5.037380095008129e7,3.776934441002994e7,6.225319257443329e6,4.15942372724719e6,4.2347573574450955e7,7.175372378664403e7,1.8558074726277452e7,2.0280899442662638e7,4.484371662745819e7,3.8865884499292336e6,3.4323753796623304e7,1.7718244366402656e6,6.912968599002778e6,3.905296993550719e6,8.75971277398833e6,7.032120741496491e7,2.8626258076502755e7,5.663269637359761e7,5.926203329863314e7,8.208525414676746e6,1.5439696660409799e7,2.9667866269604508e7,2.4330818902790546e8,8.158999767887841e7,2.792216533776042e8,2.4789101869079918e8,4.981775544658776e7,1.3456787035110918e8,3.7076371269716346e8,3.937890096299022e7,3.831114847625325e7,4.968351511264239e7,2.6104885752934176e7,1.239343017943543e7,1.724860136208529e7,2.2616857258283444e7,1.1762183029518306e7,1.3276795681300687e6,1.3020599882377116e6,2.3933351926192444e7,6.535546316719642e6,7.720576852848403e7,1.7565537720304295e8,9.539850538464546e6,9.190780016976818e6,2.179573122844342e6,2.432009511865209e8,1.2504684644036247e8,1.3157638049557364e7,9.495464073946986e6,1.7969060328983787e7,1.3028659051048031e8,6.415301979521891e7,4.848939235740585e7,3.402311745246518e7,1.9695699454658642e7,2.3851032568499174e7,1.5994839065458834e8,3.602031843876578e7,1.2688202358820967e7,2.496939448380226e7,2.371088735020037e8,9.862923224921383e6,5.221115770465673e7,1.1426053081985404e8,1.2113117969090042e8,6.810189711062571e7,9.312984175917964e7,2.0108742470914382e7,1.231066346111226e8,2.599546590691156e8,8.64860062255436e7,2.3091093385473907e8,7.920518734956942e7,2.424024139235647e7,9.443227589896157e7,7.490522957325211e7,6.113256275908621e7,6.0575890162160665e7,3.718636544481498e7,3.614863034982237e7,3.2144977421587e7,5.294892903461554e7,5.101766080233198e7,7.316562446894391e6,8.63299146379812e6,1.432989023896973e8,2.677865147369863e7,8.70993807838695e6,1.0439325052950447e7,5.520589278533136e6,6.523078301155284e7,6.422326381543775e7,2.606291013382437e7,5.82832555457698e7,6.5368136314257905e6,1.6598884919998767e7,1.0769039627033012e8,3.2607365269259315e7,7.763302144451584e7,1.5172120496838288e7,6.71110064645065e6,3.113804885592345e6,3.5672477245128658e6,1.7712419421088449e6,4.1407577245064517e6,1.5153843909313053e7,2.9927831563369352e7,1.7322969162736934e7,3.5305265117896944e6,5.302116865472922e6,2.2245496526544327e6,343065.8073750782,5.278045159829024e7,3.434393437225835e7,3.9200795326663114e7,2.1433076910616107e7,1.1071952492046552e7,1.2773076541593032e7,3.294592244431598e6,8.256931620400196e6,6.0027306089813765e6,4.739575137982881e6,3.295057514430245e6,1.08276264066465e7,6.859532713936435e6,503286.25300115184
2.2255999016451374e7,8.160058218309606e6,7.703619650643894e7,5.945486132183238e6,1.0055966188902171e7,2.8747418345184303e6,3.686618848575347e7,2.288726820056267e7,3.043507053373717e7,2.566084349978739e7,1.495697151016244e7,2.6598378015944805e7,7.843171095647354e6,8.403280280488142e7,2.92675370621425e8,2.419654438127653e8,3.6516516363582814e8,4.1029344715175375e7,7.01161937447933e7,1.8918792193055177e8,9.79609490227895e7,2.287180848053284e7,2.7682327284489125e7,1.2691601203458233e8,7.976997632718082e7,2.377938210416113e7,1.83430539447433e7,1.575170529424681e7,1.879559595344351e7,3.0984799164092146e7,3.3464482187083703e7,4.114998944109381e7,71058.80004945675,1.9336002856086926e6,1.065883515009188e6,5.560413640113155e7,4.344283701437887e7,6.926063066501192e6,4.460832354246997e6,4.5348498560013205e7,8.729600926575972e7,2.202570527027569e7,2.4745274789273474e7,5.720028108081511e7,5.514112755441237e6,4.175284237602775e7,1.8481013931616468e6,1.1126241425985526e7,6.108608022733333e6,6.791851930139053e6,9.22207834764389e7,3.76138149702406e7,7.34598920421526e7,7.772102547908011e7,1.0368132911376454e7,2.0198214917170405e7,3.9934648831413046e7,3.0600963388660353e8,1.0161367779210727e8,3.495863116784855e8,3.134136340827245e8,6.136607177898377e7,1.6410695628818e8,4.5505894451640266e8,4.854175790133904e7,4.869452121949665e7,6.341103328015917e7,3.4422668419815846e7,1.534341333110202e7,2.1039865465585012e7,2.7485453719636533e7,1.3678957741290791e7,1.5856602760842312e6,1.5456774681917764e6,2.830052837469196e7,7.662689855483889e6,1.055912266342658e8,2.4046490964333922e8,1.6629858632978994e7,1.6210129686931117e7,3.723818387108483e6,3.275269121541631e8,1.679703003534467e8,1.768916090756998e7,1.2795653726818215e7,2.408828268835197e7,1.7474747464224786e8,8.590947949885508e7,6.490503658816874e7,4.593196425049891e7,2.6575410547433455e7,3.2218471404853366e7,2.1694738479378015e8,4.873158616272155e7,1.7153196512681507e7,3.3758434829562716e7,3.1868763148061806e8,1.3286649625704559e7,6.783410522877371e7,1.4970036704335538e8,1.5782732234523475e8,8.950538640744025e7,1.252824166904993e8,2.6987591330965772e7,1.6372579871233538e8,3.4586801054749674e8,1.1538860681501211e8,3.087476233919769e8,1.0766127278610972e8,3.3181056572557583e7,1.3568237440098393e8,1.0497402933925912e8,8.53390880225264e7,8.330414255030212e7,5.532365037700201e7,5.364577828885735e7,4.724225445590431e7,8.073770246804531e7,7.865052714959131e7,1.113441005377436e7,1.3188338716434976e7,2.234311771319898e8,4.148655212114237e7,1.3545458980489e7,1.6289080888192827e7,8.6458184731047e6,9.81337848933133e7,9.739777115533635e7,4.1318550937485665e7,9.028928314478493e7,1.0555567611466091e7,3.001840500799889e7,1.7757576203121683e8,5.385568166026827e7,1.2741921780736504e8,2.6577571595256682e7,1.3214898876419049e7,5.636006879869665e6,4.698878430651747e6,1.9654870238227942e6,5.005013128787995e6,2.8887338438169207e7,7.795885164273083e7,4.308297345266515e7,1.0441315346194724e7,3.1108154309957854e7,3.0580933062445642e6,588371.5936156125,3.6736356712313523e6,678500.1063751645,6.3889807832443e6,2.4541036382894474e6,1.3691299450127555e6,3.170964035051362e6,3.051750492641866e6,3.682112460269772e6,3.634203366486964e6,3.4789040653862073e6,2.3251903368156888e6,7.939812184481927e6,6.456757355144486e6,502759.93093375623
2.238126034572268e7,8.225392960146045e6,7.745560012807637e7,5.99850514042478e6,1.0148313541337164e7,2.90675587110859e6,3.7630733788786784e7,2.321250130711783e7,3.069368931065517e7,2.613890269169508e7,1.5492659530082235e7,2.6649129070255626e7,7.779288917273477e6,8.331202460162666e7,2.9187695131954616e8,2.412303045674051e8,3.6414228521872133e8,4.091723717413249e7,6.987196777962317e7,1.887987628249679e8,9.776572015723482e7,2.285735762505069e7,2.7589159995971303e7,1.2645504714988938e8,7.944876299118066e7,2.3619941761761013e7,1.8250742231723346e7,1.5615197575760115e7,1.8654079320214912e7,3.0742900739394963e7,3.3284336634659752e7,4.111863534665848e7,71237.13415596384,1.936053096794629e6,1.063912268630719e6,5.5821535309797786e7,4.341858971374479e7,6.936782402604099e6,4.482940018021274e6,4.561644035388643e7,8.678849847063847e7,2.1978437980556935e7,2.462401966078022e7,5.675488207117251e7,5.428686967557037e6,4.160193111072753e7,1.8602332667058087e6,1.0862428065571524e7,5.975701647077423e6,7.077848138329026e6,9.111596018713611e7,3.716055545809402e7,7.271121250808702e7,7.683482333893456e7,1.0256380593664734e7,1.9948100170455944e7,3.925121598741123e7,3.016222958418559e8,1.0022412203560789e8,3.447020457505729e8,3.0872721313367236e8,6.060710259034044e7,1.6207947755628163e8,4.4925248255068773e8,4.796462115637357e7,4.8026733566714294e7,6.246796812151159e7,3.381003587067015e7,1.5172495834500961e7,2.082536532560445e7,2.7233570932639863e7,1.3596577615796285e7,1.5710646743184328e6,1.5315587022733975e6,2.8043266677116286e7,7.601326721468657e6,1.0347476996830948e8,2.3561419745061925e8,1.6029625657635158e7,1.5601012758342043e7,3.589504534062052e6,3.2022296211260366e8,1.6424939716265747e8,1.729565675072131e7,1.2507888444492012e7,2.3556704874780834e7,1.70928019727534e8,8.402899750476226e7,6.348676574359188e7,4.4908681808725275e7,2.5983746980685525e7,3.149585711524769e7,2.119745067623595e8,4.76259309889061e7,1.6766657504665663e7,3.2995646776521683e7,3.117429533436792e8,1.2991957145530816e7,6.6522775392374076e7,1.467253694552577e8,1.5473866318057266e8,8.777671108490267e7,1.2260257486693428e8,2.6413177321091965e7,1.6032856885139015e8,3.385306875478603e8,1.1291558559950623e8,3.021067081714353e8,1.0513220660925946e8,3.2364897743400566e7,1.3203379676601084e8,1.0233096647720866e8,8.307669955250673e7,8.136328267583941e7,5.369535776109077e7,5.207806680447667e7,4.577141128354193e7,7.79456567894053e7,7.584642420048213e7,1.075331622821556e7,1.2729561046825005e7,2.1548064088895556e8,4.001115234651413e7,1.3059019754148057e7,1.5698394821211603e7,8.325493298854363e6,9.489519770200929e7,9.41329152055226e7,3.986659337729722e7,8.728456171103446e7,1.013587069028354e7,2.8396461145095564e7,1.7090313416609877e8,5.1833983339116424e7,1.2264339945375773e8,2.5475688885826934e7,1.2550809680960655e7,5.411328781580962e6,3.920901824286524e6,1.6315745870953575e6,4.1430522746080463e6,2.5159592024965506e7,7.06734966272911e7,4.013373720363261e7,9.781286803381717e6,2.844328169696602e7,2.958851844125402e6,571658.6119871435,5.862505009698647e6,3.6896160471335277e6,9.686630459210698e6,2.4541036382894474e6,236239.39081107482,1.8450883037434018e6,2.4444167697228845e6,4.0396932752305376e6,3.466862512975156e6,3.6421175653219097e6,2.442945496875798e6,8.313546168993211e6,6.3567806256290255e6,506029.0120695874
